<?xml version="1.0" encoding="UTF-8"?>
<osm version="0.6" generator="Overpass API 0.7.62.11 87bfad18">
<note>The data included in this document is from www.openstreetmap.org. The data is made available under ODbL.</note>
<meta osm_base="2026-06-12T12:14:17Z"/>

  <node id="65438676" lat="37.3522859" lon="-121.9502609">
    <tag k="highway" v="traffic_signals"/>
  </node>
  <node id="65492888" lat="37.3557684" lon="-121.9595549">
    <tag k="highway" v="traffic_signals"/>
  </node>
  <node id="65574658" lat="37.3595179" lon="-121.9478510">
    <tag k="highway" v="traffic_signals"/>
  </node>
  <node id="65596348" lat="37.3609992" lon="-121.9595568">
    <tag k="highway" v="traffic_signals"/>
  </node>
  <node id="282813023" lat="37.3531040" lon="-121.9507053">
    <tag k="highway" v="traffic_signals"/>
  </node>
  <node id="282813043" lat="37.3532309" lon="-121.9507733">
    <tag k="highway" v="traffic_signals"/>
  </node>
  <node id="282813059" lat="37.3523143" lon="-121.9545140">
    <tag k="highway" v="traffic_signals"/>
    <tag k="traffic_signals" v="traffic_lights"/>
  </node>
  <node id="282813089" lat="37.3524571" lon="-121.9546106">
    <tag k="highway" v="traffic_signals"/>
    <tag k="traffic_signals" v="traffic_lights"/>
  </node>
  <node id="282813104" lat="37.3522983" lon="-121.9593905">
    <tag k="highway" v="traffic_signals"/>
    <tag k="traffic_signals" v="traffic_lights"/>
  </node>
  <node id="282813137" lat="37.3524373" lon="-121.9594037">
    <tag k="highway" v="traffic_signals"/>
    <tag k="traffic_signals" v="traffic_lights"/>
  </node>
  <node id="5041442783" lat="37.3524393" lon="-121.9595503">
    <tag k="highway" v="traffic_signals"/>
    <tag k="traffic_signals" v="traffic_lights"/>
  </node>
  <node id="5041442784" lat="37.3522928" lon="-121.9595384">
    <tag k="highway" v="traffic_signals"/>
    <tag k="traffic_signals" v="traffic_lights"/>
  </node>
  <way id="8929055">
    <nd ref="65428612"/>
    <nd ref="6698280565"/>
    <nd ref="4618708205"/>
    <nd ref="4951308870"/>
    <nd ref="4951308874"/>
    <nd ref="65428613"/>
    <nd ref="13470273699"/>
    <nd ref="65428614"/>
    <nd ref="4618697057"/>
    <nd ref="6698269995"/>
    <nd ref="6698261375"/>
    <nd ref="65428617"/>
    <tag k="cycleway:both" v="no"/>
    <tag k="highway" v="residential"/>
    <tag k="lanes" v="2"/>
    <tag k="maxspeed" v="25 mph"/>
    <tag k="name" v="Royal Drive"/>
    <tag k="parking:both" v="lane"/>
    <tag k="parking:both:orientation" v="parallel"/>
    <tag k="sidewalk:both" v="separate"/>
    <tag k="surface" v="asphalt"/>
    <tag k="tiger:cfcc" v="A41"/>
    <tag k="tiger:county" v="Santa Clara, CA"/>
    <tag k="tiger:name_base" v="Royal"/>
    <tag k="tiger:name_type" v="Dr"/>
  </way>
  <way id="8929071">
    <nd ref="65428730"/>
    <nd ref="6630619989"/>
    <nd ref="2933573106"/>
    <nd ref="650850688"/>
    <nd ref="65428733"/>
    <nd ref="12484071688"/>
    <nd ref="12484071697"/>
    <nd ref="65428736"/>
    <nd ref="65428739"/>
    <nd ref="65428741"/>
    <nd ref="65428743"/>
    <nd ref="3245616956"/>
    <nd ref="650837388"/>
    <nd ref="6685707157"/>
    <nd ref="650837385"/>
    <nd ref="6685707184"/>
    <nd ref="6685707183"/>
    <nd ref="65428744"/>
    <nd ref="6689904566"/>
    <nd ref="6689904567"/>
    <nd ref="650837381"/>
    <nd ref="65428746"/>
    <tag k="cycleway:both" v="no"/>
    <tag k="highway" v="residential"/>
    <tag k="lanes" v="2"/>
    <tag k="maxspeed" v="25 mph"/>
    <tag k="name" v="Bray Avenue"/>
    <tag k="sidewalk:left" v="no"/>
    <tag k="sidewalk:right" v="separate"/>
    <tag k="surface" v="asphalt"/>
    <tag k="tiger:cfcc" v="A41"/>
    <tag k="tiger:county" v="Santa Clara, CA"/>
    <tag k="tiger:name_base" v="Bray"/>
    <tag k="tiger:name_type" v="Ave"/>
  </way>
  <way id="8929592">
    <nd ref="65433070"/>
    <nd ref="8608487178"/>
    <nd ref="8608487179"/>
    <nd ref="3642886165"/>
    <nd ref="11586810858"/>
    <nd ref="6644792925"/>
    <nd ref="6659077240"/>
    <nd ref="65433073"/>
    <nd ref="6644792922"/>
    <nd ref="6644792924"/>
    <nd ref="3216814861"/>
    <nd ref="6644792910"/>
    <nd ref="65433076"/>
    <nd ref="3216814862"/>
    <nd ref="6553226741"/>
    <nd ref="288057569"/>
    <nd ref="4927079885"/>
    <nd ref="288057570"/>
    <nd ref="288057571"/>
    <nd ref="4927079884"/>
    <nd ref="4927079883"/>
    <nd ref="288057572"/>
    <nd ref="4927079882"/>
    <nd ref="8557900549"/>
    <nd ref="4877499563"/>
    <tag k="cycleway:both" v="no"/>
    <tag k="highway" v="unclassified"/>
    <tag k="lanes" v="2"/>
    <tag k="maxspeed" v="25 mph"/>
    <tag k="name" v="Clay Street"/>
    <tag k="oneway" v="no"/>
    <tag k="sidewalk:both" v="separate"/>
    <tag k="surface" v="asphalt"/>
    <tag k="tiger:cfcc" v="A41"/>
    <tag k="tiger:county" v="Santa Clara, CA"/>
    <tag k="tiger:name_base" v="Clay"/>
    <tag k="tiger:name_type" v="St"/>
  </way>
  <way id="8932766">
    <nd ref="65454455"/>
    <nd ref="65454456"/>
    <nd ref="65454459"/>
    <tag k="bicycle" v="yes"/>
    <tag k="foot" v="yes"/>
    <tag k="highway" v="residential"/>
    <tag k="name" v="Triton Court"/>
    <tag k="oneway" v="no"/>
    <tag k="surface" v="paved"/>
    <tag k="tiger:county" v="Santa Clara, CA"/>
    <tag k="tiger:name_base" v="Triton"/>
    <tag k="tiger:name_type" v="Ct"/>
  </way>
  <way id="8932768">
    <nd ref="65454461"/>
    <nd ref="6546561888"/>
    <nd ref="65454456"/>
    <tag k="bicycle" v="yes"/>
    <tag k="foot" v="yes"/>
    <tag k="highway" v="residential"/>
    <tag k="name" v="Triton Court"/>
    <tag k="oneway" v="no"/>
    <tag k="surface" v="paved"/>
    <tag k="tiger:county" v="Santa Clara, CA"/>
    <tag k="tiger:name_base" v="Triton"/>
    <tag k="tiger:name_type" v="Ct"/>
  </way>
  <way id="8934387">
    <nd ref="65465745"/>
    <nd ref="6659506055"/>
    <nd ref="6659487657"/>
    <nd ref="6659487655"/>
    <nd ref="431739752"/>
    <nd ref="6473979446"/>
    <nd ref="6659487652"/>
    <nd ref="7298609747"/>
    <nd ref="7714867091"/>
    <tag k="highway" v="residential"/>
    <tag k="name" v="Madison Street"/>
    <tag k="sidewalk:both" v="separate"/>
    <tag k="tiger:cfcc" v="A41"/>
    <tag k="tiger:county" v="Santa Clara, CA"/>
    <tag k="tiger:name_base" v="Madison"/>
    <tag k="tiger:name_type" v="St"/>
  </way>
  <way id="8936614">
    <nd ref="65482959"/>
    <nd ref="6649082187"/>
    <nd ref="1078231519"/>
    <nd ref="65423698"/>
    <nd ref="1078231527"/>
    <nd ref="65482962"/>
    <nd ref="65482964"/>
    <nd ref="65482967"/>
    <nd ref="65482970"/>
    <nd ref="65482973"/>
    <nd ref="65482975"/>
    <nd ref="65482978"/>
    <nd ref="65482981"/>
    <nd ref="6649082221"/>
    <nd ref="65482985"/>
    <tag k="access" v="private"/>
    <tag k="highway" v="residential"/>
    <tag k="maxspeed" v="15 mph"/>
    <tag k="name" v="Rancho McCormick Boulevard"/>
    <tag k="surface" v="asphalt"/>
    <tag k="tiger:county" v="Santa Clara, CA"/>
    <tag k="tiger:name_base" v="Rancho McCormick"/>
    <tag k="tiger:name_type" v="Blvd"/>
  </way>
  <way id="8937826">
    <nd ref="606291498"/>
    <nd ref="650853960"/>
    <nd ref="650853961"/>
    <tag k="highway" v="primary_link"/>
    <tag k="oneway" v="yes"/>
    <tag k="tiger:cfcc" v="A41"/>
    <tag k="tiger:county" v="Santa Clara, CA"/>
    <tag k="tiger:name_base" v="Lafayette"/>
    <tag k="tiger:name_type" v="St"/>
  </way>
  <way id="8937879">
    <nd ref="65492882"/>
    <nd ref="2933573116"/>
    <nd ref="6546454379"/>
    <nd ref="1078266678"/>
    <nd ref="1078266632"/>
    <nd ref="1078266692"/>
    <nd ref="7904840836"/>
    <nd ref="1107726974"/>
    <nd ref="65454461"/>
    <nd ref="2857450935"/>
    <nd ref="1078266603"/>
    <nd ref="2857450934"/>
    <nd ref="65493359"/>
    <nd ref="2560365196"/>
    <nd ref="2857450933"/>
    <nd ref="2857450932"/>
    <nd ref="4913409619"/>
    <nd ref="6569283493"/>
    <nd ref="65493361"/>
    <nd ref="1078266661"/>
    <nd ref="1078266694"/>
    <nd ref="2857450926"/>
    <nd ref="65493364"/>
    <nd ref="5097171656"/>
    <nd ref="2857450927"/>
    <nd ref="1078266796"/>
    <nd ref="1078266641"/>
    <nd ref="1078266696"/>
    <nd ref="1078266599"/>
    <nd ref="9057890940"/>
    <nd ref="9057890941"/>
    <nd ref="9057890950"/>
    <nd ref="6653750856"/>
    <nd ref="6653750855"/>
    <nd ref="65493370"/>
    <nd ref="6653750859"/>
    <nd ref="6653750857"/>
    <nd ref="1108397571"/>
    <tag k="highway" v="unclassified"/>
    <tag k="lanes" v="2"/>
    <tag k="maxspeed" v="25 mph"/>
    <tag k="name" v="Civic Center Drive"/>
    <tag k="sidewalk:both" v="separate"/>
    <tag k="surface" v="asphalt"/>
    <tag k="tiger:county" v="Santa Clara, CA"/>
    <tag k="tiger:name_base" v="Civic Center"/>
    <tag k="tiger:name_type" v="Dr"/>
  </way>
  <way id="8938783">
    <nd ref="65499781"/>
    <nd ref="6641894489"/>
    <nd ref="6644792917"/>
    <nd ref="6644792916"/>
    <nd ref="65499783"/>
    <nd ref="6644792920"/>
    <nd ref="6644792919"/>
    <nd ref="11586798818"/>
    <nd ref="7249358192"/>
    <nd ref="3642886163"/>
    <nd ref="6659077241"/>
    <nd ref="65433073"/>
    <nd ref="6644792923"/>
    <nd ref="6878671384"/>
    <nd ref="6659072509"/>
    <nd ref="6659072508"/>
    <nd ref="282813078"/>
    <tag k="cycleway:both" v="no"/>
    <tag k="highway" v="residential"/>
    <tag k="lanes" v="2"/>
    <tag k="maxspeed" v="25 mph"/>
    <tag k="name" v="Isabella Street"/>
    <tag k="oneway" v="no"/>
    <tag k="surface" v="asphalt"/>
    <tag k="tiger:cfcc" v="A41"/>
    <tag k="tiger:county" v="Santa Clara, CA"/>
    <tag k="tiger:name_base" v="Isabella"/>
    <tag k="tiger:name_type" v="St"/>
  </way>
  <way id="8940664">
    <nd ref="65460311"/>
    <nd ref="6649111229"/>
    <nd ref="461914129"/>
    <nd ref="6649111232"/>
    <nd ref="6649111233"/>
    <nd ref="65511200"/>
    <tag k="HFCS" v="Collector"/>
    <tag k="highway" v="unclassified"/>
    <tag k="maxspeed" v="25 mph"/>
    <tag k="name" v="Cabrillo Avenue"/>
    <tag k="name:etymology" v="Juan Rodríguez Cabrillo"/>
    <tag k="name:etymology:wikidata" v="Q182491"/>
    <tag k="sidewalk:both" v="separate"/>
    <tag k="tiger:county" v="Santa Clara, CA"/>
    <tag k="tiger:name_base" v="Cabrillo"/>
    <tag k="tiger:name_type" v="Ave"/>
  </way>
  <way id="8944250">
    <nd ref="65527944"/>
    <nd ref="5388543491"/>
    <nd ref="7312068118"/>
    <nd ref="5388543497"/>
    <nd ref="5388543500"/>
    <nd ref="65527945"/>
    <nd ref="651208348"/>
    <tag k="highway" v="tertiary"/>
    <tag k="name" v="Di Giulio Avenue"/>
    <tag k="tiger:cfcc" v="A41"/>
    <tag k="tiger:county" v="Santa Clara, CA"/>
    <tag k="tiger:name_base" v="Di Giulio; Ronald"/>
    <tag k="tiger:name_type" v="Ave; St"/>
  </way>
  <way id="8945408">
    <nd ref="65532706"/>
    <nd ref="6634672662"/>
    <nd ref="6634672661"/>
    <nd ref="4876747139"/>
    <nd ref="7113660357"/>
    <nd ref="6634672671"/>
    <nd ref="65532710"/>
    <nd ref="6635692944"/>
    <nd ref="7933489205"/>
    <nd ref="6685713962"/>
    <nd ref="65532712"/>
    <nd ref="6685713964"/>
    <nd ref="8410676612"/>
    <nd ref="8484597886"/>
    <nd ref="6685674172"/>
    <nd ref="6685674171"/>
    <nd ref="65438668"/>
    <nd ref="6678094997"/>
    <nd ref="6678094998"/>
    <nd ref="7547149979"/>
    <nd ref="13741725994"/>
    <nd ref="2619191153"/>
    <nd ref="6678094995"/>
    <nd ref="282812955"/>
    <tag k="cycleway:both" v="no"/>
    <tag k="highway" v="residential"/>
    <tag k="name" v="Washington Street"/>
    <tag k="sidewalk" v="both"/>
    <tag k="tiger:cfcc" v="A41"/>
    <tag k="tiger:county" v="Santa Clara, CA"/>
    <tag k="tiger:name_base" v="Washington"/>
    <tag k="tiger:name_type" v="St"/>
  </way>
  <way id="8946660">
    <nd ref="65539435"/>
    <nd ref="8652602727"/>
    <nd ref="5990801732"/>
    <nd ref="5990962163"/>
    <nd ref="6575755783"/>
    <nd ref="65541011"/>
    <nd ref="6575755782"/>
    <nd ref="5990962164"/>
    <nd ref="6630577850"/>
    <nd ref="65448969"/>
    <nd ref="6630577848"/>
    <nd ref="6634345816"/>
    <nd ref="6630577847"/>
    <nd ref="65541013"/>
    <nd ref="6634345818"/>
    <nd ref="6634305569"/>
    <nd ref="6634345817"/>
    <nd ref="65452744"/>
    <nd ref="6634345819"/>
    <nd ref="6634345802"/>
    <nd ref="6634345801"/>
    <nd ref="65434009"/>
    <nd ref="6634318347"/>
    <nd ref="6634345803"/>
    <nd ref="6634664098"/>
    <nd ref="65541015"/>
    <nd ref="6634664096"/>
    <nd ref="6634664106"/>
    <nd ref="65541017"/>
    <nd ref="6641870852"/>
    <nd ref="6641870851"/>
    <nd ref="6641870850"/>
    <nd ref="65541020"/>
    <nd ref="6659487658"/>
    <nd ref="6659487660"/>
    <nd ref="5910844207"/>
    <nd ref="6659487650"/>
    <nd ref="6659487648"/>
    <nd ref="65438682"/>
    <nd ref="6473979430"/>
    <nd ref="6659487651"/>
    <nd ref="7298609750"/>
    <nd ref="8608498274"/>
    <nd ref="6473979429"/>
    <nd ref="282813048"/>
    <tag k="cycleway:both" v="lane"/>
    <tag k="cycleway:both:lane" v="exclusive"/>
    <tag k="highway" v="residential"/>
    <tag k="lanes" v="2"/>
    <tag k="lit" v="yes"/>
    <tag k="maxspeed" v="25 mph"/>
    <tag k="name" v="Jefferson Street"/>
    <tag k="sidewalk:both" v="separate"/>
    <tag k="source:maxspeed" v="sign"/>
    <tag k="surface" v="asphalt"/>
    <tag k="tiger:cfcc" v="A41"/>
    <tag k="tiger:county" v="Santa Clara, CA"/>
    <tag k="tiger:name_base" v="Jefferson"/>
    <tag k="tiger:name_type" v="St"/>
  </way>
  <way id="8946716">
    <nd ref="65541699"/>
    <nd ref="6856851586"/>
    <nd ref="8410858717"/>
    <nd ref="431712871"/>
    <nd ref="65524566"/>
    <tag k="abutters" v="industrial"/>
    <tag k="highway" v="unclassified"/>
    <tag k="name" v="Parker Street"/>
    <tag k="tiger:cfcc" v="A41"/>
    <tag k="tiger:county" v="Santa Clara, CA"/>
    <tag k="tiger:name_base" v="Parker"/>
    <tag k="tiger:name_type" v="St"/>
  </way>
  <way id="8950452">
    <nd ref="65572027"/>
    <nd ref="282818692"/>
    <nd ref="4951309150"/>
    <nd ref="282818693"/>
    <nd ref="65572028"/>
    <tag k="highway" v="residential"/>
    <tag k="lanes" v="2"/>
    <tag k="maxspeed" v="25 mph"/>
    <tag k="name" v="Don Court"/>
    <tag k="oneway" v="no"/>
    <tag k="surface" v="asphalt"/>
    <tag k="tiger:cfcc" v="A41"/>
    <tag k="tiger:county" v="Santa Clara, CA"/>
    <tag k="tiger:name_base" v="Don"/>
    <tag k="tiger:name_type" v="Ct"/>
  </way>
  <way id="8950785">
    <nd ref="65532717"/>
    <nd ref="6652442232"/>
    <nd ref="6652462402"/>
    <nd ref="65460305"/>
    <nd ref="6653983579"/>
    <nd ref="6653983581"/>
    <nd ref="65574616"/>
    <nd ref="6653983578"/>
    <nd ref="65574619"/>
    <nd ref="6653983576"/>
    <nd ref="1108397537"/>
    <nd ref="6653983573"/>
    <nd ref="6653983574"/>
    <nd ref="65574622"/>
    <nd ref="6653983572"/>
    <nd ref="1108397541"/>
    <nd ref="6653989285"/>
    <nd ref="65574624"/>
    <tag k="highway" v="residential"/>
    <tag k="name" v="Reed Street"/>
    <tag k="sidewalk:both" v="separate"/>
    <tag k="tiger:cfcc" v="A41"/>
    <tag k="tiger:county" v="Santa Clara, CA"/>
    <tag k="tiger:name_base" v="Reed"/>
    <tag k="tiger:name_type" v="St"/>
  </way>
  <way id="8950788">
    <nd ref="5057939934"/>
    <nd ref="5388437759"/>
    <nd ref="5388437757"/>
    <nd ref="3694442460"/>
    <nd ref="5388437755"/>
    <nd ref="1254778879"/>
    <nd ref="1341967044"/>
    <nd ref="431715834"/>
    <nd ref="1254778882"/>
    <nd ref="65574645"/>
    <nd ref="65574654"/>
    <nd ref="3678005436"/>
    <nd ref="3678005435"/>
    <nd ref="286891691"/>
    <nd ref="7138280190"/>
    <nd ref="11150025276"/>
    <nd ref="7138227083"/>
    <nd ref="65574656"/>
    <nd ref="11464394658"/>
    <nd ref="3678005434"/>
    <nd ref="286891692"/>
    <nd ref="7930961573"/>
    <nd ref="2338321894"/>
    <nd ref="258339031"/>
    <nd ref="286891693"/>
    <nd ref="65574658"/>
    <tag k="HFCS" v="Collector"/>
    <tag k="highway" v="tertiary"/>
    <tag k="name" v="Reed Street"/>
    <tag k="surface" v="asphalt"/>
    <tag k="tiger:cfcc" v="A41"/>
    <tag k="tiger:county" v="Santa Clara, CA"/>
    <tag k="tiger:name_base" v="Reed"/>
    <tag k="tiger:name_type" v="St"/>
  </way>
  <way id="8953104">
    <nd ref="65584611"/>
    <nd ref="8674501890"/>
    <nd ref="65584612"/>
    <tag k="highway" v="residential"/>
    <tag k="lanes" v="2"/>
    <tag k="maxspeed" v="25 mph"/>
    <tag k="name" v="Jackson Court"/>
    <tag k="oneway" v="no"/>
    <tag k="sidewalk:both" v="separate"/>
    <tag k="surface" v="asphalt"/>
    <tag k="tiger:cfcc" v="A41"/>
    <tag k="tiger:county" v="Santa Clara, CA"/>
    <tag k="tiger:name_base" v="Jackson"/>
    <tag k="tiger:name_type" v="Ct"/>
  </way>
  <way id="8953192">
    <nd ref="65574616"/>
    <nd ref="6652450375"/>
    <nd ref="65585226"/>
    <tag k="highway" v="service"/>
    <tag k="name" v="Fraser Place"/>
    <tag k="tiger:county" v="Santa Clara, CA"/>
    <tag k="tiger:name_base" v="Fraser"/>
    <tag k="tiger:name_type" v="Pl"/>
  </way>
  <way id="8955072">
    <nd ref="65595826"/>
    <nd ref="6556820096"/>
    <nd ref="6556820094"/>
    <nd ref="282818712"/>
    <nd ref="282818713"/>
    <nd ref="65572027"/>
    <nd ref="65595827"/>
    <nd ref="65595830"/>
    <nd ref="4951309136"/>
    <nd ref="65595832"/>
    <nd ref="1078266713"/>
    <nd ref="13307813797"/>
    <nd ref="4951309154"/>
    <nd ref="8608701199"/>
    <nd ref="8608701198"/>
    <nd ref="6009776895"/>
    <nd ref="65492871"/>
    <tag k="highway" v="unclassified"/>
    <tag k="name" v="Don Avenue"/>
    <tag k="oneway" v="no"/>
    <tag k="surface" v="asphalt"/>
    <tag k="tiger:cfcc" v="A41"/>
    <tag k="tiger:county" v="Santa Clara, CA"/>
    <tag k="tiger:name_base" v="Don"/>
    <tag k="tiger:name_type" v="Ave"/>
  </way>
  <way id="8956252">
    <nd ref="65460310"/>
    <nd ref="6652450379"/>
    <nd ref="6652450380"/>
    <nd ref="4606318927"/>
    <nd ref="65584611"/>
    <nd ref="6652450349"/>
    <nd ref="6652450350"/>
    <nd ref="65574619"/>
    <tag k="highway" v="residential"/>
    <tag k="lanes" v="2"/>
    <tag k="maxspeed" v="25 mph"/>
    <tag k="name" v="Jackson Street"/>
    <tag k="sidewalk:both" v="separate"/>
    <tag k="surface" v="asphalt"/>
    <tag k="tiger:cfcc" v="A41"/>
    <tag k="tiger:county" v="Santa Clara, CA"/>
    <tag k="tiger:name_base" v="Jackson"/>
    <tag k="tiger:name_type" v="St"/>
  </way>
  <way id="8962055">
    <nd ref="65635213"/>
    <nd ref="6649081673"/>
    <nd ref="65635214"/>
    <nd ref="6649081675"/>
    <nd ref="65635217"/>
    <nd ref="6649081670"/>
    <nd ref="6649081669"/>
    <nd ref="65596342"/>
    <tag k="highway" v="residential"/>
    <tag k="name" v="Stardust Court"/>
    <tag k="tiger:cfcc" v="A41"/>
    <tag k="tiger:county" v="Santa Clara, CA"/>
    <tag k="tiger:name_base" v="Stardust"/>
    <tag k="tiger:name_type" v="Ct"/>
  </way>
  <way id="8963245">
    <nd ref="65460317"/>
    <nd ref="6649103479"/>
    <nd ref="3107944649"/>
    <nd ref="6649103469"/>
    <nd ref="65596343"/>
    <nd ref="6649081667"/>
    <nd ref="3107944647"/>
    <nd ref="6649081671"/>
    <nd ref="65635214"/>
    <tag k="highway" v="residential"/>
    <tag k="lanes" v="2"/>
    <tag k="name" v="Sahara Way"/>
    <tag k="surface" v="asphalt"/>
    <tag k="tiger:cfcc" v="A41"/>
    <tag k="tiger:county" v="Santa Clara, CA"/>
    <tag k="tiger:name_base" v="Sahara"/>
    <tag k="tiger:name_type" v="Way"/>
  </way>
  <way id="8963596">
    <nd ref="65492857"/>
    <nd ref="6652462387"/>
    <nd ref="65643135"/>
    <nd ref="3678002361"/>
    <nd ref="282149571"/>
    <tag k="highway" v="residential"/>
    <tag k="name" v="Loveland Court"/>
    <tag k="tiger:cfcc" v="A41"/>
    <tag k="tiger:county" v="Santa Clara, CA"/>
    <tag k="tiger:name_base" v="Loveland"/>
    <tag k="tiger:name_type" v="Ct"/>
  </way>
  <way id="8963879">
    <nd ref="65541116"/>
    <nd ref="6571815530"/>
    <nd ref="6571815536"/>
    <nd ref="65575673"/>
    <nd ref="6571815532"/>
    <nd ref="4927079869"/>
    <nd ref="6571815528"/>
    <nd ref="65645287"/>
    <nd ref="6553226745"/>
    <nd ref="4927079861"/>
    <nd ref="6641894497"/>
    <nd ref="6641894496"/>
    <nd ref="65645289"/>
    <nd ref="6641894498"/>
    <nd ref="6644792908"/>
    <nd ref="65568795"/>
    <nd ref="6644792911"/>
    <nd ref="65433076"/>
    <nd ref="6644792914"/>
    <nd ref="2619191071"/>
    <nd ref="6553226742"/>
    <nd ref="282813107"/>
    <tag k="cycleway:both" v="no"/>
    <tag k="highway" v="unclassified"/>
    <tag k="lanes" v="2"/>
    <tag k="lit" v="yes"/>
    <tag k="maxspeed" v="25 mph"/>
    <tag k="name" v="Pierce Street"/>
    <tag k="oneway" v="no"/>
    <tag k="sidewalk:both" v="separate"/>
    <tag k="surface" v="asphalt"/>
    <tag k="tiger:cfcc" v="A41"/>
    <tag k="tiger:county" v="Santa Clara, CA"/>
    <tag k="tiger:name_base" v="Pierce"/>
    <tag k="tiger:name_type" v="St"/>
  </way>
  <way id="8965205">
    <nd ref="65492865"/>
    <nd ref="6653983583"/>
    <nd ref="6653983584"/>
    <nd ref="6653989289"/>
    <nd ref="65574624"/>
    <nd ref="6653989287"/>
    <nd ref="8608701200"/>
    <nd ref="65654490"/>
    <tag k="highway" v="residential"/>
    <tag k="name" v="Fillmore Street"/>
    <tag k="tiger:cfcc" v="A41"/>
    <tag k="tiger:county" v="Santa Clara, CA"/>
    <tag k="tiger:name_base" v="Fillmore"/>
    <tag k="tiger:name_type" v="St"/>
  </way>
  <way id="8967896">
    <nd ref="6009776777"/>
    <nd ref="6009776767"/>
    <nd ref="65670923"/>
    <nd ref="6009776765"/>
    <nd ref="65670926"/>
    <nd ref="6009776766"/>
    <tag k="highway" v="service"/>
    <tag k="name" v="Park Vista Circle"/>
    <tag k="service" v="alley"/>
    <tag k="sidewalk" v="no"/>
    <tag k="surface" v="asphalt"/>
    <tag k="tiger:county" v="Santa Clara, CA"/>
    <tag k="tiger:name_base" v="Park Vista"/>
    <tag k="tiger:name_type" v="Cir"/>
  </way>
  <way id="25926300">
    <nd ref="282812941"/>
    <nd ref="6653794174"/>
    <nd ref="282812942"/>
    <nd ref="6653794177"/>
    <nd ref="65493376"/>
    <nd ref="6653794175"/>
    <nd ref="6653874388"/>
    <nd ref="6653874385"/>
    <nd ref="65532714"/>
    <nd ref="6653831582"/>
    <nd ref="6653874387"/>
    <nd ref="6652462392"/>
    <nd ref="65492858"/>
    <nd ref="6652442248"/>
    <nd ref="6652442236"/>
    <nd ref="65532717"/>
    <nd ref="6652442234"/>
    <nd ref="282812931"/>
    <nd ref="282812927"/>
    <nd ref="65532721"/>
    <nd ref="282812928"/>
    <nd ref="282812943"/>
    <nd ref="6652450384"/>
    <nd ref="6652450383"/>
    <nd ref="6652450387"/>
    <nd ref="6652450386"/>
    <nd ref="65460307"/>
    <tag k="highway" v="residential"/>
    <tag k="name" v="Washington Street"/>
    <tag k="sidewalk:both" v="separate"/>
    <tag k="surface" v="asphalt"/>
    <tag k="tiger:cfcc" v="A41"/>
    <tag k="tiger:county" v="Santa Clara, CA"/>
    <tag k="tiger:name_base" v="Washington"/>
    <tag k="tiger:name_type" v="St"/>
  </way>
  <way id="25926304">
    <nd ref="65460286"/>
    <nd ref="6634620868"/>
    <nd ref="6634620871"/>
    <nd ref="8675351956"/>
    <nd ref="6634672674"/>
    <nd ref="65460288"/>
    <nd ref="6635692950"/>
    <nd ref="6685700805"/>
    <nd ref="6685700804"/>
    <nd ref="65460296"/>
    <nd ref="6685700802"/>
    <nd ref="6685700806"/>
    <nd ref="8410676606"/>
    <nd ref="6685700816"/>
    <nd ref="6685700815"/>
    <nd ref="65438670"/>
    <nd ref="6685713977"/>
    <nd ref="6685700817"/>
    <nd ref="7087874115"/>
    <nd ref="2619191143"/>
    <nd ref="6685713978"/>
    <nd ref="282812954"/>
    <nd ref="282812991"/>
    <nd ref="2619191147"/>
    <nd ref="6653889004"/>
    <nd ref="4951309121"/>
    <nd ref="6653794170"/>
    <nd ref="65460298"/>
    <nd ref="6653794168"/>
    <nd ref="6653831579"/>
    <nd ref="6653831574"/>
    <nd ref="65460301"/>
    <nd ref="6653831577"/>
    <nd ref="6653831578"/>
    <nd ref="6652462420"/>
    <nd ref="65460303"/>
    <nd ref="6652462418"/>
    <nd ref="8410858728"/>
    <nd ref="6653983580"/>
    <nd ref="65460305"/>
    <nd ref="6652450382"/>
    <nd ref="7192441733"/>
    <nd ref="6652450403"/>
    <nd ref="65460307"/>
    <nd ref="6652450401"/>
    <nd ref="4605791137"/>
    <nd ref="4603908302"/>
    <nd ref="65460308"/>
    <nd ref="3245626603"/>
    <nd ref="3245626604"/>
    <nd ref="288057248"/>
    <nd ref="288057249"/>
    <nd ref="4951308920"/>
    <nd ref="65460310"/>
    <nd ref="6649111231"/>
    <nd ref="65460311"/>
    <tag k="cycleway:both" v="no"/>
    <tag k="highway" v="unclassified"/>
    <tag k="lanes" v="2"/>
    <tag k="maxspeed" v="25 mph"/>
    <tag k="name" v="Main Street"/>
    <tag k="sidewalk:both" v="separate"/>
    <tag k="surface" v="asphalt"/>
    <tag k="tiger:cfcc" v="A41"/>
    <tag k="tiger:county" v="Santa Clara, CA"/>
    <tag k="tiger:name_base" v="Main"/>
    <tag k="tiger:name_type" v="St"/>
  </way>
  <way id="25926318">
    <nd ref="282813027"/>
    <nd ref="6653889005"/>
    <nd ref="2619191141"/>
    <nd ref="7547149963"/>
    <nd ref="8484540625"/>
    <nd ref="6653888989"/>
    <nd ref="65493374"/>
    <nd ref="6653888986"/>
    <nd ref="7934024683"/>
    <nd ref="6653750838"/>
    <nd ref="6653750837"/>
    <nd ref="65576991"/>
    <nd ref="6653750832"/>
    <nd ref="6653750839"/>
    <nd ref="6653750827"/>
    <nd ref="6653750826"/>
    <nd ref="65492859"/>
    <tag k="highway" v="residential"/>
    <tag k="lanes" v="2"/>
    <tag k="maxspeed" v="25 mph"/>
    <tag k="name" v="Jackson Street"/>
    <tag k="surface" v="asphalt"/>
    <tag k="tiger:cfcc" v="A41"/>
    <tag k="tiger:county" v="Santa Clara, CA"/>
    <tag k="tiger:name_base" v="Jackson"/>
    <tag k="tiger:name_type" v="St"/>
  </way>
  <way id="25926320">
    <nd ref="65596342"/>
    <nd ref="282818585"/>
    <nd ref="282818673"/>
    <nd ref="4181855195"/>
    <nd ref="8414680896"/>
    <nd ref="282818587"/>
    <nd ref="4181855196"/>
    <nd ref="4181855197"/>
    <tag k="cycleway" v="lane"/>
    <tag k="highway" v="secondary"/>
    <tag k="lanes" v="2"/>
    <tag k="maxspeed" v="30 mph"/>
    <tag k="name" v="Monroe Street"/>
    <tag k="sidewalk" v="both"/>
    <tag k="surface" v="asphalt"/>
    <tag k="tiger:cfcc" v="A41"/>
    <tag k="tiger:county" v="Santa Clara, CA"/>
    <tag k="tiger:name_base" v="Monroe"/>
    <tag k="tiger:name_direction_prefix" v="N"/>
    <tag k="tiger:name_type" v="St"/>
  </way>
  <way id="25926332">
    <nd ref="5053172377"/>
    <nd ref="1078266657"/>
    <nd ref="282818906"/>
    <nd ref="282818905"/>
    <nd ref="282818904"/>
    <nd ref="282818903"/>
    <nd ref="282818902"/>
    <nd ref="5053172378"/>
    <tag k="HFCS" v="Collector"/>
    <tag k="highway" v="tertiary"/>
    <tag k="lanes" v="4"/>
    <tag k="maxspeed" v="25 mph"/>
    <tag k="name" v="Lincoln Street"/>
    <tag k="surface" v="asphalt"/>
    <tag k="tiger:cfcc" v="A41"/>
    <tag k="tiger:county" v="Santa Clara, CA"/>
    <tag k="tiger:name_base" v="Lincoln"/>
    <tag k="tiger:name_type" v="St"/>
  </way>
  <way id="28617020">
    <nd ref="4176992226"/>
    <nd ref="6447653009"/>
    <nd ref="6634337008"/>
    <nd ref="6634379024"/>
    <nd ref="65434011"/>
    <nd ref="6634337023"/>
    <nd ref="7200636110"/>
    <nd ref="6645718937"/>
    <nd ref="65541114"/>
    <nd ref="6645718935"/>
    <nd ref="6634664107"/>
    <nd ref="65575671"/>
    <nd ref="6641870856"/>
    <nd ref="6641870861"/>
    <nd ref="65644073"/>
    <nd ref="6659461551"/>
    <nd ref="6659461550"/>
    <nd ref="283534572"/>
    <nd ref="6659461546"/>
    <nd ref="6659461542"/>
    <nd ref="65438684"/>
    <nd ref="6659461543"/>
    <nd ref="65433070"/>
    <nd ref="4176992228"/>
    <tag k="HFCS" v="Minor Arterial"/>
    <tag k="abutters" v="residential"/>
    <tag k="cycleway:both" v="no"/>
    <tag k="highway" v="secondary"/>
    <tag k="lanes" v="2"/>
    <tag k="lit" v="yes"/>
    <tag k="maxspeed" v="25 mph"/>
    <tag k="name" v="Lincoln Street"/>
    <tag k="sidewalk:both" v="separate"/>
    <tag k="surface" v="asphalt"/>
    <tag k="tiger:cfcc" v="A41"/>
    <tag k="tiger:county" v="Santa Clara, CA"/>
    <tag k="tiger:name_base" v="Lincoln"/>
    <tag k="tiger:name_type" v="St"/>
  </way>
  <way id="37114274">
    <nd ref="65524566"/>
    <nd ref="431713207"/>
    <nd ref="5388543514"/>
    <nd ref="5388543520"/>
    <nd ref="5388543510"/>
    <nd ref="5388543512"/>
    <nd ref="4626757904"/>
    <nd ref="651208343"/>
    <tag k="highway" v="residential"/>
    <tag k="name" v="Parker Court"/>
    <tag k="tiger:cfcc" v="A41"/>
    <tag k="tiger:county" v="Santa Clara, CA"/>
    <tag k="tiger:name_base" v="Parker"/>
    <tag k="tiger:name_type" v="Ct"/>
  </way>
  <way id="47471817">
    <nd ref="65438668"/>
    <nd ref="6685674170"/>
    <nd ref="6685674173"/>
    <nd ref="6685700818"/>
    <nd ref="65438670"/>
    <nd ref="6685700819"/>
    <nd ref="6685700812"/>
    <nd ref="65438674"/>
    <nd ref="6659520180"/>
    <nd ref="6659520179"/>
    <nd ref="65438676"/>
    <tag k="HFCS" v="Collector"/>
    <tag k="highway" v="unclassified"/>
    <tag k="maxspeed" v="25 mph"/>
    <tag k="name" v="Lewis Street"/>
    <tag k="oneway" v="no"/>
    <tag k="sidewalk:both" v="separate"/>
    <tag k="surface" v="asphalt"/>
    <tag k="tiger:cfcc" v="A41"/>
    <tag k="tiger:county" v="Santa Clara, CA"/>
    <tag k="tiger:name_base" v="Lewis"/>
    <tag k="tiger:name_type" v="St"/>
  </way>
  <way id="47653639">
    <nd ref="65577932"/>
    <nd ref="3733958216"/>
    <tag k="HFCS" v="Principal Arterial"/>
    <tag k="abutters" v="industrial"/>
    <tag k="cycleway:both" v="no"/>
    <tag k="highway" v="primary"/>
    <tag k="maxheight" v="15'"/>
    <tag k="maxspeed" v="30 mph"/>
    <tag k="name" v="Lafayette Street"/>
    <tag k="sidewalk" v="no"/>
    <tag k="source:maxspeed" v="sign"/>
    <tag k="tiger:cfcc" v="A41"/>
    <tag k="tiger:county" v="Santa Clara, CA"/>
    <tag k="tiger:name_base" v="Lafayette"/>
    <tag k="tiger:name_type" v="St"/>
  </way>
  <way id="47653640">
    <nd ref="606291498"/>
    <nd ref="6649103466"/>
    <nd ref="606291500"/>
    <tag k="highway" v="unclassified"/>
    <tag k="name" v="Lafayette Street"/>
  </way>
  <way id="47653642">
    <nd ref="12975337826"/>
    <nd ref="12975337823"/>
    <nd ref="12975337824"/>
    <nd ref="3612914316"/>
    <nd ref="12975337825"/>
    <nd ref="3612914329"/>
    <tag k="bicycle" v="designated"/>
    <tag k="foot" v="designated"/>
    <tag k="highway" v="cycleway"/>
  </way>
  <way id="50981828">
    <nd ref="65460311"/>
    <nd ref="6649111227"/>
    <nd ref="6860035204"/>
    <nd ref="65460313"/>
    <nd ref="6487383601"/>
    <nd ref="6649103478"/>
    <nd ref="65460317"/>
    <nd ref="6649103475"/>
    <nd ref="6649103472"/>
    <nd ref="6487383600"/>
    <nd ref="8691587671"/>
    <nd ref="65460320"/>
    <tag k="highway" v="residential"/>
    <tag k="lane_markings" v="no"/>
    <tag k="name" v="Main Street"/>
    <tag k="sidewalk:both" v="separate"/>
    <tag k="surface" v="asphalt"/>
    <tag k="tiger:cfcc" v="A41"/>
    <tag k="tiger:county" v="Santa Clara, CA"/>
    <tag k="tiger:name_base" v="Main"/>
    <tag k="tiger:name_type" v="St"/>
  </way>
  <way id="51042079">
    <nd ref="650850687"/>
    <nd ref="12484071692"/>
    <nd ref="650850690"/>
    <nd ref="650850688"/>
    <tag k="highway" v="service"/>
    <tag k="layer" v="1"/>
    <tag k="oneway" v="yes"/>
    <tag k="service" v="driveway"/>
    <tag k="surface" v="asphalt"/>
  </way>
  <way id="51042080">
    <nd ref="5041442786"/>
    <nd ref="6546454216"/>
    <nd ref="650850691"/>
    <nd ref="650850687"/>
    <nd ref="650850683"/>
    <nd ref="650850684"/>
    <nd ref="650850681"/>
    <nd ref="650850682"/>
    <nd ref="12864291817"/>
    <nd ref="6546454221"/>
    <nd ref="650850685"/>
    <tag k="highway" v="service"/>
    <tag k="oneway" v="no"/>
    <tag k="service" v="driveway"/>
    <tag k="surface" v="asphalt"/>
  </way>
  <way id="51042082">
    <nd ref="650850691"/>
    <nd ref="650850689"/>
    <nd ref="12484071699"/>
    <nd ref="650850690"/>
    <tag k="check_date:surface" v="2023-05-09"/>
    <tag k="highway" v="service"/>
    <tag k="oneway" v="yes"/>
    <tag k="service" v="parking_aisle"/>
    <tag k="surface" v="asphalt"/>
  </way>
  <way id="51043084">
    <nd ref="606291498"/>
    <nd ref="12975337832"/>
    <nd ref="12975337836"/>
    <nd ref="65492857"/>
    <nd ref="12975337835"/>
    <nd ref="5956232911"/>
    <nd ref="6652462395"/>
    <nd ref="6652462390"/>
    <nd ref="65492858"/>
    <tag k="highway" v="unclassified"/>
    <tag k="name" v="Warburton Avenue"/>
    <tag k="tiger:cfcc" v="A41"/>
    <tag k="tiger:county" v="Santa Clara, CA"/>
    <tag k="tiger:name_base" v="Warburton"/>
    <tag k="tiger:name_type" v="Ave"/>
  </way>
  <way id="51047114">
    <nd ref="65493377"/>
    <nd ref="6678074375"/>
    <nd ref="7229601206"/>
    <nd ref="7229601224"/>
    <nd ref="9480704366"/>
    <nd ref="65493379"/>
    <tag k="highway" v="residential"/>
    <tag k="name" v="Civic Center Drive"/>
    <tag k="tiger:cfcc" v="A41"/>
    <tag k="tiger:county" v="Santa Clara, CA"/>
    <tag k="tiger:name_base" v="Civic Center"/>
    <tag k="tiger:name_type" v="Dr"/>
  </way>
  <way id="51050387">
    <nd ref="65576987"/>
    <nd ref="6653794867"/>
    <nd ref="6653794865"/>
    <nd ref="6653874389"/>
    <nd ref="6653831583"/>
    <nd ref="65532714"/>
    <nd ref="6653874386"/>
    <nd ref="6653874390"/>
    <nd ref="6653831576"/>
    <nd ref="6653831581"/>
    <nd ref="65460301"/>
    <nd ref="6653831575"/>
    <nd ref="6653831580"/>
    <nd ref="6653750834"/>
    <nd ref="65576991"/>
    <nd ref="6653750836"/>
    <nd ref="1108397545"/>
    <tag k="highway" v="residential"/>
    <tag k="lanes" v="2"/>
    <tag k="maxspeed" v="25 mph"/>
    <tag k="name" v="Reeve Street"/>
    <tag k="surface" v="asphalt"/>
    <tag k="tiger:county" v="Santa Clara, CA"/>
    <tag k="tiger:name_base" v="Reeve"/>
    <tag k="tiger:name_type" v="St"/>
  </way>
  <way id="51062022">
    <nd ref="286891668"/>
    <nd ref="286891669"/>
    <nd ref="286891670"/>
    <nd ref="4614693805"/>
    <nd ref="7312068142"/>
    <nd ref="8410790879"/>
    <nd ref="65639495"/>
    <tag k="highway" v="unclassified"/>
    <tag k="name" v="Ronald Street"/>
    <tag k="tiger:cfcc" v="A41"/>
    <tag k="tiger:county" v="Santa Clara, CA"/>
    <tag k="tiger:name_base" v="Di Giulio; Ronald"/>
    <tag k="tiger:name_type" v="Ave; St"/>
  </way>
  <way id="51062023">
    <nd ref="651208343"/>
    <nd ref="65524568"/>
    <nd ref="286891678"/>
    <tag k="abutters" v="industrial"/>
    <tag k="highway" v="unclassified"/>
    <tag k="name" v="Parker Court"/>
    <tag k="tiger:cfcc" v="A41"/>
    <tag k="tiger:county" v="Santa Clara, CA"/>
    <tag k="tiger:name_base" v="Parker"/>
    <tag k="tiger:name_type" v="Ct"/>
  </way>
  <way id="51062024">
    <nd ref="651208348"/>
    <nd ref="6863958539"/>
    <nd ref="7094892728"/>
    <nd ref="286891667"/>
    <nd ref="6863958535"/>
    <nd ref="7094892719"/>
    <nd ref="7312068136"/>
    <nd ref="65527946"/>
    <nd ref="286891668"/>
    <tag k="highway" v="tertiary"/>
    <tag k="name" v="Di Giulio Avenue"/>
    <tag k="tiger:cfcc" v="A41"/>
    <tag k="tiger:county" v="Santa Clara, CA"/>
    <tag k="tiger:name_base" v="Di Giulio;Ronald"/>
    <tag k="tiger:name_type" v="Ave;St"/>
  </way>
  <way id="52512129">
    <nd ref="667367325"/>
    <nd ref="667367314"/>
    <nd ref="13741725990"/>
    <nd ref="667367329"/>
    <nd ref="314511208"/>
    <tag k="abutters" v="commercial"/>
    <tag k="cycleway:both" v="no"/>
    <tag k="highway" v="primary"/>
    <tag k="lanes" v="5"/>
    <tag k="lanes:backward" v="2"/>
    <tag k="lanes:forward" v="3"/>
    <tag k="maxspeed" v="30 mph"/>
    <tag k="name" v="Lafayette Street"/>
    <tag k="oneway" v="yes"/>
    <tag k="sidewalk:both" v="separate"/>
    <tag k="source:maxspeed" v="sign"/>
    <tag k="surface" v="asphalt"/>
    <tag k="tiger:cfcc" v="A41"/>
    <tag k="tiger:county" v="Santa Clara, CA"/>
    <tag k="tiger:name_base" v="Lafayette"/>
    <tag k="tiger:name_type" v="St"/>
    <tag k="turn:lanes:forward" v="left||"/>
  </way>
  <way id="52512130">
    <nd ref="667367317"/>
    <nd ref="667367296"/>
    <nd ref="6653798696"/>
    <nd ref="667367288"/>
    <tag k="highway" v="service"/>
    <tag k="oneway" v="yes"/>
    <tag k="service" v="drive-through"/>
    <tag k="surface" v="asphalt"/>
  </way>
  <way id="52512131">
    <nd ref="667367295"/>
    <nd ref="6653798695"/>
    <nd ref="667367297"/>
    <nd ref="667367312"/>
    <nd ref="667367299"/>
    <tag k="highway" v="service"/>
    <tag k="oneway" v="yes"/>
    <tag k="surface" v="asphalt"/>
  </way>
  <way id="52512133">
    <nd ref="667367296"/>
    <nd ref="667367297"/>
    <tag k="highway" v="service"/>
    <tag k="surface" v="asphalt"/>
  </way>
  <way id="52512136">
    <nd ref="667367299"/>
    <nd ref="667367327"/>
    <nd ref="667367318"/>
    <nd ref="667367317"/>
    <tag k="highway" v="service"/>
    <tag k="oneway" v="yes"/>
    <tag k="service" v="drive-through"/>
    <tag k="surface" v="asphalt"/>
  </way>
  <way id="52512137">
    <nd ref="667367312"/>
    <nd ref="667367317"/>
    <tag k="highway" v="service"/>
    <tag k="oneway" v="yes"/>
    <tag k="surface" v="asphalt"/>
  </way>
  <way id="52512138">
    <nd ref="667367317"/>
    <nd ref="6653798694"/>
    <nd ref="667367314"/>
    <tag k="highway" v="service"/>
    <tag k="oneway" v="yes"/>
  </way>
  <way id="52512140">
    <nd ref="667367325"/>
    <nd ref="6678095003"/>
    <nd ref="13741725986"/>
    <nd ref="13741725985"/>
    <nd ref="667367336"/>
    <nd ref="6678095004"/>
    <nd ref="26374405"/>
    <tag k="highway" v="service"/>
    <tag k="oneway" v="yes"/>
    <tag k="surface" v="asphalt"/>
  </way>
  <way id="52512141">
    <nd ref="667367325"/>
    <nd ref="6653798692"/>
    <nd ref="667367311"/>
    <nd ref="667367324"/>
    <nd ref="6653798693"/>
    <nd ref="667367322"/>
    <tag k="highway" v="service"/>
  </way>
  <way id="52637309">
    <nd ref="668437492"/>
    <nd ref="4320033104"/>
    <nd ref="668437485"/>
    <nd ref="6649067581"/>
    <nd ref="4320033102"/>
    <nd ref="668437486"/>
    <tag k="highway" v="secondary_link"/>
    <tag k="lanes" v="1"/>
    <tag k="oneway" v="yes"/>
    <tag k="surface" v="asphalt"/>
  </way>
  <way id="52637310">
    <nd ref="65596348"/>
    <nd ref="6649067574"/>
    <nd ref="668437486"/>
    <tag k="cycleway:left" v="no"/>
    <tag k="highway" v="secondary"/>
    <tag k="lanes" v="2"/>
    <tag k="maxspeed" v="35 mph"/>
    <tag k="name" v="Scott Boulevard"/>
    <tag k="oneway" v="yes"/>
    <tag k="surface" v="asphalt"/>
    <tag k="tiger:cfcc" v="A41"/>
    <tag k="tiger:county" v="Santa Clara, CA"/>
    <tag k="tiger:name_base" v="Scott"/>
    <tag k="tiger:name_type" v="Blvd"/>
  </way>
  <way id="52637311">
    <nd ref="6804262724"/>
    <nd ref="668437483"/>
    <nd ref="2997127028"/>
    <nd ref="668437484"/>
    <nd ref="6649067571"/>
    <nd ref="2997127027"/>
    <nd ref="668437478"/>
    <nd ref="668437479"/>
    <tag k="highway" v="secondary_link"/>
    <tag k="lanes" v="1"/>
    <tag k="oneway" v="yes"/>
    <tag k="surface" v="asphalt"/>
  </way>
  <way id="67571051">
    <nd ref="1078266603"/>
    <nd ref="6473973642"/>
    <nd ref="2933573108"/>
    <nd ref="1078266630"/>
    <nd ref="1107726971"/>
    <nd ref="1107726957"/>
    <nd ref="1107726962"/>
    <nd ref="1107726956"/>
    <nd ref="1078266794"/>
    <nd ref="2933573107"/>
    <nd ref="1078266605"/>
    <nd ref="1078266634"/>
    <nd ref="1078266658"/>
    <nd ref="816127951"/>
    <nd ref="1107726958"/>
    <nd ref="2933573109"/>
    <nd ref="7714867099"/>
    <nd ref="816127955"/>
    <tag k="access" v="private"/>
    <tag k="highway" v="service"/>
    <tag k="name" v="Hillebrant Place"/>
    <tag k="surface" v="asphalt"/>
  </way>
  <way id="92308974">
    <nd ref="258339031"/>
    <nd ref="3678002359"/>
    <nd ref="1071375144"/>
    <nd ref="3678002358"/>
    <nd ref="3678002357"/>
    <nd ref="1071375165"/>
    <nd ref="1071375161"/>
    <tag k="highway" v="primary_link"/>
    <tag k="oneway" v="yes"/>
  </way>
  <way id="93014385">
    <nd ref="1078231518"/>
    <nd ref="1078266649"/>
    <nd ref="1078266614"/>
    <nd ref="1078266717"/>
    <nd ref="65576995"/>
    <tag k="highway" v="service"/>
    <tag k="tiger:county" v="Santa Clara, CA"/>
    <tag k="tiger:name_base" v="Reeve"/>
    <tag k="tiger:name_type" v="St"/>
  </way>
  <way id="93014921">
    <nd ref="1078266717"/>
    <nd ref="6569273963"/>
    <nd ref="1078266696"/>
    <tag k="highway" v="service"/>
    <tag k="oneway" v="yes"/>
    <tag k="service" v="parking_aisle"/>
  </way>
  <way id="93014922">
    <nd ref="1078266661"/>
    <nd ref="6569273972"/>
    <nd ref="1078266639"/>
    <nd ref="1078266612"/>
    <nd ref="6569273965"/>
    <nd ref="1078266796"/>
    <tag k="highway" v="service"/>
    <tag k="surface" v="asphalt"/>
  </way>
  <way id="93014923">
    <nd ref="1078266614"/>
    <nd ref="6546593819"/>
    <nd ref="1078266662"/>
    <tag k="highway" v="service"/>
    <tag k="oneway" v="yes"/>
    <tag k="service" v="parking_aisle"/>
  </way>
  <way id="93014924">
    <nd ref="1078266718"/>
    <nd ref="6546593809"/>
    <nd ref="1078266686"/>
    <nd ref="8608701202"/>
    <nd ref="6569283488"/>
    <nd ref="282818906"/>
    <tag k="highway" v="service"/>
    <tag k="oneway" v="yes"/>
    <tag k="surface" v="asphalt"/>
  </way>
  <way id="93014926">
    <nd ref="1078266626"/>
    <nd ref="6009776764"/>
    <nd ref="6556805463"/>
    <nd ref="1078266813"/>
    <tag k="highway" v="service"/>
    <tag k="service" v="driveway"/>
  </way>
  <way id="93014927">
    <nd ref="1078266609"/>
    <nd ref="6546561885"/>
    <nd ref="1078266678"/>
    <tag k="highway" v="service"/>
    <tag k="service" v="driveway"/>
  </way>
  <way id="93014928">
    <nd ref="1078266616"/>
    <nd ref="1078266810"/>
    <nd ref="1078266711"/>
    <nd ref="1078266651"/>
    <tag k="highway" v="service"/>
    <tag k="oneway" v="yes"/>
    <tag k="service" v="parking_aisle"/>
  </way>
  <way id="93014929">
    <nd ref="1078266713"/>
    <nd ref="6556805477"/>
    <nd ref="1078266682"/>
    <nd ref="1078266655"/>
    <nd ref="1078266616"/>
    <nd ref="1078266643"/>
    <nd ref="6009776760"/>
    <nd ref="6556805458"/>
    <nd ref="1078266804"/>
    <tag k="highway" v="service"/>
  </way>
  <way id="93014930">
    <nd ref="1078266657"/>
    <nd ref="6546559155"/>
    <nd ref="2560365204"/>
    <nd ref="1078266594"/>
    <nd ref="8409478481"/>
    <nd ref="8409478478"/>
    <nd ref="8409478477"/>
    <nd ref="1078266770"/>
    <nd ref="6546561887"/>
    <nd ref="1078266632"/>
    <tag k="access" v="private"/>
    <tag k="highway" v="service"/>
    <tag k="motor_vehicle" v="private"/>
  </way>
  <way id="93014931">
    <nd ref="1078266594"/>
    <nd ref="1078266660"/>
    <nd ref="8409478480"/>
    <nd ref="8409478479"/>
    <nd ref="8409478476"/>
    <nd ref="2560365201"/>
    <nd ref="6546559182"/>
    <nd ref="1078266692"/>
    <tag k="access" v="private"/>
    <tag k="highway" v="service"/>
    <tag k="motor_vehicle" v="private"/>
  </way>
  <way id="93014932">
    <nd ref="1078266609"/>
    <nd ref="1078266715"/>
    <nd ref="1078266684"/>
    <nd ref="1078266653"/>
    <nd ref="1078266609"/>
    <tag k="highway" v="service"/>
    <tag k="oneway" v="yes"/>
    <tag k="service" v="parking_aisle"/>
  </way>
  <way id="93014933">
    <nd ref="1078266804"/>
    <nd ref="6546593817"/>
    <nd ref="1078266607"/>
    <nd ref="65576995"/>
    <nd ref="1078266677"/>
    <nd ref="1078266642"/>
    <tag k="highway" v="service"/>
    <tag k="oneway" v="yes"/>
    <tag k="service" v="parking_aisle"/>
  </way>
  <way id="93014934">
    <nd ref="1078266599"/>
    <nd ref="6569273961"/>
    <nd ref="1078266649"/>
    <tag k="highway" v="service"/>
    <tag k="oneway" v="yes"/>
    <tag k="service" v="parking_aisle"/>
  </way>
  <way id="93014935">
    <nd ref="1078266655"/>
    <nd ref="1078266628"/>
    <nd ref="1078266601"/>
    <nd ref="1078266651"/>
    <nd ref="6009776775"/>
    <nd ref="1078266626"/>
    <nd ref="1078266598"/>
    <nd ref="6009776763"/>
    <nd ref="1078266720"/>
    <nd ref="6009776762"/>
    <nd ref="1078266643"/>
    <tag k="highway" v="service"/>
    <tag k="oneway" v="yes"/>
    <tag k="service" v="parking_aisle"/>
  </way>
  <way id="93014936">
    <nd ref="1078266642"/>
    <nd ref="6569273964"/>
    <nd ref="1078266641"/>
    <tag k="highway" v="service"/>
    <tag k="service" v="parking_aisle"/>
  </way>
  <way id="93014937">
    <nd ref="1078266808"/>
    <nd ref="1078266709"/>
    <nd ref="1078266674"/>
    <nd ref="1078266798"/>
    <nd ref="1078266694"/>
    <tag k="highway" v="tertiary_link"/>
    <tag k="lane_markings" v="no"/>
    <tag k="oneway" v="yes"/>
    <tag k="surface" v="asphalt"/>
  </way>
  <way id="93014938">
    <nd ref="1078266684"/>
    <nd ref="1078266707"/>
    <nd ref="11304727626"/>
    <tag k="highway" v="service"/>
  </way>
  <way id="93014939">
    <nd ref="1078266659"/>
    <nd ref="6546593813"/>
    <nd ref="1078266638"/>
    <nd ref="1078266607"/>
    <tag k="highway" v="service"/>
    <tag k="oneway" v="yes"/>
  </way>
  <way id="95528788">
    <nd ref="1107726974"/>
    <nd ref="6473973654"/>
    <nd ref="1107726942"/>
    <nd ref="1107726972"/>
    <tag k="highway" v="service"/>
    <tag k="tiger:LINEARID" v="1102223419725"/>
    <tag k="tiger:MTFCC" v="S1400"/>
  </way>
  <way id="95528789">
    <nd ref="1107726969"/>
    <nd ref="1107726935"/>
    <tag k="access" v="private"/>
    <tag k="highway" v="service"/>
    <tag k="source" v="bing"/>
  </way>
  <way id="95528790">
    <nd ref="1107726948"/>
    <nd ref="1107726936"/>
    <tag k="access" v="private"/>
    <tag k="highway" v="service"/>
    <tag k="source" v="bing"/>
  </way>
  <way id="95528792">
    <nd ref="1107726943"/>
    <nd ref="1107726944"/>
    <tag k="access" v="private"/>
    <tag k="highway" v="service"/>
    <tag k="source" v="bing"/>
    <tag k="surface" v="asphalt"/>
  </way>
  <way id="95528793">
    <nd ref="1107726962"/>
    <nd ref="1107726954"/>
    <nd ref="1107726938"/>
    <nd ref="1107726971"/>
    <tag k="access" v="private"/>
    <tag k="highway" v="service"/>
    <tag k="source" v="bing"/>
    <tag k="surface" v="asphalt"/>
  </way>
  <way id="95528794">
    <nd ref="1107726967"/>
    <nd ref="1107726958"/>
    <nd ref="1107726948"/>
    <nd ref="1107726941"/>
    <nd ref="1107726969"/>
    <nd ref="1107726963"/>
    <nd ref="1107726955"/>
    <nd ref="1107726956"/>
    <tag k="access" v="private"/>
    <tag k="highway" v="service"/>
    <tag k="source" v="bing"/>
    <tag k="surface" v="asphalt"/>
  </way>
  <way id="95528795">
    <nd ref="1107726957"/>
    <nd ref="1107726949"/>
    <tag k="access" v="private"/>
    <tag k="highway" v="service"/>
    <tag k="source" v="bing"/>
    <tag k="surface" v="asphalt"/>
  </way>
  <way id="95528796">
    <nd ref="1078266630"/>
    <nd ref="1107726950"/>
    <tag k="access" v="private"/>
    <tag k="highway" v="service"/>
    <tag k="source" v="bing"/>
    <tag k="surface" v="asphalt"/>
  </way>
  <way id="95528797">
    <nd ref="1078266658"/>
    <nd ref="1107726943"/>
    <nd ref="1107726951"/>
    <tag k="highway" v="service"/>
    <tag k="source" v="bing"/>
    <tag k="surface" v="asphalt"/>
  </way>
  <way id="95539353">
    <nd ref="65541112"/>
    <nd ref="6634664114"/>
    <nd ref="6634620862"/>
    <nd ref="6634620864"/>
    <nd ref="65575669"/>
    <nd ref="8558016360"/>
    <nd ref="6635688066"/>
    <nd ref="6635688065"/>
    <nd ref="65600519"/>
    <nd ref="6685700807"/>
    <nd ref="6685700809"/>
    <nd ref="6685700814"/>
    <nd ref="6685700813"/>
    <nd ref="65438674"/>
    <nd ref="6685700810"/>
    <nd ref="6685700811"/>
    <nd ref="2619191137"/>
    <nd ref="6659538488"/>
    <nd ref="282813008"/>
    <tag k="cycleway:both" v="no"/>
    <tag k="highway" v="unclassified"/>
    <tag k="lane_markings" v="no"/>
    <tag k="name" v="Jackson Street"/>
    <tag k="sidewalk" v="both"/>
    <tag k="surface" v="asphalt"/>
    <tag k="tiger:county" v="Santa Clara, CA"/>
    <tag k="tiger:name_base" v="Jackson"/>
    <tag k="tiger:name_type" v="St"/>
  </way>
  <way id="95595721">
    <nd ref="65493377"/>
    <nd ref="6653794864"/>
    <nd ref="65576987"/>
    <nd ref="650853961"/>
    <tag k="HFCS" v="Principal Arterial"/>
    <tag k="abutters" v="commercial"/>
    <tag k="highway" v="primary"/>
    <tag k="maxspeed" v="30 mph"/>
    <tag k="name" v="Lafayette Street"/>
    <tag k="sidewalk:both" v="separate"/>
    <tag k="source:maxspeed" v="sign"/>
    <tag k="tiger:cfcc" v="A41"/>
    <tag k="tiger:county" v="Santa Clara, CA"/>
    <tag k="tiger:name_base" v="Lafayette"/>
    <tag k="tiger:name_type" v="St"/>
  </way>
  <way id="95595725">
    <nd ref="65492858"/>
    <nd ref="6652462394"/>
    <nd ref="6652462393"/>
    <nd ref="6652462400"/>
    <nd ref="6652462399"/>
    <nd ref="65460303"/>
    <tag k="highway" v="unclassified"/>
    <tag k="lane_markings" v="no"/>
    <tag k="name" v="Warburton Avenue"/>
    <tag k="sidewalk:both" v="separate"/>
    <tag k="surface" v="asphalt"/>
    <tag k="tiger:cfcc" v="A41"/>
    <tag k="tiger:county" v="Santa Clara, CA"/>
    <tag k="tiger:name_base" v="Warburton"/>
    <tag k="tiger:name_type" v="Ave"/>
  </way>
  <way id="95595728">
    <nd ref="1108397545"/>
    <nd ref="6569273946"/>
    <nd ref="6569273944"/>
    <nd ref="65576993"/>
    <nd ref="6569273949"/>
    <nd ref="6569273947"/>
    <nd ref="6470168181"/>
    <nd ref="6470168180"/>
    <nd ref="6470168176"/>
    <nd ref="8343586856"/>
    <nd ref="7089575205"/>
    <nd ref="13807615206"/>
    <nd ref="1078231518"/>
    <tag k="highway" v="unclassified"/>
    <tag k="name" v="Reeve Street"/>
    <tag k="tiger:county" v="Santa Clara, CA"/>
    <tag k="tiger:name_base" v="Reeve"/>
    <tag k="tiger:name_type" v="St"/>
  </way>
  <way id="95595732">
    <nd ref="1108397551"/>
    <nd ref="8608754141"/>
    <nd ref="6653831566"/>
    <nd ref="65492862"/>
    <tag k="HFCS" v="Collector"/>
    <tag k="highway" v="residential"/>
    <tag k="lanes" v="2"/>
    <tag k="maxspeed" v="25 mph"/>
    <tag k="name" v="Warburton Avenue"/>
    <tag k="sidewalk" v="both"/>
    <tag k="surface" v="asphalt"/>
    <tag k="tiger:county" v="Santa Clara, CA"/>
    <tag k="tiger:name_base" v="Warburton"/>
    <tag k="tiger:name_type" v="Ave"/>
  </way>
  <way id="95595735">
    <nd ref="1108397571"/>
    <nd ref="6653839684"/>
    <nd ref="65493374"/>
    <nd ref="6653888988"/>
    <nd ref="6653888990"/>
    <nd ref="6653794173"/>
    <nd ref="6653794169"/>
    <nd ref="65460298"/>
    <nd ref="6653794171"/>
    <nd ref="6653794172"/>
    <nd ref="6653794178"/>
    <nd ref="6653794176"/>
    <nd ref="65493376"/>
    <nd ref="6653798699"/>
    <nd ref="6653794179"/>
    <nd ref="6653798698"/>
    <nd ref="6653798697"/>
    <nd ref="65493377"/>
    <tag k="highway" v="unclassified"/>
    <tag k="lanes" v="2"/>
    <tag k="maxspeed" v="25 mph"/>
    <tag k="name" v="Civic Center Drive"/>
    <tag k="sidewalk:both" v="separate"/>
    <tag k="surface" v="asphalt"/>
    <tag k="tiger:county" v="Santa Clara, CA"/>
    <tag k="tiger:name_base" v="Civic Center"/>
    <tag k="tiger:name_type" v="Dr"/>
  </way>
  <way id="95595737">
    <nd ref="65460303"/>
    <nd ref="6652462421"/>
    <nd ref="6652462401"/>
    <nd ref="6653750829"/>
    <nd ref="65492859"/>
    <nd ref="6653750831"/>
    <nd ref="4951308911"/>
    <nd ref="1108397551"/>
    <tag k="highway" v="residential"/>
    <tag k="lane_markings" v="no"/>
    <tag k="name" v="Warburton Avenue"/>
    <tag k="sidewalk" v="both"/>
    <tag k="surface" v="asphalt"/>
    <tag k="tiger:county" v="Santa Clara, CA"/>
    <tag k="tiger:name_base" v="Warburton"/>
    <tag k="tiger:name_type" v="Ave"/>
  </way>
  <way id="96912087">
    <nd ref="1123102911"/>
    <nd ref="1123102924"/>
    <nd ref="1123102932"/>
    <tag k="highway" v="service"/>
    <tag k="surface" v="asphalt"/>
    <tag k="tiger:LINEARID" v="1102223418117"/>
    <tag k="tiger:MTFCC" v="S1400"/>
    <tag k="tiger:reviewed" v="no"/>
  </way>
  <way id="96912088">
    <nd ref="1123102916"/>
    <nd ref="6933480443"/>
    <nd ref="1123102975"/>
    <nd ref="12886393472"/>
    <nd ref="1123102965"/>
    <nd ref="12886393474"/>
    <nd ref="12886393473"/>
    <nd ref="1123102935"/>
    <nd ref="6933490245"/>
    <nd ref="6933480444"/>
    <nd ref="6933480441"/>
    <tag k="highway" v="service"/>
    <tag k="oneway" v="yes"/>
    <tag k="service" v="parking_aisle"/>
    <tag k="tiger:LINEARID" v="1102650730275"/>
    <tag k="tiger:MTFCC" v="S1400"/>
    <tag k="tiger:reviewed" v="no"/>
  </way>
  <way id="96912089">
    <nd ref="1123102902"/>
    <nd ref="6649082222"/>
    <nd ref="1123102913"/>
    <nd ref="1123102911"/>
    <tag k="highway" v="service"/>
    <tag k="surface" v="asphalt"/>
    <tag k="tiger:LINEARID" v="1102444500706"/>
    <tag k="tiger:MTFCC" v="S1400"/>
    <tag k="tiger:reviewed" v="no"/>
  </way>
  <way id="96912090">
    <nd ref="1123102907"/>
    <nd ref="6546454369"/>
    <nd ref="6933480482"/>
    <nd ref="6933480483"/>
    <nd ref="6933490192"/>
    <nd ref="1123102916"/>
    <tag k="highway" v="service"/>
    <tag k="surface" v="asphalt"/>
    <tag k="tiger:LINEARID" v="1102650730276"/>
    <tag k="tiger:MTFCC" v="S1400"/>
    <tag k="tiger:reviewed" v="no"/>
  </way>
  <way id="96912091">
    <nd ref="65595830"/>
    <nd ref="6546454281"/>
    <nd ref="1123102952"/>
    <nd ref="4951309153"/>
    <nd ref="4951309152"/>
    <nd ref="1123102960"/>
    <nd ref="1123102971"/>
    <nd ref="1123102976"/>
    <nd ref="1123102985"/>
    <nd ref="4951309151"/>
    <nd ref="1123102998"/>
    <nd ref="1123102909"/>
    <tag k="highway" v="service"/>
    <tag k="tiger:LINEARID" v="1102639887428"/>
    <tag k="tiger:MTFCC" v="S1400"/>
  </way>
  <way id="96912092">
    <nd ref="1123102911"/>
    <nd ref="1123102963"/>
    <nd ref="1123102974"/>
    <nd ref="1123102983"/>
    <nd ref="1123102996"/>
    <tag k="highway" v="service"/>
    <tag k="tiger:LINEARID" v="1102444500705"/>
    <tag k="tiger:MTFCC" v="S1400"/>
    <tag k="tiger:reviewed" v="no"/>
  </way>
  <way id="157781893">
    <nd ref="4170423437"/>
    <nd ref="2857450012"/>
    <nd ref="2619191100"/>
    <nd ref="2839948312"/>
    <nd ref="282813089"/>
    <tag k="cycleway:both" v="no"/>
    <tag k="hgv" v="designated"/>
    <tag k="hgv:national_network" v="terminal_access"/>
    <tag k="highway" v="primary"/>
    <tag k="lanes" v="4"/>
    <tag k="maxspeed" v="40 mph"/>
    <tag k="name" v="El Camino Real"/>
    <tag k="old_ref" v="US 101"/>
    <tag k="oneway" v="yes"/>
    <tag k="ref" v="CA 82"/>
    <tag k="sidewalk:left" v="no"/>
    <tag k="sidewalk:right" v="separate"/>
    <tag k="source:hgv:national_network" v="Caltrans http://www.dot.ca.gov/hq/traffops/trucks/truckmap/"/>
    <tag k="source:maxspeed" v="survey"/>
    <tag k="surface" v="asphalt"/>
    <tag k="tiger:cfcc" v="A31"/>
    <tag k="tiger:county" v="Santa Clara, CA"/>
    <tag k="tiger:name_base" v="El Camino Real"/>
    <tag k="tiger:name_base_1" v="State Highway 82"/>
    <tag k="turn:lanes" v="left|||"/>
  </way>
  <way id="184853229">
    <nd ref="65629164"/>
    <nd ref="11282390930"/>
    <nd ref="6685674168"/>
    <nd ref="65577929"/>
    <nd ref="6685674166"/>
    <nd ref="6685713967"/>
    <nd ref="6685713965"/>
    <nd ref="65532712"/>
    <nd ref="6685713963"/>
    <nd ref="6685713966"/>
    <nd ref="6685700801"/>
    <nd ref="65460296"/>
    <nd ref="6685700803"/>
    <nd ref="6685700808"/>
    <nd ref="65600519"/>
    <nd ref="6659525818"/>
    <nd ref="6659525816"/>
    <nd ref="6659525815"/>
    <nd ref="65596341"/>
    <nd ref="6659506061"/>
    <nd ref="6659525809"/>
    <nd ref="6659506059"/>
    <nd ref="65465745"/>
    <nd ref="6659506058"/>
    <nd ref="6659487659"/>
    <nd ref="65541020"/>
    <nd ref="6659461556"/>
    <nd ref="7111503586"/>
    <nd ref="6659461554"/>
    <nd ref="6659461555"/>
    <nd ref="65644073"/>
    <nd ref="6659461552"/>
    <nd ref="6659461553"/>
    <nd ref="6641894491"/>
    <nd ref="65499781"/>
    <nd ref="6641894493"/>
    <nd ref="6571815526"/>
    <nd ref="65645287"/>
    <nd ref="6571815525"/>
    <nd ref="650853515"/>
    <tag k="highway" v="unclassified"/>
    <tag k="lanes" v="2"/>
    <tag k="maxheight" v="none"/>
    <tag k="maxspeed" v="25 mph"/>
    <tag k="name" v="Harrison Street"/>
    <tag k="oneway" v="no"/>
    <tag k="sidewalk:both" v="separate"/>
    <tag k="sidewalk:both:surface" v="concrete"/>
    <tag k="surface" v="asphalt"/>
    <tag k="tiger:cfcc" v="A41"/>
    <tag k="tiger:county" v="Santa Clara, CA"/>
    <tag k="tiger:name_base" v="Harrison"/>
    <tag k="tiger:name_type" v="St"/>
  </way>
  <way id="184853230">
    <nd ref="65438666"/>
    <nd ref="6677972447"/>
    <nd ref="5053102195"/>
    <tag k="highway" v="tertiary"/>
    <tag k="lanes" v="3"/>
    <tag k="maxspeed" v="25 mph"/>
    <tag k="name" v="Lewis Street"/>
    <tag k="oneway" v="yes"/>
    <tag k="sidewalk:both" v="separate"/>
    <tag k="tiger:cfcc" v="A41"/>
    <tag k="tiger:county" v="Santa Clara, CA"/>
    <tag k="tiger:name_base" v="Lewis"/>
    <tag k="tiger:name_type" v="St"/>
  </way>
  <way id="184853233">
    <nd ref="1953986077"/>
    <nd ref="667367334"/>
    <nd ref="13741725992"/>
    <nd ref="6685677681"/>
    <nd ref="667367335"/>
    <nd ref="13741725989"/>
    <tag k="cycleway:both" v="no"/>
    <tag k="highway" v="primary_link"/>
    <tag k="lanes" v="1"/>
    <tag k="oneway" v="yes"/>
    <tag k="surface" v="asphalt"/>
  </way>
  <way id="184853234">
    <nd ref="1953986063"/>
    <nd ref="1953986048"/>
    <nd ref="667360799"/>
    <nd ref="6678094993"/>
    <nd ref="1953986045"/>
    <nd ref="667360788"/>
    <tag k="cycleway:both" v="no"/>
    <tag k="highway" v="secondary_link"/>
    <tag k="lanes" v="1"/>
    <tag k="oneway" v="yes"/>
    <tag k="sidewalk:left" v="no"/>
    <tag k="sidewalk:right" v="separate"/>
    <tag k="surface" v="asphalt"/>
    <tag k="turn:lanes" v="right"/>
  </way>
  <way id="225001493">
    <nd ref="2338321894"/>
    <nd ref="9499457689"/>
    <nd ref="2338321895"/>
    <nd ref="2338321896"/>
    <nd ref="11464394655"/>
    <nd ref="11464394656"/>
    <nd ref="11464394657"/>
    <nd ref="9499457686"/>
    <nd ref="11464394658"/>
    <tag k="highway" v="service"/>
    <tag k="service" v="parking_aisle"/>
  </way>
  <way id="249429042">
    <nd ref="2560365199"/>
    <nd ref="6546559174"/>
    <nd ref="2560365196"/>
    <tag k="bicycle" v="yes"/>
    <tag k="foot" v="yes"/>
    <tag k="highway" v="residential"/>
    <tag k="lane_markings" v="no"/>
    <tag k="name" v="Triton Court"/>
    <tag k="oneway" v="no"/>
    <tag k="surface" v="asphalt"/>
  </way>
  <way id="256244324">
    <nd ref="282813059"/>
    <nd ref="2839948309"/>
    <nd ref="1700444480"/>
    <nd ref="2619191085"/>
    <nd ref="6712917158"/>
    <nd ref="282813048"/>
    <nd ref="1700444482"/>
    <nd ref="1700444493"/>
    <nd ref="26374416"/>
    <nd ref="4169819680"/>
    <tag k="cycleway:both" v="no"/>
    <tag k="hgv" v="designated"/>
    <tag k="hgv:national_network" v="terminal_access"/>
    <tag k="highway" v="primary"/>
    <tag k="lanes" v="3"/>
    <tag k="maxspeed" v="40 mph"/>
    <tag k="name" v="El Camino Real"/>
    <tag k="old_ref" v="US 101"/>
    <tag k="oneway" v="yes"/>
    <tag k="ref" v="CA 82"/>
    <tag k="sidewalk:left" v="no"/>
    <tag k="sidewalk:right" v="separate"/>
    <tag k="source:hgv:national_network" v="Caltrans http://www.dot.ca.gov/hq/traffops/trucks/truckmap/"/>
    <tag k="source:maxspeed" v="survey"/>
    <tag k="surface" v="asphalt"/>
    <tag k="tiger:cfcc" v="A31"/>
    <tag k="tiger:county" v="Santa Clara, CA"/>
    <tag k="tiger:name_base" v="El Camino Real"/>
    <tag k="tiger:name_base_1" v="State Highway 82"/>
  </way>
  <way id="256244326">
    <nd ref="4170423435"/>
    <nd ref="6878671355"/>
    <nd ref="6878671349"/>
    <nd ref="11023456210"/>
    <nd ref="6543822926"/>
    <nd ref="282813137"/>
    <tag k="cycleway:both" v="no"/>
    <tag k="hgv" v="designated"/>
    <tag k="hgv:national_network" v="terminal_access"/>
    <tag k="highway" v="primary"/>
    <tag k="lanes" v="4"/>
    <tag k="maxheight" v="none"/>
    <tag k="maxspeed" v="35 mph"/>
    <tag k="name" v="El Camino Real"/>
    <tag k="old_ref" v="US 101"/>
    <tag k="oneway" v="yes"/>
    <tag k="ref" v="CA 82"/>
    <tag k="sidewalk:left" v="no"/>
    <tag k="sidewalk:right" v="separate"/>
    <tag k="sidewalk:right:surface" v="concrete"/>
    <tag k="source:hgv:national_network" v="Caltrans http://www.dot.ca.gov/hq/traffops/trucks/truckmap/"/>
    <tag k="source:maxspeed" v="survey"/>
    <tag k="surface" v="asphalt"/>
    <tag k="tiger:cfcc" v="A31"/>
    <tag k="tiger:county" v="Santa Clara, CA"/>
    <tag k="tiger:name_base" v="El Camino Real"/>
    <tag k="tiger:name_base_1" v="State Highway 82"/>
    <tag k="turn:lanes" v="left|||"/>
  </way>
  <way id="271048585">
    <nd ref="65511200"/>
    <nd ref="6649081677"/>
    <nd ref="6649081678"/>
    <nd ref="282818619"/>
    <nd ref="282818620"/>
    <nd ref="282818622"/>
    <nd ref="282818623"/>
    <nd ref="12916360138"/>
    <nd ref="282818624"/>
    <nd ref="12916360137"/>
    <nd ref="668454297"/>
    <nd ref="6698263459"/>
    <nd ref="65511201"/>
    <nd ref="6698263458"/>
    <nd ref="6698263457"/>
    <nd ref="668454296"/>
    <nd ref="12916360136"/>
    <nd ref="65511204"/>
    <nd ref="12916360135"/>
    <nd ref="12916360134"/>
    <nd ref="65511206"/>
    <nd ref="12916360133"/>
    <nd ref="6698263453"/>
    <nd ref="65511212"/>
    <nd ref="668454295"/>
    <nd ref="8555572943"/>
    <nd ref="6698244776"/>
    <nd ref="65511213"/>
    <tag k="HFCS" v="Collector"/>
    <tag k="highway" v="tertiary"/>
    <tag k="lanes" v="2"/>
    <tag k="maxspeed" v="25 mph"/>
    <tag k="name" v="Cabrillo Avenue"/>
    <tag k="name:etymology" v="Juan Rodríguez Cabrillo"/>
    <tag k="name:etymology:wikidata" v="Q182491"/>
    <tag k="surface" v="asphalt"/>
    <tag k="tiger:county" v="Santa Clara, CA"/>
    <tag k="tiger:name_base" v="Cabrillo"/>
    <tag k="tiger:name_type" v="Ave"/>
  </way>
  <way id="279805027">
    <nd ref="65493361"/>
    <nd ref="2839948321"/>
    <nd ref="5041454462"/>
    <tag k="HFCS" v="Collector"/>
    <tag k="cycleway:left" v="no"/>
    <tag k="highway" v="tertiary"/>
    <tag k="lanes" v="2"/>
    <tag k="name" v="Lincoln Street"/>
    <tag k="oneway" v="yes"/>
    <tag k="surface" v="asphalt"/>
    <tag k="tiger:cfcc" v="A41"/>
    <tag k="tiger:county" v="Santa Clara, CA"/>
    <tag k="tiger:name_base" v="Lincoln"/>
    <tag k="tiger:name_type" v="St"/>
  </way>
  <way id="279805029">
    <nd ref="282813089"/>
    <nd ref="2839948316"/>
    <nd ref="1078266808"/>
    <tag k="HFCS" v="Collector"/>
    <tag k="cycleway:left" v="no"/>
    <tag k="highway" v="tertiary"/>
    <tag k="lanes" v="2"/>
    <tag k="name" v="Lincoln Street"/>
    <tag k="oneway" v="yes"/>
    <tag k="sidewalk:left" v="no"/>
    <tag k="sidewalk:right" v="separate"/>
    <tag k="surface" v="asphalt"/>
    <tag k="tiger:cfcc" v="A41"/>
    <tag k="tiger:county" v="Santa Clara, CA"/>
    <tag k="tiger:name_base" v="Lincoln"/>
    <tag k="tiger:name_type" v="St"/>
  </way>
  <way id="281757584">
    <nd ref="2857450035"/>
    <nd ref="2857450036"/>
    <tag k="highway" v="service"/>
    <tag k="oneway" v="yes"/>
    <tag k="service" v="parking_aisle"/>
    <tag k="surface" v="asphalt"/>
  </way>
  <way id="281757585">
    <nd ref="2857450927"/>
    <nd ref="6473985896"/>
    <nd ref="2857450907"/>
    <tag k="highway" v="service"/>
  </way>
  <way id="281757586">
    <nd ref="2857450076"/>
    <nd ref="2857450077"/>
    <tag k="highway" v="service"/>
    <tag k="service" v="parking_aisle"/>
    <tag k="surface" v="asphalt"/>
  </way>
  <way id="281757587">
    <nd ref="2857450923"/>
    <nd ref="2857450922"/>
    <tag k="highway" v="service"/>
    <tag k="service" v="parking_aisle"/>
    <tag k="surface" v="asphalt"/>
  </way>
  <way id="281757588">
    <nd ref="2857450912"/>
    <nd ref="2857450914"/>
    <tag k="highway" v="service"/>
    <tag k="service" v="parking_aisle"/>
    <tag k="surface" v="asphalt"/>
  </way>
  <way id="281757589">
    <nd ref="2857450085"/>
    <nd ref="2857450069"/>
    <tag k="bridge" v="yes"/>
    <tag k="highway" v="footway"/>
    <tag k="layer" v="1"/>
    <tag k="surface" v="concrete"/>
  </way>
  <way id="281757590">
    <nd ref="2857450097"/>
    <nd ref="2857450902"/>
    <tag k="highway" v="footway"/>
    <tag k="surface" v="concrete"/>
  </way>
  <way id="281757591">
    <nd ref="2857450091"/>
    <nd ref="2857450085"/>
    <tag k="handrail" v="no"/>
    <tag k="highway" v="steps"/>
    <tag k="incline" v="up"/>
    <tag k="ramp" v="no"/>
    <tag k="step_count" v="3"/>
    <tag k="surface" v="paving_stones"/>
    <tag k="tactile_paving" v="no"/>
  </way>
  <way id="281757592">
    <nd ref="2857450028"/>
    <nd ref="2857450030"/>
    <tag k="highway" v="footway"/>
    <tag k="surface" v="concrete"/>
  </way>
  <way id="281757593">
    <nd ref="2857450918"/>
    <nd ref="2857450919"/>
    <tag k="highway" v="service"/>
    <tag k="service" v="parking_aisle"/>
    <tag k="surface" v="asphalt"/>
  </way>
  <way id="281757594">
    <nd ref="2857450069"/>
    <nd ref="2857450064"/>
    <tag k="handrail" v="no"/>
    <tag k="highway" v="steps"/>
    <tag k="incline" v="down"/>
    <tag k="ramp" v="no"/>
    <tag k="step_count" v="3"/>
    <tag k="surface" v="paving_stones"/>
    <tag k="tactile_paving" v="no"/>
  </way>
  <way id="281757595">
    <nd ref="2857450014"/>
    <nd ref="2839948316"/>
    <nd ref="2839948317"/>
    <nd ref="6473973650"/>
    <tag k="crossing" v="marked"/>
    <tag k="footway" v="crossing"/>
    <tag k="highway" v="footway"/>
    <tag k="surface" v="asphalt"/>
  </way>
  <way id="281757596">
    <nd ref="2857450009"/>
    <nd ref="6473973649"/>
    <nd ref="2857450076"/>
    <nd ref="2857450918"/>
    <nd ref="6473973645"/>
    <nd ref="2857450934"/>
    <tag k="highway" v="service"/>
    <tag k="surface" v="asphalt"/>
  </way>
  <way id="281757597">
    <nd ref="2857450932"/>
    <nd ref="6473973648"/>
    <nd ref="2857450923"/>
    <nd ref="2857450914"/>
    <nd ref="2857450035"/>
    <nd ref="6473973652"/>
    <nd ref="2857450011"/>
    <tag k="highway" v="service"/>
    <tag k="surface" v="asphalt"/>
  </way>
  <way id="281757598">
    <nd ref="2857450065"/>
    <nd ref="2857450028"/>
    <nd ref="2857450014"/>
    <tag k="highway" v="footway"/>
    <tag k="surface" v="concrete"/>
  </way>
  <way id="281757600">
    <nd ref="2857450916"/>
    <nd ref="2857450915"/>
    <nd ref="2857450098"/>
    <nd ref="2857450092"/>
    <nd ref="2857450091"/>
    <nd ref="2857450089"/>
    <tag k="highway" v="footway"/>
    <tag k="surface" v="concrete"/>
  </way>
  <way id="281757601">
    <nd ref="2857450926"/>
    <nd ref="6473985897"/>
    <nd ref="2857450916"/>
    <nd ref="2857450917"/>
    <nd ref="2857450066"/>
    <nd ref="2857450065"/>
    <nd ref="2857450064"/>
    <nd ref="2857450063"/>
    <tag k="highway" v="footway"/>
    <tag k="surface" v="concrete"/>
  </way>
  <way id="281757602">
    <nd ref="2857450933"/>
    <nd ref="6473973647"/>
    <nd ref="2857450922"/>
    <nd ref="2857450919"/>
    <nd ref="2857450912"/>
    <nd ref="2857450077"/>
    <nd ref="2857450036"/>
    <nd ref="6473973651"/>
    <nd ref="2857450010"/>
    <tag k="highway" v="service"/>
    <tag k="surface" v="asphalt"/>
  </way>
  <way id="281757603">
    <nd ref="9006045633"/>
    <nd ref="9006045634"/>
    <nd ref="2857450907"/>
    <nd ref="2857450905"/>
    <nd ref="2857450100"/>
    <nd ref="2857450090"/>
    <nd ref="2857450080"/>
    <nd ref="2857450081"/>
    <nd ref="2857450095"/>
    <nd ref="9006045624"/>
    <nd ref="9006045625"/>
    <nd ref="9006045626"/>
    <nd ref="9006045627"/>
    <nd ref="9006045628"/>
    <nd ref="9006045629"/>
    <nd ref="9006045630"/>
    <nd ref="9006045631"/>
    <nd ref="9006045632"/>
    <nd ref="2857450902"/>
    <nd ref="9006045633"/>
    <tag k="highway" v="service"/>
    <tag k="surface" v="asphalt"/>
  </way>
  <way id="289817076">
    <nd ref="2933573114"/>
    <nd ref="6009776761"/>
    <nd ref="65492888"/>
    <tag k="HFCS" v="Principal Arterial"/>
    <tag k="cycleway:both" v="no"/>
    <tag k="highway" v="secondary"/>
    <tag k="lanes" v="5"/>
    <tag k="lanes:backward" v="2"/>
    <tag k="lanes:forward" v="3"/>
    <tag k="maxspeed" v="35 mph"/>
    <tag k="name" v="Scott Boulevard"/>
    <tag k="sidewalk:both" v="separate"/>
    <tag k="surface" v="asphalt"/>
    <tag k="tiger:county" v="Santa Clara, CA"/>
    <tag k="tiger:name_base" v="Scott"/>
    <tag k="tiger:name_type" v="Blvd"/>
    <tag k="turn:lanes:forward" v="left|none|none"/>
  </way>
  <way id="289817079">
    <nd ref="65492888"/>
    <nd ref="6009776774"/>
    <nd ref="7199575571"/>
    <nd ref="10870925536"/>
    <nd ref="6878214645"/>
    <nd ref="2933573119"/>
    <tag k="HFCS" v="Principal Arterial"/>
    <tag k="cycleway:both" v="no"/>
    <tag k="highway" v="secondary"/>
    <tag k="lanes" v="5"/>
    <tag k="lanes:backward" v="3"/>
    <tag k="lanes:forward" v="2"/>
    <tag k="maxspeed" v="35 mph"/>
    <tag k="name" v="Scott Boulevard"/>
    <tag k="sidewalk:both" v="separate"/>
    <tag k="surface" v="asphalt"/>
    <tag k="tiger:county" v="Santa Clara, CA"/>
    <tag k="tiger:name_base" v="Scott"/>
    <tag k="tiger:name_type" v="Blvd"/>
    <tag k="turn:lanes:backward" v="left|none|none"/>
  </way>
  <way id="289817081">
    <nd ref="2933573119"/>
    <nd ref="8577144222"/>
    <nd ref="6878214642"/>
    <nd ref="6685760463"/>
    <nd ref="7358477166"/>
    <nd ref="65428612"/>
    <nd ref="6698280564"/>
    <nd ref="1123102907"/>
    <nd ref="4169821892"/>
    <tag k="HFCS" v="Principal Arterial"/>
    <tag k="highway" v="secondary"/>
    <tag k="lanes" v="4"/>
    <tag k="maxspeed" v="35 mph"/>
    <tag k="name" v="Scott Boulevard"/>
    <tag k="sidewalk:both" v="separate"/>
    <tag k="surface" v="asphalt"/>
    <tag k="tiger:county" v="Santa Clara, CA"/>
    <tag k="tiger:name_base" v="Scott"/>
    <tag k="tiger:name_type" v="Blvd"/>
  </way>
  <way id="289817083">
    <nd ref="65492885"/>
    <nd ref="7199575560"/>
    <nd ref="4104335662"/>
    <tag k="HFCS" v="Collector"/>
    <tag k="bicycle" v="yes"/>
    <tag k="cycleway:both" v="no"/>
    <tag k="highway" v="tertiary"/>
    <tag k="lanes" v="2"/>
    <tag k="lanes:backward" v="1"/>
    <tag k="lanes:forward" v="1"/>
    <tag k="maxspeed" v="25 mph"/>
    <tag k="name" v="Warburton Avenue"/>
    <tag k="oneway" v="no"/>
    <tag k="sidewalk" v="both"/>
    <tag k="surface" v="asphalt"/>
    <tag k="tiger:county" v="Santa Clara, CA"/>
    <tag k="tiger:name_base" v="Warburton"/>
    <tag k="tiger:name_type" v="Ave"/>
  </way>
  <way id="289817085">
    <nd ref="65492888"/>
    <nd ref="6009776768"/>
    <nd ref="65492889"/>
    <nd ref="65492894"/>
    <nd ref="65492898"/>
    <nd ref="65492909"/>
    <nd ref="65492917"/>
    <nd ref="6698262090"/>
    <nd ref="6698257852"/>
    <nd ref="65492923"/>
    <tag k="HFCS" v="Collector"/>
    <tag k="bicycle" v="yes"/>
    <tag k="cycleway:both" v="shared_lane"/>
    <tag k="cycleway:both:lane" v="pictogram"/>
    <tag k="highway" v="tertiary"/>
    <tag k="lanes" v="2"/>
    <tag k="maxspeed" v="25 mph"/>
    <tag k="name" v="Warburton Avenue"/>
    <tag k="oneway" v="no"/>
    <tag k="sidewalk" v="both"/>
    <tag k="surface" v="asphalt"/>
    <tag k="tiger:county" v="Santa Clara, CA"/>
    <tag k="tiger:name_base" v="Warburton"/>
    <tag k="tiger:name_type" v="Ave"/>
  </way>
  <way id="289818460">
    <nd ref="2933577337"/>
    <nd ref="6473973653"/>
    <nd ref="2933577338"/>
    <tag k="highway" v="service"/>
    <tag k="service" v="driveway"/>
  </way>
  <way id="289818461">
    <nd ref="2933577338"/>
    <nd ref="2933577339"/>
    <tag k="highway" v="service"/>
    <tag k="service" v="parking_aisle"/>
    <tag k="surface" v="asphalt"/>
  </way>
  <way id="306027968">
    <nd ref="65596348"/>
    <nd ref="6649067576"/>
    <nd ref="4951309139"/>
    <nd ref="668437492"/>
    <tag k="cycleway" v="lane"/>
    <tag k="highway" v="secondary"/>
    <tag k="lanes" v="4"/>
    <tag k="lanes:backward" v="2"/>
    <tag k="lanes:forward" v="2"/>
    <tag k="maxspeed" v="30 mph"/>
    <tag k="name" v="Monroe Street"/>
    <tag k="sidewalk" v="both"/>
    <tag k="surface" v="asphalt"/>
    <tag k="tiger:cfcc" v="A41"/>
    <tag k="tiger:county" v="Santa Clara, CA"/>
    <tag k="tiger:name_base" v="Monroe"/>
    <tag k="tiger:name_direction_prefix" v="N"/>
    <tag k="tiger:name_type" v="St"/>
    <tag k="turn:lanes:backward" v="left|"/>
    <tag k="turn:lanes:forward" v="|merge_to_left"/>
  </way>
  <way id="359612238">
    <nd ref="3642886163"/>
    <nd ref="6659077239"/>
    <nd ref="3642886164"/>
    <nd ref="6659077238"/>
    <nd ref="3642886165"/>
    <tag k="highway" v="service"/>
    <tag k="name" v="Goodfellow Place"/>
  </way>
  <way id="359636914">
    <nd ref="3643144313"/>
    <nd ref="6546454358"/>
    <nd ref="6009776888"/>
    <nd ref="6009776900"/>
    <nd ref="6009776901"/>
    <nd ref="6009776915"/>
    <nd ref="6009776927"/>
    <nd ref="3643144314"/>
    <nd ref="3643144315"/>
    <nd ref="3643144316"/>
    <nd ref="6009776931"/>
    <nd ref="3643144317"/>
    <nd ref="3643144318"/>
    <nd ref="3643144319"/>
    <nd ref="6009776934"/>
    <nd ref="6009776938"/>
    <nd ref="3643144320"/>
    <nd ref="6009776939"/>
    <nd ref="6546454273"/>
    <nd ref="1078266713"/>
    <tag k="access" v="private"/>
    <tag k="highway" v="service"/>
    <tag k="name" v="Palm View Place"/>
  </way>
  <way id="369618701">
    <nd ref="3733958216"/>
    <nd ref="3612914332"/>
    <nd ref="65574658"/>
    <tag k="HFCS" v="Principal Arterial"/>
    <tag k="abutters" v="industrial"/>
    <tag k="cycleway:both" v="no"/>
    <tag k="highway" v="primary"/>
    <tag k="maxspeed" v="30 mph"/>
    <tag k="name" v="Lafayette Street"/>
    <tag k="sidewalk" v="no"/>
    <tag k="source:maxspeed" v="sign"/>
    <tag k="tiger:cfcc" v="A41"/>
    <tag k="tiger:county" v="Santa Clara, CA"/>
    <tag k="tiger:name_base" v="Lafayette"/>
    <tag k="tiger:name_type" v="St"/>
  </way>
  <way id="408449670">
    <nd ref="65574658"/>
    <nd ref="4548699341"/>
    <nd ref="4103683344"/>
    <nd ref="4103683342"/>
    <nd ref="11202915380"/>
    <nd ref="8410858727"/>
    <nd ref="4103683337"/>
    <nd ref="4103683338"/>
    <nd ref="4103683339"/>
    <nd ref="4103683341"/>
    <nd ref="10688850366"/>
    <nd ref="4103683340"/>
    <nd ref="4103683343"/>
    <nd ref="4103683345"/>
    <nd ref="4103683346"/>
    <nd ref="4103683347"/>
    <tag k="highway" v="residential"/>
  </way>
  <way id="408527739">
    <nd ref="4104335662"/>
    <nd ref="7199575563"/>
    <nd ref="6009776769"/>
    <nd ref="65492888"/>
    <tag k="HFCS" v="Collector"/>
    <tag k="bicycle" v="yes"/>
    <tag k="cycleway:both" v="no"/>
    <tag k="highway" v="tertiary"/>
    <tag k="lanes" v="3"/>
    <tag k="lanes:backward" v="1"/>
    <tag k="lanes:forward" v="2"/>
    <tag k="maxspeed" v="25 mph"/>
    <tag k="name" v="Warburton Avenue"/>
    <tag k="oneway" v="no"/>
    <tag k="sidewalk" v="both"/>
    <tag k="surface" v="asphalt"/>
    <tag k="tiger:county" v="Santa Clara, CA"/>
    <tag k="tiger:name_base" v="Warburton"/>
    <tag k="tiger:name_type" v="Ave"/>
    <tag k="turn:lanes:forward" v="left|none"/>
  </way>
  <way id="416143547">
    <nd ref="4169755393"/>
    <nd ref="282812991"/>
    <tag k="cycleway:both" v="no"/>
    <tag k="hgv" v="designated"/>
    <tag k="hgv:national_network" v="terminal_access"/>
    <tag k="highway" v="primary"/>
    <tag k="lanes" v="4"/>
    <tag k="maxspeed" v="40 mph"/>
    <tag k="name" v="El Camino Real"/>
    <tag k="old_ref" v="US 101"/>
    <tag k="oneway" v="yes"/>
    <tag k="ref" v="CA 82"/>
    <tag k="sidewalk:left" v="no"/>
    <tag k="sidewalk:right" v="separate"/>
    <tag k="source:hgv:national_network" v="Caltrans http://www.dot.ca.gov/hq/traffops/trucks/truckmap/"/>
    <tag k="source:maxspeed" v="survey"/>
    <tag k="surface" v="asphalt"/>
    <tag k="tiger:cfcc" v="A31"/>
    <tag k="tiger:county" v="Santa Clara, CA"/>
    <tag k="tiger:name_base" v="El Camino Real"/>
    <tag k="tiger:name_base_1" v="State Highway 82"/>
    <tag k="turn:lanes" v="left|||"/>
  </way>
  <way id="416143549">
    <nd ref="4169755394"/>
    <nd ref="282812955"/>
    <nd ref="667360782"/>
    <nd ref="9751765182"/>
    <tag k="cycleway:both" v="no"/>
    <tag k="hgv" v="designated"/>
    <tag k="hgv:national_network" v="terminal_access"/>
    <tag k="highway" v="primary"/>
    <tag k="lanes" v="4"/>
    <tag k="maxspeed" v="40 mph"/>
    <tag k="name" v="El Camino Real"/>
    <tag k="old_ref" v="US 101"/>
    <tag k="oneway" v="yes"/>
    <tag k="ref" v="CA 82"/>
    <tag k="sidewalk:left" v="no"/>
    <tag k="sidewalk:right" v="separate"/>
    <tag k="source:hgv:national_network" v="Caltrans http://www.dot.ca.gov/hq/traffops/trucks/truckmap/"/>
    <tag k="source:maxspeed" v="survey"/>
    <tag k="surface" v="asphalt"/>
    <tag k="tiger:cfcc" v="A31"/>
    <tag k="tiger:county" v="Santa Clara, CA"/>
    <tag k="tiger:name_base" v="El Camino Real"/>
    <tag k="tiger:name_base_1" v="State Highway 82"/>
    <tag k="turn:lanes" v="left|||"/>
  </way>
  <way id="416143550">
    <nd ref="314511208"/>
    <nd ref="6685677678"/>
    <nd ref="1953986066"/>
    <nd ref="667367288"/>
    <nd ref="667367295"/>
    <nd ref="6712917162"/>
    <nd ref="282812941"/>
    <nd ref="4169755393"/>
    <tag k="cycleway:both" v="no"/>
    <tag k="hgv" v="designated"/>
    <tag k="hgv:national_network" v="terminal_access"/>
    <tag k="highway" v="primary"/>
    <tag k="lanes" v="3"/>
    <tag k="maxspeed" v="40 mph"/>
    <tag k="name" v="El Camino Real"/>
    <tag k="old_ref" v="US 101"/>
    <tag k="oneway" v="yes"/>
    <tag k="ref" v="CA 82"/>
    <tag k="sidewalk:left" v="no"/>
    <tag k="sidewalk:right" v="separate"/>
    <tag k="source:hgv:national_network" v="Caltrans http://www.dot.ca.gov/hq/traffops/trucks/truckmap/"/>
    <tag k="source:maxspeed" v="survey"/>
    <tag k="surface" v="asphalt"/>
    <tag k="tiger:cfcc" v="A31"/>
    <tag k="tiger:county" v="Santa Clara, CA"/>
    <tag k="tiger:name_base" v="El Camino Real"/>
    <tag k="tiger:name_base_1" v="State Highway 82"/>
  </way>
  <way id="416151829">
    <nd ref="4169819681"/>
    <nd ref="6659520182"/>
    <nd ref="282813043"/>
    <tag k="cycleway:both" v="no"/>
    <tag k="hgv" v="designated"/>
    <tag k="hgv:national_network" v="terminal_access"/>
    <tag k="highway" v="primary"/>
    <tag k="lanes" v="4"/>
    <tag k="maxspeed" v="40 mph"/>
    <tag k="name" v="El Camino Real"/>
    <tag k="old_ref" v="US 101"/>
    <tag k="oneway" v="yes"/>
    <tag k="ref" v="CA 82"/>
    <tag k="sidewalk" v="right"/>
    <tag k="source:hgv:national_network" v="Caltrans http://www.dot.ca.gov/hq/traffops/trucks/truckmap/"/>
    <tag k="source:maxspeed" v="survey"/>
    <tag k="surface" v="asphalt"/>
    <tag k="tiger:cfcc" v="A31"/>
    <tag k="tiger:county" v="Santa Clara, CA"/>
    <tag k="tiger:name_base" v="El Camino Real"/>
    <tag k="tiger:name_base_1" v="State Highway 82"/>
    <tag k="turn:lanes" v="left|||"/>
  </way>
  <way id="416151830">
    <nd ref="4169819680"/>
    <nd ref="6659538485"/>
    <nd ref="282813023"/>
    <tag k="cycleway:both" v="no"/>
    <tag k="hgv" v="designated"/>
    <tag k="hgv:national_network" v="terminal_access"/>
    <tag k="highway" v="primary"/>
    <tag k="lanes" v="4"/>
    <tag k="maxspeed" v="40 mph"/>
    <tag k="name" v="El Camino Real"/>
    <tag k="old_ref" v="US 101"/>
    <tag k="oneway" v="yes"/>
    <tag k="ref" v="CA 82"/>
    <tag k="source:hgv:national_network" v="Caltrans http://www.dot.ca.gov/hq/traffops/trucks/truckmap/"/>
    <tag k="source:maxspeed" v="survey"/>
    <tag k="surface" v="asphalt"/>
    <tag k="tiger:cfcc" v="A31"/>
    <tag k="tiger:county" v="Santa Clara, CA"/>
    <tag k="tiger:name_base" v="El Camino Real"/>
    <tag k="tiger:name_base_1" v="State Highway 82"/>
    <tag k="turn:lanes" v="left|||"/>
  </way>
  <way id="416151831">
    <nd ref="4169819683"/>
    <nd ref="282812954"/>
    <tag k="cycleway:both" v="no"/>
    <tag k="hgv" v="designated"/>
    <tag k="hgv:national_network" v="terminal_access"/>
    <tag k="highway" v="primary"/>
    <tag k="lanes" v="4"/>
    <tag k="maxspeed" v="40 mph"/>
    <tag k="name" v="El Camino Real"/>
    <tag k="old_ref" v="US 101"/>
    <tag k="oneway" v="yes"/>
    <tag k="ref" v="CA 82"/>
    <tag k="sidewalk" v="right"/>
    <tag k="source:hgv:national_network" v="Caltrans http://www.dot.ca.gov/hq/traffops/trucks/truckmap/"/>
    <tag k="source:maxspeed" v="survey"/>
    <tag k="surface" v="asphalt"/>
    <tag k="tiger:cfcc" v="A31"/>
    <tag k="tiger:county" v="Santa Clara, CA"/>
    <tag k="tiger:name_base" v="El Camino Real"/>
    <tag k="tiger:name_base_1" v="State Highway 82"/>
    <tag k="turn:lanes" v="left|||"/>
  </way>
  <way id="416151832">
    <nd ref="282812954"/>
    <nd ref="6712917161"/>
    <nd ref="4169755394"/>
    <tag k="cycleway:both" v="no"/>
    <tag k="hgv" v="designated"/>
    <tag k="hgv:national_network" v="terminal_access"/>
    <tag k="highway" v="primary"/>
    <tag k="lanes" v="3"/>
    <tag k="maxspeed" v="40 mph"/>
    <tag k="name" v="El Camino Real"/>
    <tag k="old_ref" v="US 101"/>
    <tag k="oneway" v="yes"/>
    <tag k="ref" v="CA 82"/>
    <tag k="sidewalk:left" v="no"/>
    <tag k="sidewalk:right" v="separate"/>
    <tag k="source:hgv:national_network" v="Caltrans http://www.dot.ca.gov/hq/traffops/trucks/truckmap/"/>
    <tag k="source:maxspeed" v="survey"/>
    <tag k="surface" v="asphalt"/>
    <tag k="tiger:cfcc" v="A31"/>
    <tag k="tiger:county" v="Santa Clara, CA"/>
    <tag k="tiger:name_base" v="El Camino Real"/>
    <tag k="tiger:name_base_1" v="State Highway 82"/>
  </way>
  <way id="416151833">
    <nd ref="282813023"/>
    <nd ref="6659520181"/>
    <nd ref="6712917160"/>
    <nd ref="282813008"/>
    <nd ref="4169819683"/>
    <tag k="cycleway:both" v="no"/>
    <tag k="hgv" v="designated"/>
    <tag k="hgv:national_network" v="terminal_access"/>
    <tag k="highway" v="primary"/>
    <tag k="lanes" v="3"/>
    <tag k="maxspeed" v="40 mph"/>
    <tag k="name" v="El Camino Real"/>
    <tag k="old_ref" v="US 101"/>
    <tag k="oneway" v="yes"/>
    <tag k="ref" v="CA 82"/>
    <tag k="sidewalk" v="right"/>
    <tag k="source:hgv:national_network" v="Caltrans http://www.dot.ca.gov/hq/traffops/trucks/truckmap/"/>
    <tag k="source:maxspeed" v="survey"/>
    <tag k="surface" v="asphalt"/>
    <tag k="tiger:cfcc" v="A31"/>
    <tag k="tiger:county" v="Santa Clara, CA"/>
    <tag k="tiger:name_base" v="El Camino Real"/>
    <tag k="tiger:name_base_1" v="State Highway 82"/>
  </way>
  <way id="416151834">
    <nd ref="282812991"/>
    <nd ref="4951309125"/>
    <nd ref="282813027"/>
    <nd ref="4169819681"/>
    <tag k="cycleway:both" v="no"/>
    <tag k="hgv" v="designated"/>
    <tag k="hgv:national_network" v="terminal_access"/>
    <tag k="highway" v="primary"/>
    <tag k="lanes" v="3"/>
    <tag k="maxspeed" v="40 mph"/>
    <tag k="name" v="El Camino Real"/>
    <tag k="old_ref" v="US 101"/>
    <tag k="oneway" v="yes"/>
    <tag k="ref" v="CA 82"/>
    <tag k="sidewalk" v="right"/>
    <tag k="source:hgv:national_network" v="Caltrans http://www.dot.ca.gov/hq/traffops/trucks/truckmap/"/>
    <tag k="source:maxspeed" v="survey"/>
    <tag k="surface" v="asphalt"/>
    <tag k="tiger:cfcc" v="A31"/>
    <tag k="tiger:county" v="Santa Clara, CA"/>
    <tag k="tiger:name_base" v="El Camino Real"/>
    <tag k="tiger:name_base_1" v="State Highway 82"/>
  </way>
  <way id="416151849">
    <nd ref="65574622"/>
    <nd ref="4169821890"/>
    <tag k="cycleway" v="lane"/>
    <tag k="highway" v="secondary"/>
    <tag k="lanes" v="4"/>
    <tag k="lanes:backward" v="3"/>
    <tag k="lanes:forward" v="1"/>
    <tag k="maxspeed" v="30 mph"/>
    <tag k="name" v="Monroe Street"/>
    <tag k="surface" v="asphalt"/>
    <tag k="tiger:cfcc" v="A41"/>
    <tag k="tiger:county" v="Santa Clara, CA"/>
    <tag k="tiger:name_base" v="Monroe"/>
    <tag k="tiger:name_direction_prefix" v="N"/>
    <tag k="tiger:name_type" v="St"/>
    <tag k="turn:lanes:backward" v="left||"/>
  </way>
  <way id="416151850">
    <nd ref="4169819682"/>
    <nd ref="4951309126"/>
    <nd ref="65493370"/>
    <tag k="cycleway" v="lane"/>
    <tag k="highway" v="secondary"/>
    <tag k="lanes" v="2"/>
    <tag k="maxspeed" v="30 mph"/>
    <tag k="name" v="Monroe Street"/>
    <tag k="surface" v="asphalt"/>
    <tag k="tiger:cfcc" v="A41"/>
    <tag k="tiger:county" v="Santa Clara, CA"/>
    <tag k="tiger:name_base" v="Monroe"/>
    <tag k="tiger:name_direction_prefix" v="N"/>
    <tag k="tiger:name_type" v="St"/>
    <tag k="turn:lanes:forward" v="left|"/>
  </way>
  <way id="416151851">
    <nd ref="4169819685"/>
    <nd ref="65576993"/>
    <tag k="cycleway" v="lane"/>
    <tag k="highway" v="secondary"/>
    <tag k="lanes" v="3"/>
    <tag k="lanes:backward" v="1"/>
    <tag k="lanes:forward" v="2"/>
    <tag k="maxspeed" v="30 mph"/>
    <tag k="name" v="Monroe Street"/>
    <tag k="oneway" v="no"/>
    <tag k="surface" v="asphalt"/>
    <tag k="tiger:cfcc" v="A41"/>
    <tag k="tiger:county" v="Santa Clara, CA"/>
    <tag k="tiger:name_base" v="Monroe"/>
    <tag k="tiger:name_direction_prefix" v="N"/>
    <tag k="tiger:name_type" v="St"/>
    <tag k="turn:lanes:forward" v="left|"/>
  </way>
  <way id="416151852">
    <nd ref="4169821891"/>
    <nd ref="65595826"/>
    <tag k="cycleway" v="lane"/>
    <tag k="highway" v="secondary"/>
    <tag k="lanes" v="2"/>
    <tag k="maxspeed" v="30 mph"/>
    <tag k="name" v="Monroe Street"/>
    <tag k="surface" v="asphalt"/>
    <tag k="tiger:cfcc" v="A41"/>
    <tag k="tiger:county" v="Santa Clara, CA"/>
    <tag k="tiger:name_base" v="Monroe"/>
    <tag k="tiger:name_direction_prefix" v="N"/>
    <tag k="tiger:name_type" v="St"/>
    <tag k="turn:lanes:forward" v="left|"/>
  </way>
  <way id="416151853">
    <nd ref="65576993"/>
    <nd ref="4169819686"/>
    <tag k="cycleway" v="lane"/>
    <tag k="highway" v="secondary"/>
    <tag k="lanes" v="3"/>
    <tag k="lanes:backward" v="2"/>
    <tag k="lanes:forward" v="1"/>
    <tag k="maxspeed" v="30 mph"/>
    <tag k="name" v="Monroe Street"/>
    <tag k="surface" v="asphalt"/>
    <tag k="tiger:cfcc" v="A41"/>
    <tag k="tiger:county" v="Santa Clara, CA"/>
    <tag k="tiger:name_base" v="Monroe"/>
    <tag k="tiger:name_direction_prefix" v="N"/>
    <tag k="tiger:name_type" v="St"/>
    <tag k="turn:lanes:backward" v="left|"/>
  </way>
  <way id="416151854">
    <nd ref="65492862"/>
    <nd ref="6653831567"/>
    <nd ref="4169819688"/>
    <tag k="cycleway" v="lane"/>
    <tag k="highway" v="secondary"/>
    <tag k="lanes" v="2"/>
    <tag k="maxspeed" v="30 mph"/>
    <tag k="name" v="Monroe Street"/>
    <tag k="surface" v="asphalt"/>
    <tag k="tiger:cfcc" v="A41"/>
    <tag k="tiger:county" v="Santa Clara, CA"/>
    <tag k="tiger:name_base" v="Monroe"/>
    <tag k="tiger:name_direction_prefix" v="N"/>
    <tag k="tiger:name_type" v="St"/>
    <tag k="turn:lanes:backward" v="left||"/>
  </way>
  <way id="416151855">
    <nd ref="4169819684"/>
    <nd ref="8414999017"/>
    <nd ref="8414999020"/>
    <nd ref="4169819685"/>
    <tag k="cycleway" v="lane"/>
    <tag k="highway" v="secondary"/>
    <tag k="lanes" v="2"/>
    <tag k="maxspeed" v="30 mph"/>
    <tag k="name" v="Monroe Street"/>
    <tag k="oneway" v="no"/>
    <tag k="surface" v="asphalt"/>
    <tag k="tiger:cfcc" v="A41"/>
    <tag k="tiger:county" v="Santa Clara, CA"/>
    <tag k="tiger:name_base" v="Monroe"/>
    <tag k="tiger:name_direction_prefix" v="N"/>
    <tag k="tiger:name_type" v="St"/>
  </way>
  <way id="416151856">
    <nd ref="4169819686"/>
    <nd ref="7537397822"/>
    <nd ref="4169819687"/>
    <tag k="cycleway" v="lane"/>
    <tag k="highway" v="secondary"/>
    <tag k="lanes" v="2"/>
    <tag k="maxspeed" v="30 mph"/>
    <tag k="name" v="Monroe Street"/>
    <tag k="surface" v="asphalt"/>
    <tag k="tiger:cfcc" v="A41"/>
    <tag k="tiger:county" v="Santa Clara, CA"/>
    <tag k="tiger:name_base" v="Monroe"/>
    <tag k="tiger:name_direction_prefix" v="N"/>
    <tag k="tiger:name_type" v="St"/>
  </way>
  <way id="416151857">
    <nd ref="4169819687"/>
    <nd ref="6804262702"/>
    <nd ref="6009776772"/>
    <nd ref="65492862"/>
    <tag k="cycleway" v="lane"/>
    <tag k="highway" v="secondary"/>
    <tag k="lanes" v="3"/>
    <tag k="lanes:backward" v="1"/>
    <tag k="lanes:forward" v="2"/>
    <tag k="maxspeed" v="30 mph"/>
    <tag k="name" v="Monroe Street"/>
    <tag k="surface" v="asphalt"/>
    <tag k="tiger:cfcc" v="A41"/>
    <tag k="tiger:county" v="Santa Clara, CA"/>
    <tag k="tiger:name_base" v="Monroe"/>
    <tag k="tiger:name_direction_prefix" v="N"/>
    <tag k="tiger:name_type" v="St"/>
    <tag k="turn:lanes:forward" v="left|"/>
  </way>
  <way id="416151858">
    <nd ref="65511200"/>
    <nd ref="6649111234"/>
    <nd ref="6804262706"/>
    <nd ref="4169821894"/>
    <tag k="cycleway" v="lane"/>
    <tag k="highway" v="secondary"/>
    <tag k="lanes" v="5"/>
    <tag k="lanes:backward" v="3"/>
    <tag k="lanes:forward" v="2"/>
    <tag k="maxspeed" v="30 mph"/>
    <tag k="name" v="Monroe Street"/>
    <tag k="surface" v="asphalt"/>
    <tag k="tiger:cfcc" v="A41"/>
    <tag k="tiger:county" v="Santa Clara, CA"/>
    <tag k="tiger:name_base" v="Monroe"/>
    <tag k="tiger:name_direction_prefix" v="N"/>
    <tag k="tiger:name_type" v="St"/>
    <tag k="turn:lanes:backward" v="left||"/>
  </way>
  <way id="416151859">
    <nd ref="65493370"/>
    <nd ref="4169819684"/>
    <tag k="cycleway" v="lane"/>
    <tag k="highway" v="secondary"/>
    <tag k="lanes" v="4"/>
    <tag k="lanes:backward" v="3"/>
    <tag k="lanes:forward" v="1"/>
    <tag k="maxspeed" v="30 mph"/>
    <tag k="name" v="Monroe Street"/>
    <tag k="surface" v="asphalt"/>
    <tag k="tiger:cfcc" v="A41"/>
    <tag k="tiger:county" v="Santa Clara, CA"/>
    <tag k="tiger:name_base" v="Monroe"/>
    <tag k="tiger:name_direction_prefix" v="N"/>
    <tag k="tiger:name_type" v="St"/>
    <tag k="turn:lanes:backward" v="left||"/>
  </way>
  <way id="416151860">
    <nd ref="65595826"/>
    <nd ref="6804262705"/>
    <nd ref="6556805409"/>
    <nd ref="6804262704"/>
    <nd ref="5058055865"/>
    <tag k="cycleway" v="lane"/>
    <tag k="highway" v="secondary"/>
    <tag k="lanes" v="2"/>
    <tag k="maxspeed" v="30 mph"/>
    <tag k="name" v="Monroe Street"/>
    <tag k="surface" v="asphalt"/>
    <tag k="tiger:cfcc" v="A41"/>
    <tag k="tiger:county" v="Santa Clara, CA"/>
    <tag k="tiger:name_base" v="Monroe"/>
    <tag k="tiger:name_direction_prefix" v="N"/>
    <tag k="tiger:name_type" v="St"/>
  </way>
  <way id="416151861">
    <nd ref="4169819688"/>
    <nd ref="6804262703"/>
    <nd ref="4169821889"/>
    <tag k="cycleway" v="lane"/>
    <tag k="highway" v="secondary"/>
    <tag k="lanes" v="2"/>
    <tag k="maxspeed" v="30 mph"/>
    <tag k="name" v="Monroe Street"/>
    <tag k="surface" v="asphalt"/>
    <tag k="tiger:cfcc" v="A41"/>
    <tag k="tiger:county" v="Santa Clara, CA"/>
    <tag k="tiger:name_base" v="Monroe"/>
    <tag k="tiger:name_direction_prefix" v="N"/>
    <tag k="tiger:name_type" v="St"/>
  </way>
  <way id="416151862">
    <nd ref="4169821889"/>
    <nd ref="6653983571"/>
    <nd ref="65574622"/>
    <tag k="cycleway" v="lane"/>
    <tag k="highway" v="secondary"/>
    <tag k="lanes" v="2"/>
    <tag k="maxspeed" v="30 mph"/>
    <tag k="name" v="Monroe Street"/>
    <tag k="surface" v="asphalt"/>
    <tag k="tiger:cfcc" v="A41"/>
    <tag k="tiger:county" v="Santa Clara, CA"/>
    <tag k="tiger:name_base" v="Monroe"/>
    <tag k="tiger:name_direction_prefix" v="N"/>
    <tag k="tiger:name_type" v="St"/>
    <tag k="turn:lanes:forward" v="left||"/>
  </way>
  <way id="416151863">
    <nd ref="4169821890"/>
    <nd ref="282818670"/>
    <nd ref="4181885891"/>
    <nd ref="282818671"/>
    <nd ref="4169821891"/>
    <tag k="cycleway" v="lane"/>
    <tag k="highway" v="secondary"/>
    <tag k="lanes" v="2"/>
    <tag k="maxspeed" v="30 mph"/>
    <tag k="name" v="Monroe Street"/>
    <tag k="surface" v="asphalt"/>
    <tag k="tiger:cfcc" v="A41"/>
    <tag k="tiger:county" v="Santa Clara, CA"/>
    <tag k="tiger:name_base" v="Monroe"/>
    <tag k="tiger:name_direction_prefix" v="N"/>
    <tag k="tiger:name_type" v="St"/>
  </way>
  <way id="416151864">
    <nd ref="282813043"/>
    <nd ref="6659520184"/>
    <nd ref="2619191135"/>
    <nd ref="6804262700"/>
    <nd ref="4181855192"/>
    <tag k="cycleway" v="lane"/>
    <tag k="highway" v="secondary"/>
    <tag k="lanes" v="3"/>
    <tag k="maxspeed" v="30 mph"/>
    <tag k="name" v="Monroe Street"/>
    <tag k="sidewalk" v="both"/>
    <tag k="surface" v="asphalt"/>
    <tag k="tiger:cfcc" v="A41"/>
    <tag k="tiger:county" v="Santa Clara, CA"/>
    <tag k="tiger:name_base" v="Monroe"/>
    <tag k="tiger:name_direction_prefix" v="N"/>
    <tag k="tiger:name_type" v="St"/>
    <tag k="turn:lanes:backward" v="left|"/>
  </way>
  <way id="416151865">
    <nd ref="4169821892"/>
    <nd ref="6698263460"/>
    <nd ref="65511201"/>
    <tag k="HFCS" v="Principal Arterial"/>
    <tag k="highway" v="secondary"/>
    <tag k="lanes" v="5"/>
    <tag k="lanes:backward" v="2"/>
    <tag k="lanes:forward" v="3"/>
    <tag k="maxspeed" v="35 mph"/>
    <tag k="name" v="Scott Boulevard"/>
    <tag k="surface" v="asphalt"/>
    <tag k="tiger:county" v="Santa Clara, CA"/>
    <tag k="tiger:name_base" v="Scott"/>
    <tag k="tiger:name_type" v="Blvd"/>
    <tag k="turn:lanes:forward" v="left||"/>
  </way>
  <way id="416151866">
    <nd ref="65511201"/>
    <nd ref="6698263461"/>
    <nd ref="4169821893"/>
    <tag k="HFCS" v="Principal Arterial"/>
    <tag k="highway" v="secondary"/>
    <tag k="lanes" v="5"/>
    <tag k="lanes:backward" v="3"/>
    <tag k="lanes:forward" v="2"/>
    <tag k="maxspeed" v="35 mph"/>
    <tag k="name" v="Scott Boulevard"/>
    <tag k="surface" v="asphalt"/>
    <tag k="tiger:county" v="Santa Clara, CA"/>
    <tag k="tiger:name_base" v="Scott"/>
    <tag k="tiger:name_type" v="Blvd"/>
    <tag k="turn:lanes:backward" v="left||"/>
  </way>
  <way id="416151867">
    <nd ref="4169821893"/>
    <nd ref="65482985"/>
    <nd ref="1123102902"/>
    <nd ref="8742729403"/>
    <nd ref="12840892746"/>
    <nd ref="4181885892"/>
    <tag k="HFCS" v="Principal Arterial"/>
    <tag k="highway" v="secondary"/>
    <tag k="lanes" v="4"/>
    <tag k="maxspeed" v="35 mph"/>
    <tag k="name" v="Scott Boulevard"/>
    <tag k="surface" v="asphalt"/>
    <tag k="tiger:county" v="Santa Clara, CA"/>
    <tag k="tiger:name_base" v="Scott"/>
    <tag k="tiger:name_type" v="Blvd"/>
  </way>
  <way id="416223549">
    <nd ref="4170423432"/>
    <nd ref="282813107"/>
    <tag k="cycleway:both" v="no"/>
    <tag k="hgv" v="designated"/>
    <tag k="hgv:national_network" v="terminal_access"/>
    <tag k="highway" v="primary"/>
    <tag k="lanes" v="4"/>
    <tag k="maxspeed" v="35 mph"/>
    <tag k="name" v="El Camino Real"/>
    <tag k="old_ref" v="US 101"/>
    <tag k="oneway" v="yes"/>
    <tag k="placement" v="middle_of:3"/>
    <tag k="ref" v="CA 82"/>
    <tag k="sidewalk:left" v="no"/>
    <tag k="sidewalk:right" v="separate"/>
    <tag k="source:hgv:national_network" v="Caltrans http://www.dot.ca.gov/hq/traffops/trucks/truckmap/"/>
    <tag k="source:maxspeed" v="survey"/>
    <tag k="surface" v="asphalt"/>
    <tag k="tiger:cfcc" v="A31"/>
    <tag k="tiger:county" v="Santa Clara, CA"/>
    <tag k="tiger:name_base" v="El Camino Real"/>
    <tag k="tiger:name_base_1" v="State Highway 82"/>
    <tag k="turn:lanes" v="left|||"/>
  </way>
  <way id="416223550">
    <nd ref="282813108"/>
    <nd ref="6878671375"/>
    <nd ref="6860605036"/>
    <nd ref="4170423435"/>
    <tag k="cycleway:both" v="no"/>
    <tag k="hgv" v="designated"/>
    <tag k="hgv:national_network" v="terminal_access"/>
    <tag k="highway" v="primary"/>
    <tag k="lanes" v="3"/>
    <tag k="maxspeed" v="35 mph"/>
    <tag k="name" v="El Camino Real"/>
    <tag k="old_ref" v="US 101"/>
    <tag k="oneway" v="yes"/>
    <tag k="ref" v="CA 82"/>
    <tag k="sidewalk:left" v="no"/>
    <tag k="sidewalk:right" v="separate"/>
    <tag k="source:hgv:national_network" v="Caltrans http://www.dot.ca.gov/hq/traffops/trucks/truckmap/"/>
    <tag k="source:maxspeed" v="survey"/>
    <tag k="surface" v="asphalt"/>
    <tag k="tiger:cfcc" v="A31"/>
    <tag k="tiger:county" v="Santa Clara, CA"/>
    <tag k="tiger:name_base" v="El Camino Real"/>
    <tag k="tiger:name_base_1" v="State Highway 82"/>
  </way>
  <way id="416223552">
    <nd ref="4170423436"/>
    <nd ref="2857450009"/>
    <nd ref="282813108"/>
    <tag k="cycleway:both" v="no"/>
    <tag k="hgv" v="designated"/>
    <tag k="hgv:national_network" v="terminal_access"/>
    <tag k="highway" v="primary"/>
    <tag k="lanes" v="4"/>
    <tag k="maxspeed" v="40 mph"/>
    <tag k="name" v="El Camino Real"/>
    <tag k="old_ref" v="US 101"/>
    <tag k="oneway" v="yes"/>
    <tag k="placement" v="middle_of:3"/>
    <tag k="ref" v="CA 82"/>
    <tag k="sidewalk:left" v="no"/>
    <tag k="sidewalk:right" v="separate"/>
    <tag k="source:hgv:national_network" v="Caltrans http://www.dot.ca.gov/hq/traffops/trucks/truckmap/"/>
    <tag k="source:maxspeed" v="survey"/>
    <tag k="surface" v="asphalt"/>
    <tag k="tiger:cfcc" v="A31"/>
    <tag k="tiger:county" v="Santa Clara, CA"/>
    <tag k="tiger:name_base" v="El Camino Real"/>
    <tag k="tiger:name_base_1" v="State Highway 82"/>
    <tag k="turn:lanes" v="left|||"/>
  </way>
  <way id="416223553">
    <nd ref="282813107"/>
    <nd ref="8395240127"/>
    <nd ref="282813078"/>
    <nd ref="4170423433"/>
    <tag k="cycleway:both" v="no"/>
    <tag k="hgv" v="designated"/>
    <tag k="hgv:national_network" v="terminal_access"/>
    <tag k="highway" v="primary"/>
    <tag k="lanes" v="3"/>
    <tag k="maxspeed" v="40 mph"/>
    <tag k="name" v="El Camino Real"/>
    <tag k="old_ref" v="US 101"/>
    <tag k="oneway" v="yes"/>
    <tag k="ref" v="CA 82"/>
    <tag k="sidewalk:left" v="no"/>
    <tag k="sidewalk:right" v="separate"/>
    <tag k="source:hgv:national_network" v="Caltrans http://www.dot.ca.gov/hq/traffops/trucks/truckmap/"/>
    <tag k="source:maxspeed" v="survey"/>
    <tag k="surface" v="asphalt"/>
    <tag k="tiger:cfcc" v="A31"/>
    <tag k="tiger:county" v="Santa Clara, CA"/>
    <tag k="tiger:name_base" v="El Camino Real"/>
    <tag k="tiger:name_base_1" v="State Highway 82"/>
  </way>
  <way id="416223554">
    <nd ref="282813104"/>
    <nd ref="4877499569"/>
    <nd ref="11023456209"/>
    <nd ref="5915034700"/>
    <nd ref="7162653440"/>
    <nd ref="4170423432"/>
    <tag k="cycleway:both" v="no"/>
    <tag k="hgv" v="designated"/>
    <tag k="hgv:national_network" v="terminal_access"/>
    <tag k="highway" v="primary"/>
    <tag k="lanes" v="3"/>
    <tag k="maxspeed" v="35 mph"/>
    <tag k="name" v="El Camino Real"/>
    <tag k="old_ref" v="US 101"/>
    <tag k="oneway" v="yes"/>
    <tag k="ref" v="CA 82"/>
    <tag k="sidewalk:left" v="no"/>
    <tag k="sidewalk:right" v="separate"/>
    <tag k="source:hgv:national_network" v="Caltrans http://www.dot.ca.gov/hq/traffops/trucks/truckmap/"/>
    <tag k="source:maxspeed" v="survey"/>
    <tag k="surface" v="asphalt"/>
    <tag k="tiger:cfcc" v="A31"/>
    <tag k="tiger:county" v="Santa Clara, CA"/>
    <tag k="tiger:name_base" v="El Camino Real"/>
    <tag k="tiger:name_base_1" v="State Highway 82"/>
  </way>
  <way id="416223555">
    <nd ref="4170423433"/>
    <nd ref="7558397970"/>
    <nd ref="7558397983"/>
    <nd ref="2839948310"/>
    <nd ref="282813059"/>
    <tag k="cycleway:both" v="no"/>
    <tag k="hgv" v="designated"/>
    <tag k="hgv:national_network" v="terminal_access"/>
    <tag k="highway" v="primary"/>
    <tag k="lanes" v="4"/>
    <tag k="maxspeed" v="40 mph"/>
    <tag k="name" v="El Camino Real"/>
    <tag k="old_ref" v="US 101"/>
    <tag k="oneway" v="yes"/>
    <tag k="ref" v="CA 82"/>
    <tag k="sidewalk:left" v="no"/>
    <tag k="sidewalk:right" v="separate"/>
    <tag k="source:hgv:national_network" v="Caltrans http://www.dot.ca.gov/hq/traffops/trucks/truckmap/"/>
    <tag k="source:maxspeed" v="survey"/>
    <tag k="surface" v="asphalt"/>
    <tag k="tiger:cfcc" v="A31"/>
    <tag k="tiger:county" v="Santa Clara, CA"/>
    <tag k="tiger:name_base" v="El Camino Real"/>
    <tag k="tiger:name_base_1" v="State Highway 82"/>
    <tag k="turn:lanes" v="left|||"/>
  </way>
  <way id="416223556">
    <nd ref="4170423431"/>
    <nd ref="6543822936"/>
    <nd ref="5041442784"/>
    <tag k="cycleway:both" v="no"/>
    <tag k="hgv" v="designated"/>
    <tag k="hgv:national_network" v="terminal_access"/>
    <tag k="highway" v="primary"/>
    <tag k="lanes" v="4"/>
    <tag k="lit" v="yes"/>
    <tag k="maxspeed" v="35 mph"/>
    <tag k="name" v="El Camino Real"/>
    <tag k="old_ref" v="US 101"/>
    <tag k="oneway" v="yes"/>
    <tag k="ref" v="CA 82"/>
    <tag k="sidewalk:left" v="no"/>
    <tag k="sidewalk:right" v="separate"/>
    <tag k="source:hgv:national_network" v="Caltrans http://www.dot.ca.gov/hq/traffops/trucks/truckmap/"/>
    <tag k="source:maxspeed" v="survey"/>
    <tag k="surface" v="asphalt"/>
    <tag k="tiger:cfcc" v="A31"/>
    <tag k="tiger:county" v="Santa Clara, CA"/>
    <tag k="tiger:name_base" v="El Camino Real"/>
    <tag k="tiger:name_base_1" v="State Highway 82"/>
    <tag k="turn:lanes" v="left|||"/>
  </way>
  <way id="416223557">
    <nd ref="5041442783"/>
    <nd ref="6543822934"/>
    <nd ref="1107787949"/>
    <nd ref="650850685"/>
    <nd ref="6703688685"/>
    <nd ref="3749664351"/>
    <tag k="cycleway:both" v="no"/>
    <tag k="hgv" v="designated"/>
    <tag k="hgv:national_network" v="terminal_access"/>
    <tag k="highway" v="primary"/>
    <tag k="lanes" v="3"/>
    <tag k="lit" v="yes"/>
    <tag k="maxspeed" v="35 mph"/>
    <tag k="name" v="El Camino Real"/>
    <tag k="old_ref" v="US 101"/>
    <tag k="oneway" v="yes"/>
    <tag k="ref" v="CA 82"/>
    <tag k="shoulder" v="no"/>
    <tag k="sidewalk:left" v="no"/>
    <tag k="sidewalk:right" v="separate"/>
    <tag k="source:hgv:national_network" v="Caltrans http://www.dot.ca.gov/hq/traffops/trucks/truckmap/"/>
    <tag k="source:maxspeed" v="survey"/>
    <tag k="surface" v="asphalt"/>
    <tag k="tiger:cfcc" v="A31"/>
    <tag k="tiger:county" v="Santa Clara, CA"/>
    <tag k="tiger:name_base" v="El Camino Real"/>
    <tag k="tiger:name_base_1" v="State Highway 82"/>
  </way>
  <way id="416223558">
    <nd ref="282813089"/>
    <nd ref="4877499608"/>
    <nd ref="6343298026"/>
    <nd ref="6712917157"/>
    <nd ref="2857450011"/>
    <nd ref="2857450010"/>
    <nd ref="4170423436"/>
    <tag k="cycleway:both" v="no"/>
    <tag k="hgv" v="designated"/>
    <tag k="hgv:national_network" v="terminal_access"/>
    <tag k="highway" v="primary"/>
    <tag k="lanes" v="3"/>
    <tag k="maxspeed" v="40 mph"/>
    <tag k="name" v="El Camino Real"/>
    <tag k="old_ref" v="US 101"/>
    <tag k="oneway" v="yes"/>
    <tag k="ref" v="CA 82"/>
    <tag k="sidewalk:left" v="no"/>
    <tag k="sidewalk:right" v="separate"/>
    <tag k="source:hgv:national_network" v="Caltrans http://www.dot.ca.gov/hq/traffops/trucks/truckmap/"/>
    <tag k="source:maxspeed" v="survey"/>
    <tag k="surface" v="asphalt"/>
    <tag k="tiger:cfcc" v="A31"/>
    <tag k="tiger:county" v="Santa Clara, CA"/>
    <tag k="tiger:name_base" v="El Camino Real"/>
    <tag k="tiger:name_base_1" v="State Highway 82"/>
  </way>
  <way id="416223560">
    <nd ref="282813043"/>
    <nd ref="6659538486"/>
    <nd ref="4951309128"/>
    <nd ref="6712917159"/>
    <nd ref="1700444501"/>
    <nd ref="4877499609"/>
    <nd ref="7349794787"/>
    <nd ref="1700444498"/>
    <nd ref="4877499610"/>
    <nd ref="7349794777"/>
    <nd ref="1700444496"/>
    <nd ref="2619191104"/>
    <nd ref="1700444491"/>
    <nd ref="4170423437"/>
    <tag k="cycleway:both" v="no"/>
    <tag k="hgv" v="designated"/>
    <tag k="hgv:national_network" v="terminal_access"/>
    <tag k="highway" v="primary"/>
    <tag k="lanes" v="3"/>
    <tag k="maxspeed" v="40 mph"/>
    <tag k="name" v="El Camino Real"/>
    <tag k="old_ref" v="US 101"/>
    <tag k="oneway" v="yes"/>
    <tag k="ref" v="CA 82"/>
    <tag k="sidewalk:left" v="no"/>
    <tag k="sidewalk:right" v="separate"/>
    <tag k="source:hgv:national_network" v="Caltrans http://www.dot.ca.gov/hq/traffops/trucks/truckmap/"/>
    <tag k="source:maxspeed" v="survey"/>
    <tag k="surface" v="asphalt"/>
    <tag k="tiger:cfcc" v="A31"/>
    <tag k="tiger:county" v="Santa Clara, CA"/>
    <tag k="tiger:name_base" v="El Camino Real"/>
    <tag k="tiger:name_base_1" v="State Highway 82"/>
  </way>
  <way id="416223561">
    <nd ref="282813059"/>
    <nd ref="282813089"/>
    <tag k="HFCS" v="Minor Arterial"/>
    <tag k="abutters" v="residential"/>
    <tag k="highway" v="secondary"/>
    <tag k="lane_markings" v="no"/>
    <tag k="maxspeed" v="25 mph"/>
    <tag k="name" v="Lincoln Street"/>
    <tag k="sidewalk:both" v="separate"/>
    <tag k="surface" v="asphalt"/>
    <tag k="tiger:cfcc" v="A41"/>
    <tag k="tiger:county" v="Santa Clara, CA"/>
    <tag k="tiger:name_base" v="Lincoln"/>
    <tag k="tiger:name_type" v="St"/>
  </way>
  <way id="416223565">
    <nd ref="282813107"/>
    <nd ref="282813108"/>
    <tag k="cycleway:both" v="no"/>
    <tag k="highway" v="unclassified"/>
    <tag k="lanes" v="2"/>
    <tag k="name" v="Pierce Street"/>
    <tag k="surface" v="asphalt"/>
    <tag k="tiger:cfcc" v="A41"/>
    <tag k="tiger:county" v="Santa Clara, CA"/>
    <tag k="tiger:name_base" v="Pierce"/>
    <tag k="tiger:name_type" v="St"/>
  </way>
  <way id="416223566">
    <nd ref="282813104"/>
    <nd ref="282813137"/>
    <tag k="HFCS" v="Principal Arterial"/>
    <tag k="cycleway:both" v="no"/>
    <tag k="highway" v="secondary"/>
    <tag k="lanes" v="4"/>
    <tag k="maxspeed" v="35 mph"/>
    <tag k="name" v="Scott Boulevard"/>
    <tag k="oneway" v="yes"/>
    <tag k="sidewalk:left" v="no"/>
    <tag k="sidewalk:right" v="separate"/>
    <tag k="surface" v="asphalt"/>
    <tag k="tiger:county" v="Santa Clara, CA"/>
    <tag k="tiger:name_base" v="Scott"/>
    <tag k="tiger:name_type" v="Blvd"/>
  </way>
  <way id="416223567">
    <nd ref="282813137"/>
    <nd ref="6543822928"/>
    <nd ref="4877499604"/>
    <nd ref="6878671354"/>
    <nd ref="1107787855"/>
    <nd ref="4181885889"/>
    <tag k="HFCS" v="Principal Arterial"/>
    <tag k="cycleway:both" v="no"/>
    <tag k="highway" v="secondary"/>
    <tag k="lanes" v="2"/>
    <tag k="maxspeed" v="35 mph"/>
    <tag k="name" v="Scott Boulevard"/>
    <tag k="oneway" v="yes"/>
    <tag k="sidewalk:left" v="no"/>
    <tag k="sidewalk:right" v="separate"/>
    <tag k="surface" v="asphalt"/>
    <tag k="tiger:county" v="Santa Clara, CA"/>
    <tag k="tiger:name_base" v="Scott"/>
    <tag k="tiger:name_type" v="Blvd"/>
  </way>
  <way id="416227651">
    <nd ref="4170447856"/>
    <nd ref="6553226748"/>
    <nd ref="65433077"/>
    <tag k="HFCS" v="Principal Arterial"/>
    <tag k="cycleway:both" v="no"/>
    <tag k="highway" v="secondary"/>
    <tag k="lanes" v="3"/>
    <tag k="maxspeed" v="35 mph"/>
    <tag k="name" v="Scott Boulevard"/>
    <tag k="oneway" v="yes"/>
    <tag k="sidewalk:left" v="no"/>
    <tag k="sidewalk:right" v="separate"/>
    <tag k="smoothness" v="good"/>
    <tag k="surface" v="asphalt"/>
    <tag k="tiger:county" v="Santa Clara, CA"/>
    <tag k="tiger:name_base" v="Scott"/>
    <tag k="tiger:name_type" v="Blvd"/>
    <tag k="turn:lanes" v="left||"/>
  </way>
  <way id="416227672">
    <nd ref="5041442784"/>
    <nd ref="6543822921"/>
    <nd ref="4170447856"/>
    <tag k="HFCS" v="Principal Arterial"/>
    <tag k="cycleway:both" v="no"/>
    <tag k="highway" v="secondary"/>
    <tag k="lanes" v="2"/>
    <tag k="maxspeed" v="35 mph"/>
    <tag k="name" v="Scott Boulevard"/>
    <tag k="oneway" v="yes"/>
    <tag k="sidewalk:left" v="no"/>
    <tag k="sidewalk:right" v="separate"/>
    <tag k="surface" v="asphalt"/>
    <tag k="tiger:county" v="Santa Clara, CA"/>
    <tag k="tiger:name_base" v="Scott"/>
    <tag k="tiger:name_type" v="Blvd"/>
  </way>
  <way id="417073172">
    <nd ref="4176992228"/>
    <nd ref="2839948302"/>
    <nd ref="6473973656"/>
    <nd ref="282813059"/>
    <tag k="HFCS" v="Minor Arterial"/>
    <tag k="abutters" v="residential"/>
    <tag k="highway" v="secondary"/>
    <tag k="lanes" v="4"/>
    <tag k="lanes:backward" v="1"/>
    <tag k="lanes:forward" v="3"/>
    <tag k="maxspeed" v="25 mph"/>
    <tag k="name" v="Lincoln Street"/>
    <tag k="sidewalk:both" v="separate"/>
    <tag k="surface" v="asphalt"/>
    <tag k="tiger:cfcc" v="A41"/>
    <tag k="tiger:county" v="Santa Clara, CA"/>
    <tag k="tiger:name_base" v="Lincoln"/>
    <tag k="tiger:name_type" v="St"/>
    <tag k="turn:lanes:backward" v="merge_to_left"/>
    <tag k="turn:lanes:forward" v="left||"/>
  </way>
  <way id="417682558">
    <nd ref="65596348"/>
    <nd ref="6649067579"/>
    <nd ref="4951309149"/>
    <nd ref="668437479"/>
    <tag k="bicycle" v="yes"/>
    <tag k="cycleway" v="lane"/>
    <tag k="highway" v="secondary"/>
    <tag k="lanes" v="4"/>
    <tag k="maxspeed" v="35 mph"/>
    <tag k="name" v="Monroe Street"/>
    <tag k="surface" v="asphalt"/>
    <tag k="tiger:cfcc" v="A41"/>
    <tag k="tiger:county" v="Santa Clara, CA"/>
    <tag k="tiger:name_base" v="Monroe"/>
    <tag k="tiger:name_direction_prefix" v="N"/>
    <tag k="tiger:name_type" v="St"/>
    <tag k="turn:lanes:backward" v="left|none|none|right"/>
  </way>
  <way id="417682580">
    <nd ref="65596343"/>
    <nd ref="6649103470"/>
    <nd ref="4181855198"/>
    <tag k="cycleway" v="lane"/>
    <tag k="highway" v="secondary"/>
    <tag k="lanes" v="2"/>
    <tag k="maxspeed" v="30 mph"/>
    <tag k="name" v="Monroe Street"/>
    <tag k="sidewalk" v="both"/>
    <tag k="surface" v="asphalt"/>
    <tag k="tiger:cfcc" v="A41"/>
    <tag k="tiger:county" v="Santa Clara, CA"/>
    <tag k="tiger:name_base" v="Monroe"/>
    <tag k="tiger:name_direction_prefix" v="N"/>
    <tag k="tiger:name_type" v="St"/>
    <tag k="turn:lanes:backward" v="left|none"/>
  </way>
  <way id="417682588">
    <nd ref="4181855194"/>
    <nd ref="65596342"/>
    <tag k="cycleway" v="lane"/>
    <tag k="highway" v="secondary"/>
    <tag k="lanes" v="2"/>
    <tag k="maxspeed" v="30 mph"/>
    <tag k="name" v="Monroe Street"/>
    <tag k="surface" v="asphalt"/>
    <tag k="tiger:cfcc" v="A41"/>
    <tag k="tiger:county" v="Santa Clara, CA"/>
    <tag k="tiger:name_base" v="Monroe"/>
    <tag k="tiger:name_direction_prefix" v="N"/>
    <tag k="tiger:name_type" v="St"/>
    <tag k="turn:lanes:forward" v="left|none"/>
  </way>
  <way id="417682596">
    <nd ref="4181855197"/>
    <nd ref="6649103471"/>
    <nd ref="65596343"/>
    <tag k="cycleway" v="lane"/>
    <tag k="highway" v="secondary"/>
    <tag k="lanes" v="2"/>
    <tag k="maxspeed" v="30 mph"/>
    <tag k="name" v="Monroe Street"/>
    <tag k="sidewalk" v="both"/>
    <tag k="surface" v="asphalt"/>
    <tag k="tiger:cfcc" v="A41"/>
    <tag k="tiger:county" v="Santa Clara, CA"/>
    <tag k="tiger:name_base" v="Monroe"/>
    <tag k="tiger:name_direction_prefix" v="N"/>
    <tag k="tiger:name_type" v="St"/>
    <tag k="turn:lanes:forward" v="left|none"/>
  </way>
  <way id="417682601">
    <nd ref="4181855192"/>
    <nd ref="6804262701"/>
    <nd ref="4169819682"/>
    <tag k="cycleway" v="lane"/>
    <tag k="highway" v="secondary"/>
    <tag k="lane_markings" v="yes"/>
    <tag k="maxspeed" v="30 mph"/>
    <tag k="name" v="Monroe Street"/>
    <tag k="surface" v="asphalt"/>
    <tag k="tiger:cfcc" v="A41"/>
    <tag k="tiger:county" v="Santa Clara, CA"/>
    <tag k="tiger:name_base" v="Monroe"/>
    <tag k="tiger:name_direction_prefix" v="N"/>
    <tag k="tiger:name_type" v="St"/>
  </way>
  <way id="417682607">
    <nd ref="282813043"/>
    <nd ref="282813023"/>
    <tag k="cycleway" v="lane"/>
    <tag k="highway" v="secondary"/>
    <tag k="lanes" v="2"/>
    <tag k="maxspeed" v="30 mph"/>
    <tag k="name" v="Monroe Street"/>
    <tag k="sidewalk" v="both"/>
    <tag k="surface" v="asphalt"/>
    <tag k="tiger:cfcc" v="A41"/>
    <tag k="tiger:county" v="Santa Clara, CA"/>
    <tag k="tiger:name_base" v="Monroe"/>
    <tag k="tiger:name_direction_prefix" v="N"/>
    <tag k="tiger:name_type" v="St"/>
  </way>
  <way id="417682611">
    <nd ref="10928142792"/>
    <nd ref="4951308919"/>
    <nd ref="6804262708"/>
    <nd ref="4320033105"/>
    <nd ref="10928142793"/>
    <tag k="cycleway" v="lane"/>
    <tag k="highway" v="secondary"/>
    <tag k="lanes" v="2"/>
    <tag k="lanes:backward" v="1"/>
    <tag k="lanes:forward" v="1"/>
    <tag k="maxspeed" v="30 mph"/>
    <tag k="name" v="Monroe Street"/>
    <tag k="sidewalk" v="both"/>
    <tag k="surface" v="asphalt"/>
    <tag k="tiger:cfcc" v="A41"/>
    <tag k="tiger:county" v="Santa Clara, CA"/>
    <tag k="tiger:name_base" v="Monroe"/>
    <tag k="tiger:name_direction_prefix" v="N"/>
    <tag k="tiger:name_type" v="St"/>
  </way>
  <way id="417682619">
    <nd ref="4181855191"/>
    <nd ref="2565123124"/>
    <nd ref="6659520177"/>
    <nd ref="282813023"/>
    <tag k="HFCS" v="Minor Arterial"/>
    <tag k="abutters" v="residential"/>
    <tag k="cycleway" v="lane"/>
    <tag k="highway" v="secondary"/>
    <tag k="name" v="Monroe Street"/>
    <tag k="sidewalk" v="both"/>
    <tag k="surface" v="asphalt"/>
    <tag k="tiger:cfcc" v="A41"/>
    <tag k="tiger:county" v="Santa Clara, CA"/>
    <tag k="tiger:name_base" v="Monroe"/>
    <tag k="tiger:name_direction_prefix" v="N"/>
    <tag k="tiger:name_type" v="St"/>
    <tag k="turn:lanes:forward" v="left|none"/>
  </way>
  <way id="417682622">
    <nd ref="4169821894"/>
    <nd ref="282818582"/>
    <nd ref="4181855193"/>
    <nd ref="282818672"/>
    <nd ref="6804262707"/>
    <nd ref="4181855194"/>
    <tag k="cycleway" v="lane"/>
    <tag k="highway" v="secondary"/>
    <tag k="lanes" v="2"/>
    <tag k="maxspeed" v="30 mph"/>
    <tag k="name" v="Monroe Street"/>
    <tag k="surface" v="asphalt"/>
    <tag k="tiger:cfcc" v="A41"/>
    <tag k="tiger:county" v="Santa Clara, CA"/>
    <tag k="tiger:name_base" v="Monroe"/>
    <tag k="tiger:name_direction_prefix" v="N"/>
    <tag k="tiger:name_type" v="St"/>
  </way>
  <way id="417687410">
    <nd ref="4181885889"/>
    <nd ref="4181885890"/>
    <tag k="HFCS" v="Principal Arterial"/>
    <tag k="cycleway:both" v="no"/>
    <tag k="highway" v="secondary"/>
    <tag k="lanes" v="4"/>
    <tag k="maxspeed" v="35 mph"/>
    <tag k="name" v="Scott Boulevard"/>
    <tag k="sidewalk:both" v="separate"/>
    <tag k="surface" v="asphalt"/>
    <tag k="tiger:county" v="Santa Clara, CA"/>
    <tag k="tiger:name_base" v="Scott"/>
    <tag k="tiger:name_type" v="Blvd"/>
  </way>
  <way id="417687417">
    <nd ref="4181885890"/>
    <nd ref="65428730"/>
    <tag k="HFCS" v="Principal Arterial"/>
    <tag k="cycleway:both" v="no"/>
    <tag k="highway" v="secondary"/>
    <tag k="lanes" v="5"/>
    <tag k="lanes:backward" v="2"/>
    <tag k="lanes:forward" v="3"/>
    <tag k="maxspeed" v="35 mph"/>
    <tag k="name" v="Scott Boulevard"/>
    <tag k="sidewalk:both" v="separate"/>
    <tag k="surface" v="asphalt"/>
    <tag k="tiger:county" v="Santa Clara, CA"/>
    <tag k="tiger:name_base" v="Scott"/>
    <tag k="tiger:name_type" v="Blvd"/>
    <tag k="turn:lanes:forward" v="left||"/>
  </way>
  <way id="417687433">
    <nd ref="4181885892"/>
    <nd ref="8414680901"/>
    <nd ref="4951309144"/>
    <nd ref="4951309143"/>
    <nd ref="6649067578"/>
    <nd ref="65596348"/>
    <tag k="HFCS" v="Principal Arterial"/>
    <tag k="highway" v="secondary"/>
    <tag k="lanes" v="5"/>
    <tag k="lanes:backward" v="2"/>
    <tag k="lanes:forward" v="3"/>
    <tag k="maxspeed" v="35 mph"/>
    <tag k="name" v="Scott Boulevard"/>
    <tag k="surface" v="asphalt"/>
    <tag k="tiger:county" v="Santa Clara, CA"/>
    <tag k="tiger:name_base" v="Scott"/>
    <tag k="tiger:name_type" v="Blvd"/>
    <tag k="turn:lanes:forward" v="left||"/>
  </way>
  <way id="417687441">
    <nd ref="7714867096"/>
    <nd ref="816127955"/>
    <nd ref="7330843727"/>
    <nd ref="8482666199"/>
    <nd ref="8482666206"/>
    <nd ref="2933577337"/>
    <nd ref="13545265829"/>
    <nd ref="2933573114"/>
    <tag k="HFCS" v="Principal Arterial"/>
    <tag k="cycleway:both" v="no"/>
    <tag k="highway" v="secondary"/>
    <tag k="lanes" v="5"/>
    <tag k="lanes:backward" v="2"/>
    <tag k="lanes:both_ways" v="1"/>
    <tag k="lanes:forward" v="2"/>
    <tag k="maxspeed" v="35 mph"/>
    <tag k="name" v="Scott Boulevard"/>
    <tag k="sidewalk:both" v="separate"/>
    <tag k="surface" v="asphalt"/>
    <tag k="tiger:county" v="Santa Clara, CA"/>
    <tag k="tiger:name_base" v="Scott"/>
    <tag k="tiger:name_type" v="Blvd"/>
    <tag k="turn:lanes:both_ways" v="left"/>
  </way>
  <way id="417688003">
    <nd ref="4181886493"/>
    <nd ref="5388543516"/>
    <nd ref="4181886494"/>
    <tag k="HFCS" v="Principal Arterial"/>
    <tag k="abutters" v="industrial"/>
    <tag k="cycleway:both" v="no"/>
    <tag k="highway" v="primary"/>
    <tag k="maxspeed" v="35 mph"/>
    <tag k="name" v="Lafayette Street"/>
    <tag k="source:maxspeed" v="sign"/>
    <tag k="tiger:cfcc" v="A41"/>
    <tag k="tiger:county" v="Santa Clara, CA"/>
    <tag k="tiger:name_base" v="Lafayette"/>
    <tag k="tiger:name_type" v="St"/>
  </way>
  <way id="417688010">
    <nd ref="4181886494"/>
    <nd ref="65524566"/>
    <tag k="HFCS" v="Principal Arterial"/>
    <tag k="abutters" v="industrial"/>
    <tag k="cycleway:both" v="no"/>
    <tag k="highway" v="primary"/>
    <tag k="lanes" v="5"/>
    <tag k="lanes:backward" v="2"/>
    <tag k="lanes:forward" v="3"/>
    <tag k="maxspeed" v="35 mph"/>
    <tag k="name" v="Lafayette Street"/>
    <tag k="source:maxspeed" v="sign"/>
    <tag k="tiger:cfcc" v="A41"/>
    <tag k="tiger:county" v="Santa Clara, CA"/>
    <tag k="tiger:name_base" v="Lafayette"/>
    <tag k="tiger:name_type" v="St"/>
    <tag k="turn:lanes:forward" v="left||"/>
  </way>
  <way id="417688019">
    <nd ref="65574658"/>
    <nd ref="3678002356"/>
    <nd ref="1071375161"/>
    <nd ref="7930961565"/>
    <nd ref="4181886493"/>
    <tag k="HFCS" v="Principal Arterial"/>
    <tag k="abutters" v="industrial"/>
    <tag k="cycleway:both" v="no"/>
    <tag k="highway" v="primary"/>
    <tag k="lanes" v="5"/>
    <tag k="lanes:backward" v="3"/>
    <tag k="lanes:forward" v="2"/>
    <tag k="maxspeed" v="35 mph"/>
    <tag k="name" v="Lafayette Street"/>
    <tag k="source:maxspeed" v="sign"/>
    <tag k="tiger:cfcc" v="A41"/>
    <tag k="tiger:county" v="Santa Clara, CA"/>
    <tag k="tiger:name_base" v="Lafayette"/>
    <tag k="tiger:name_type" v="St"/>
    <tag k="turn:lanes:backward" v="left||"/>
  </way>
  <way id="422509854">
    <nd ref="3612914341"/>
    <nd ref="3612914342"/>
    <nd ref="5146084951"/>
    <nd ref="3612914343"/>
    <nd ref="5146084947"/>
    <nd ref="4222650160"/>
    <nd ref="5146084952"/>
    <nd ref="5146084953"/>
    <nd ref="5146084946"/>
    <nd ref="5146084945"/>
    <nd ref="606291499"/>
    <nd ref="4222650161"/>
    <nd ref="4222650162"/>
    <nd ref="4548699340"/>
    <nd ref="4548699341"/>
    <tag k="bicycle" v="designated"/>
    <tag k="foot" v="designated"/>
    <tag k="highway" v="cycleway"/>
  </way>
  <way id="426375563">
    <nd ref="65492862"/>
    <nd ref="6009776773"/>
    <nd ref="8608754142"/>
    <nd ref="65492865"/>
    <nd ref="6009776758"/>
    <nd ref="282818851"/>
    <nd ref="1078266662"/>
    <nd ref="1078266804"/>
    <nd ref="6009776756"/>
    <nd ref="6009776757"/>
    <nd ref="65492867"/>
    <nd ref="1078266659"/>
    <nd ref="650853959"/>
    <nd ref="1078266813"/>
    <nd ref="1078266718"/>
    <nd ref="65492869"/>
    <nd ref="6009776780"/>
    <nd ref="65492871"/>
    <nd ref="8608701197"/>
    <nd ref="65492872"/>
    <nd ref="65492879"/>
    <nd ref="6009776894"/>
    <nd ref="1078266640"/>
    <nd ref="6009776893"/>
    <nd ref="65492882"/>
    <nd ref="2933573118"/>
    <nd ref="2933573117"/>
    <nd ref="288057507"/>
    <nd ref="6009776778"/>
    <nd ref="615638764"/>
    <nd ref="2933573115"/>
    <nd ref="3643144313"/>
    <nd ref="65492885"/>
    <tag k="HFCS" v="Collector"/>
    <tag k="bicycle" v="yes"/>
    <tag k="cycleway:both" v="no"/>
    <tag k="highway" v="tertiary"/>
    <tag k="lanes" v="2"/>
    <tag k="maxspeed" v="25 mph"/>
    <tag k="name" v="Warburton Avenue"/>
    <tag k="oneway" v="no"/>
    <tag k="sidewalk" v="both"/>
    <tag k="surface" v="asphalt"/>
    <tag k="tiger:county" v="Santa Clara, CA"/>
    <tag k="tiger:name_base" v="Warburton"/>
    <tag k="tiger:name_type" v="Ave"/>
  </way>
  <way id="433111482">
    <nd ref="4320033105"/>
    <nd ref="6649036072"/>
    <nd ref="4320033106"/>
    <nd ref="4772455195"/>
    <nd ref="4772455194"/>
    <nd ref="4320033109"/>
    <nd ref="4772455193"/>
    <nd ref="4320033110"/>
    <nd ref="4320033111"/>
    <nd ref="8703281590"/>
    <nd ref="4320033112"/>
    <tag k="highway" v="service"/>
    <tag k="service" v="parking_aisle"/>
    <tag k="surface" v="asphalt"/>
  </way>
  <way id="465426320">
    <nd ref="4603908303"/>
    <nd ref="6652450376"/>
    <nd ref="4603908302"/>
    <tag k="highway" v="service"/>
  </way>
  <way id="465644855">
    <nd ref="13008521102"/>
    <nd ref="13008521101"/>
    <nd ref="13008475200"/>
    <nd ref="4605791136"/>
    <nd ref="6652450377"/>
    <nd ref="4605791137"/>
    <tag k="access" v="private"/>
    <tag k="highway" v="service"/>
  </way>
  <way id="465703275">
    <nd ref="4606318927"/>
    <nd ref="6652450378"/>
    <nd ref="4606318926"/>
    <nd ref="4606318925"/>
    <tag k="highway" v="service"/>
  </way>
  <way id="468119118">
    <nd ref="4626757904"/>
    <nd ref="11203040673"/>
    <nd ref="4626757903"/>
    <nd ref="4626757902"/>
    <tag k="highway" v="service"/>
  </way>
  <way id="496032369">
    <nd ref="4877499563"/>
    <nd ref="8557900548"/>
    <nd ref="4877499565"/>
    <tag k="HFCS" v="Principal Arterial"/>
    <tag k="cycleway:both" v="no"/>
    <tag k="highway" v="secondary"/>
    <tag k="lanes" v="2"/>
    <tag k="maxspeed" v="35 mph"/>
    <tag k="name" v="Scott Boulevard"/>
    <tag k="oneway" v="yes"/>
    <tag k="sidewalk:left" v="no"/>
    <tag k="sidewalk:right" v="separate"/>
    <tag k="surface" v="asphalt"/>
    <tag k="tiger:county" v="Santa Clara, CA"/>
    <tag k="tiger:name_base" v="Scott"/>
    <tag k="tiger:name_type" v="Blvd"/>
  </way>
  <way id="496032370">
    <nd ref="4877499565"/>
    <nd ref="5915034692"/>
    <nd ref="11309360606"/>
    <nd ref="11023456208"/>
    <nd ref="6543822922"/>
    <nd ref="282813104"/>
    <tag k="HFCS" v="Principal Arterial"/>
    <tag k="cycleway:both" v="no"/>
    <tag k="highway" v="secondary"/>
    <tag k="lanes" v="2"/>
    <tag k="maxspeed" v="35 mph"/>
    <tag k="name" v="Scott Boulevard"/>
    <tag k="oneway" v="yes"/>
    <tag k="sidewalk:left" v="no"/>
    <tag k="sidewalk:right" v="separate"/>
    <tag k="surface" v="asphalt"/>
    <tag k="tiger:county" v="Santa Clara, CA"/>
    <tag k="tiger:name_base" v="Scott"/>
    <tag k="tiger:name_type" v="Blvd"/>
    <tag k="turn:lanes" v="left||"/>
  </way>
  <way id="500240676">
    <nd ref="4913409618"/>
    <nd ref="4913409615"/>
    <nd ref="4913409616"/>
    <tag k="highway" v="service"/>
    <tag k="service" v="parking_aisle"/>
  </way>
  <way id="500240677">
    <nd ref="4913409619"/>
    <nd ref="6546559172"/>
    <nd ref="4913409616"/>
    <tag k="highway" v="service"/>
    <tag k="surface" v="concrete:plates"/>
  </way>
  <way id="500240678">
    <nd ref="4913409616"/>
    <nd ref="4913409618"/>
    <nd ref="4913409617"/>
    <tag k="highway" v="service"/>
    <tag k="service" v="parking_aisle"/>
  </way>
  <way id="505100414">
    <nd ref="4951308911"/>
    <nd ref="6652462417"/>
    <nd ref="4951308910"/>
    <nd ref="4951308909"/>
    <tag k="highway" v="service"/>
  </way>
  <way id="505100415">
    <nd ref="4951308913"/>
    <nd ref="4951308912"/>
    <tag k="highway" v="service"/>
  </way>
  <way id="505100416">
    <nd ref="4951308919"/>
    <nd ref="6649082251"/>
    <nd ref="4951308918"/>
    <nd ref="4951308917"/>
    <nd ref="4951308913"/>
    <nd ref="4951308916"/>
    <nd ref="4951308915"/>
    <nd ref="6649082252"/>
    <nd ref="4951308914"/>
    <tag k="highway" v="service"/>
    <tag k="surface" v="asphalt"/>
  </way>
  <way id="505100417">
    <nd ref="4951309125"/>
    <nd ref="6653889002"/>
    <nd ref="4951309124"/>
    <tag k="highway" v="service"/>
  </way>
  <way id="505100418">
    <nd ref="4951309124"/>
    <nd ref="4951309123"/>
    <nd ref="4951309122"/>
    <nd ref="6653889001"/>
    <nd ref="4951309121"/>
    <tag k="highway" v="service"/>
  </way>
  <way id="505100419">
    <nd ref="4951309126"/>
    <nd ref="6473985895"/>
    <nd ref="4951309127"/>
    <tag k="highway" v="service"/>
    <tag k="oneway" v="yes"/>
  </way>
  <way id="505100420">
    <nd ref="4951309127"/>
    <nd ref="4951309135"/>
    <nd ref="4951309134"/>
    <nd ref="4951309133"/>
    <nd ref="4951309132"/>
    <nd ref="4951309131"/>
    <nd ref="4951309130"/>
    <nd ref="4951309129"/>
    <nd ref="6473985894"/>
    <nd ref="4951309128"/>
    <tag k="highway" v="service"/>
    <tag k="oneway" v="yes"/>
    <tag k="surface" v="asphalt"/>
  </way>
  <way id="505100421">
    <nd ref="4951309137"/>
    <nd ref="6649082250"/>
    <nd ref="4320033105"/>
    <tag k="highway" v="service"/>
  </way>
  <way id="505100422">
    <nd ref="4951309138"/>
    <nd ref="4951309137"/>
    <tag k="highway" v="service"/>
  </way>
  <way id="505100423">
    <nd ref="4951309143"/>
    <nd ref="6649082339"/>
    <nd ref="4951309141"/>
    <nd ref="4951309138"/>
    <nd ref="6649082249"/>
    <nd ref="4951309139"/>
    <tag k="highway" v="service"/>
  </way>
  <way id="505100424">
    <nd ref="4951309149"/>
    <nd ref="6649082231"/>
    <nd ref="4951309148"/>
    <nd ref="4951309145"/>
    <nd ref="6649082224"/>
    <nd ref="4951309144"/>
    <tag k="highway" v="service"/>
  </way>
  <way id="505100425">
    <nd ref="6009776893"/>
    <nd ref="6546454260"/>
    <nd ref="4951309156"/>
    <nd ref="6009776908"/>
    <nd ref="4951309155"/>
    <nd ref="6546454360"/>
    <nd ref="4951309154"/>
    <tag k="highway" v="service"/>
    <tag k="service" v="parking_aisle"/>
    <tag k="surface" v="asphalt"/>
  </way>
  <way id="511183660">
    <nd ref="5000958021"/>
    <nd ref="6546454239"/>
    <nd ref="6546454238"/>
    <nd ref="6546454240"/>
    <nd ref="6546454237"/>
    <nd ref="6546454236"/>
    <nd ref="6546454235"/>
    <nd ref="6546454234"/>
    <nd ref="6546454241"/>
    <nd ref="6546454233"/>
    <nd ref="6546454232"/>
    <nd ref="6546454231"/>
    <nd ref="6546454230"/>
    <nd ref="6546454229"/>
    <nd ref="6546454228"/>
    <nd ref="6546454227"/>
    <nd ref="6630619990"/>
    <nd ref="6546454226"/>
    <nd ref="6546454225"/>
    <nd ref="6546454224"/>
    <nd ref="6546454223"/>
    <nd ref="6546454222"/>
    <nd ref="5000958023"/>
    <nd ref="6630619988"/>
    <nd ref="5000958022"/>
    <nd ref="5000958021"/>
    <tag k="bicycle" v="no"/>
    <tag k="footway" v="sidewalk"/>
    <tag k="highway" v="footway"/>
    <tag k="surface" v="concrete"/>
  </way>
  <way id="516434371">
    <nd ref="282813137"/>
    <nd ref="5041442783"/>
    <tag k="cycleway:both" v="no"/>
    <tag k="hgv" v="designated"/>
    <tag k="hgv:national_network" v="terminal_access"/>
    <tag k="highway" v="primary"/>
    <tag k="lanes" v="3"/>
    <tag k="maxspeed" v="35 mph"/>
    <tag k="name" v="El Camino Real"/>
    <tag k="old_ref" v="US 101"/>
    <tag k="oneway" v="yes"/>
    <tag k="ref" v="CA 82"/>
    <tag k="sidewalk:left" v="no"/>
    <tag k="sidewalk:right" v="separate"/>
    <tag k="source:hgv:national_network" v="Caltrans http://www.dot.ca.gov/hq/traffops/trucks/truckmap/"/>
    <tag k="source:maxspeed" v="survey"/>
    <tag k="surface" v="asphalt"/>
    <tag k="tiger:cfcc" v="A31"/>
    <tag k="tiger:county" v="Santa Clara, CA"/>
    <tag k="tiger:name_base" v="El Camino Real"/>
    <tag k="tiger:name_base_1" v="State Highway 82"/>
  </way>
  <way id="516434372">
    <nd ref="5041442784"/>
    <nd ref="282813104"/>
    <tag k="cycleway:both" v="no"/>
    <tag k="hgv" v="designated"/>
    <tag k="hgv:national_network" v="terminal_access"/>
    <tag k="highway" v="primary"/>
    <tag k="lanes" v="4"/>
    <tag k="maxspeed" v="35 mph"/>
    <tag k="name" v="El Camino Real"/>
    <tag k="old_ref" v="US 101"/>
    <tag k="oneway" v="yes"/>
    <tag k="ref" v="CA 82"/>
    <tag k="sidewalk:left" v="no"/>
    <tag k="sidewalk:right" v="separate"/>
    <tag k="source:hgv:national_network" v="Caltrans http://www.dot.ca.gov/hq/traffops/trucks/truckmap/"/>
    <tag k="source:maxspeed" v="survey"/>
    <tag k="surface" v="asphalt"/>
    <tag k="tiger:cfcc" v="A31"/>
    <tag k="tiger:county" v="Santa Clara, CA"/>
    <tag k="tiger:name_base" v="El Camino Real"/>
    <tag k="tiger:name_base_1" v="State Highway 82"/>
    <tag k="turn:lanes" v="left|||"/>
  </way>
  <way id="516434373">
    <nd ref="5041442783"/>
    <nd ref="5041442784"/>
    <tag k="HFCS" v="Principal Arterial"/>
    <tag k="cycleway:both" v="no"/>
    <tag k="highway" v="secondary"/>
    <tag k="lanes" v="4"/>
    <tag k="maxspeed" v="35 mph"/>
    <tag k="name" v="Scott Boulevard"/>
    <tag k="oneway" v="yes"/>
    <tag k="sidewalk:left" v="no"/>
    <tag k="sidewalk:right" v="separate"/>
    <tag k="surface" v="asphalt"/>
    <tag k="tiger:county" v="Santa Clara, CA"/>
    <tag k="tiger:name_base" v="Scott"/>
    <tag k="tiger:name_type" v="Blvd"/>
  </way>
  <way id="516434374">
    <nd ref="4181885889"/>
    <nd ref="5041442786"/>
    <nd ref="4877499600"/>
    <nd ref="6543822929"/>
    <nd ref="5041442783"/>
    <tag k="HFCS" v="Principal Arterial"/>
    <tag k="cycleway:both" v="no"/>
    <tag k="highway" v="secondary"/>
    <tag k="lanes" v="3"/>
    <tag k="maxspeed" v="35 mph"/>
    <tag k="name" v="Scott Boulevard"/>
    <tag k="oneway" v="yes"/>
    <tag k="sidewalk:left" v="no"/>
    <tag k="sidewalk:right" v="separate"/>
    <tag k="surface" v="asphalt"/>
    <tag k="tiger:county" v="Santa Clara, CA"/>
    <tag k="tiger:name_base" v="Scott"/>
    <tag k="tiger:name_type" v="Blvd"/>
    <tag k="turn:lanes" v="left||"/>
  </way>
  <way id="516435972">
    <nd ref="1078266808"/>
    <nd ref="2839948320"/>
    <nd ref="65493361"/>
    <tag k="HFCS" v="Collector"/>
    <tag k="cycleway:left" v="no"/>
    <tag k="highway" v="tertiary"/>
    <tag k="lanes" v="2"/>
    <tag k="name" v="Lincoln Street"/>
    <tag k="oneway" v="yes"/>
    <tag k="surface" v="asphalt"/>
    <tag k="tiger:cfcc" v="A41"/>
    <tag k="tiger:county" v="Santa Clara, CA"/>
    <tag k="tiger:name_base" v="Lincoln"/>
    <tag k="tiger:name_type" v="St"/>
  </way>
  <way id="516435973">
    <nd ref="9792434344"/>
    <nd ref="2839948317"/>
    <nd ref="282813089"/>
    <tag k="HFCS" v="Collector"/>
    <tag k="cycleway:left" v="no"/>
    <tag k="highway" v="tertiary"/>
    <tag k="lanes" v="3"/>
    <tag k="name" v="Lincoln Street"/>
    <tag k="oneway" v="yes"/>
    <tag k="sidewalk:left" v="no"/>
    <tag k="sidewalk:right" v="separate"/>
    <tag k="surface" v="asphalt"/>
    <tag k="tiger:cfcc" v="A41"/>
    <tag k="tiger:county" v="Santa Clara, CA"/>
    <tag k="tiger:name_base" v="Lincoln"/>
    <tag k="tiger:name_type" v="St"/>
    <tag k="turn:lanes" v="left|through|merge_to_left"/>
  </way>
  <way id="517902446">
    <nd ref="667367325"/>
    <nd ref="667367322"/>
    <nd ref="65493377"/>
    <tag k="abutters" v="commercial"/>
    <tag k="cycleway:both" v="no"/>
    <tag k="highway" v="primary"/>
    <tag k="maxspeed" v="30 mph"/>
    <tag k="name" v="Lafayette Street"/>
    <tag k="sidewalk:both" v="separate"/>
    <tag k="source:maxspeed" v="sign"/>
    <tag k="tiger:cfcc" v="A41"/>
    <tag k="tiger:county" v="Santa Clara, CA"/>
    <tag k="tiger:name_base" v="Lafayette"/>
    <tag k="tiger:name_type" v="St"/>
  </way>
  <way id="517902449">
    <nd ref="5053102195"/>
    <nd ref="6685674174"/>
    <nd ref="65438668"/>
    <tag k="highway" v="tertiary"/>
    <tag k="lanes" v="3"/>
    <tag k="maxspeed" v="25 mph"/>
    <tag k="name" v="Lewis Street"/>
    <tag k="oneway" v="yes"/>
    <tag k="sidewalk:both" v="separate"/>
    <tag k="tiger:cfcc" v="A41"/>
    <tag k="tiger:county" v="Santa Clara, CA"/>
    <tag k="tiger:name_base" v="Lewis"/>
    <tag k="tiger:name_type" v="St"/>
    <tag k="turn:lanes" v="left|through|through"/>
  </way>
  <way id="517911064">
    <nd ref="65492869"/>
    <nd ref="6009776771"/>
    <nd ref="8608701201"/>
    <nd ref="5053172377"/>
    <tag k="HFCS" v="Collector"/>
    <tag k="highway" v="tertiary"/>
    <tag k="lanes" v="4"/>
    <tag k="lanes:backward" v="2"/>
    <tag k="lanes:forward" v="2"/>
    <tag k="maxspeed" v="25 mph"/>
    <tag k="name" v="Lincoln Street"/>
    <tag k="surface" v="asphalt"/>
    <tag k="tiger:cfcc" v="A41"/>
    <tag k="tiger:county" v="Santa Clara, CA"/>
    <tag k="tiger:name_base" v="Lincoln"/>
    <tag k="tiger:name_type" v="St"/>
    <tag k="turn:lanes:backward" v="left|right"/>
  </way>
  <way id="517911065">
    <nd ref="5053172378"/>
    <nd ref="6569283492"/>
    <nd ref="65493361"/>
    <tag k="HFCS" v="Collector"/>
    <tag k="highway" v="tertiary"/>
    <tag k="lanes" v="5"/>
    <tag k="lanes:backward" v="2"/>
    <tag k="lanes:forward" v="3"/>
    <tag k="name" v="Lincoln Street"/>
    <tag k="surface" v="asphalt"/>
    <tag k="tiger:cfcc" v="A41"/>
    <tag k="tiger:county" v="Santa Clara, CA"/>
    <tag k="tiger:name_base" v="Lincoln"/>
    <tag k="tiger:name_type" v="St"/>
    <tag k="turn:lanes:forward" v="left||"/>
  </way>
  <way id="518531665">
    <nd ref="65524566"/>
    <nd ref="3678002355"/>
    <nd ref="5057939928"/>
    <tag k="HFCS" v="Principal Arterial"/>
    <tag k="abutters" v="industrial"/>
    <tag k="cycleway:both" v="no"/>
    <tag k="highway" v="primary"/>
    <tag k="lanes" v="5"/>
    <tag k="lanes:backward" v="3"/>
    <tag k="lanes:forward" v="2"/>
    <tag k="maxspeed" v="35 mph"/>
    <tag k="name" v="Lafayette Street"/>
    <tag k="source:maxspeed" v="sign"/>
    <tag k="tiger:cfcc" v="A41"/>
    <tag k="tiger:county" v="Santa Clara, CA"/>
    <tag k="tiger:name_base" v="Lafayette"/>
    <tag k="tiger:name_type" v="St"/>
    <tag k="turn:lanes:backward" v="left||"/>
  </way>
  <way id="518543247">
    <nd ref="650853961"/>
    <nd ref="7229601201"/>
    <nd ref="65492855"/>
    <nd ref="65577932"/>
    <tag k="HFCS" v="Principal Arterial"/>
    <tag k="abutters" v="commercial"/>
    <tag k="cycleway:both" v="no"/>
    <tag k="highway" v="primary"/>
    <tag k="maxspeed" v="30 mph"/>
    <tag k="name" v="Lafayette Street"/>
    <tag k="sidewalk" v="no"/>
    <tag k="source:maxspeed" v="sign"/>
    <tag k="tiger:cfcc" v="A41"/>
    <tag k="tiger:county" v="Santa Clara, CA"/>
    <tag k="tiger:name_base" v="Lafayette"/>
    <tag k="tiger:name_type" v="St"/>
  </way>
  <way id="518545731">
    <nd ref="5058055865"/>
    <nd ref="6649081680"/>
    <nd ref="65511200"/>
    <tag k="cycleway" v="lane"/>
    <tag k="highway" v="secondary"/>
    <tag k="lanes" v="4"/>
    <tag k="lanes:backward" v="1"/>
    <tag k="lanes:forward" v="3"/>
    <tag k="maxspeed" v="30 mph"/>
    <tag k="name" v="Monroe Street"/>
    <tag k="surface" v="asphalt"/>
    <tag k="tiger:cfcc" v="A41"/>
    <tag k="tiger:county" v="Santa Clara, CA"/>
    <tag k="tiger:name_base" v="Monroe"/>
    <tag k="tiger:name_direction_prefix" v="N"/>
    <tag k="tiger:name_type" v="St"/>
    <tag k="turn:lanes:forward" v="left||"/>
  </way>
  <way id="518545743">
    <nd ref="5057939928"/>
    <nd ref="8410858721"/>
    <nd ref="4626757902"/>
    <nd ref="3701537820"/>
    <nd ref="5058055871"/>
    <tag k="HFCS" v="Principal Arterial"/>
    <tag k="abutters" v="industrial"/>
    <tag k="cycleway:both" v="no"/>
    <tag k="highway" v="primary"/>
    <tag k="maxspeed" v="35 mph"/>
    <tag k="name" v="Lafayette Street"/>
    <tag k="source:maxspeed" v="sign"/>
    <tag k="tiger:cfcc" v="A41"/>
    <tag k="tiger:county" v="Santa Clara, CA"/>
    <tag k="tiger:name_base" v="Lafayette"/>
    <tag k="tiger:name_type" v="St"/>
  </way>
  <way id="529801203">
    <nd ref="3612914325"/>
    <nd ref="3612914319"/>
    <nd ref="3612914322"/>
    <nd ref="5146084957"/>
    <nd ref="3612914321"/>
    <nd ref="5146084956"/>
    <nd ref="3612914320"/>
    <nd ref="5146084955"/>
    <nd ref="3612914318"/>
    <nd ref="5146084954"/>
    <nd ref="3612914317"/>
    <nd ref="3612914315"/>
    <nd ref="3612914333"/>
    <nd ref="3612914334"/>
    <nd ref="5146084950"/>
    <nd ref="3612914335"/>
    <nd ref="5146084949"/>
    <nd ref="3612914336"/>
    <nd ref="3612914337"/>
    <nd ref="3612914338"/>
    <nd ref="3612914339"/>
    <nd ref="5146084948"/>
    <nd ref="3612914340"/>
    <nd ref="3612914341"/>
    <tag k="bicycle" v="designated"/>
    <tag k="bridge" v="yes"/>
    <tag k="foot" v="designated"/>
    <tag k="highway" v="cycleway"/>
    <tag k="horse" v="no"/>
    <tag k="incline" v="steep"/>
    <tag k="layer" v="2"/>
    <tag k="motor_vehicle" v="no"/>
    <tag k="segregated" v="no"/>
    <tag k="surface" v="concrete"/>
  </way>
  <way id="531562011">
    <nd ref="65575666"/>
    <nd ref="6635635399"/>
    <nd ref="6635635396"/>
    <nd ref="6634672672"/>
    <nd ref="6635692942"/>
    <nd ref="65532710"/>
    <nd ref="6635692945"/>
    <nd ref="6634672673"/>
    <nd ref="6635692953"/>
    <nd ref="6635692952"/>
    <nd ref="65460288"/>
    <nd ref="6635692951"/>
    <nd ref="6634620872"/>
    <nd ref="6634620874"/>
    <nd ref="6635688059"/>
    <nd ref="65575669"/>
    <nd ref="8558016361"/>
    <nd ref="6634620875"/>
    <nd ref="6634620877"/>
    <nd ref="6634695198"/>
    <nd ref="65575670"/>
    <tag k="highway" v="unclassified"/>
    <tag k="lane_markings" v="no"/>
    <tag k="name" v="Fremont Street"/>
    <tag k="sidewalk" v="both"/>
    <tag k="surface" v="asphalt"/>
    <tag k="tiger:cfcc" v="A41"/>
    <tag k="tiger:county" v="Santa Clara, CA"/>
    <tag k="tiger:name_base" v="Fremont"/>
    <tag k="tiger:name_type" v="St"/>
  </way>
  <way id="534570583">
    <nd ref="65438676"/>
    <nd ref="6659506060"/>
    <nd ref="6659487656"/>
    <nd ref="431739752"/>
    <nd ref="6659487653"/>
    <nd ref="6659487649"/>
    <nd ref="65438682"/>
    <nd ref="6659461557"/>
    <nd ref="8448379241"/>
    <nd ref="6659461544"/>
    <nd ref="6659461539"/>
    <nd ref="65438684"/>
    <tag k="HFCS" v="Collector"/>
    <tag k="highway" v="unclassified"/>
    <tag k="lanes" v="2"/>
    <tag k="maxspeed" v="25 mph"/>
    <tag k="name" v="Lewis Street"/>
    <tag k="sidewalk:both" v="separate"/>
    <tag k="surface" v="asphalt"/>
    <tag k="tiger:cfcc" v="A41"/>
    <tag k="tiger:county" v="Santa Clara, CA"/>
    <tag k="tiger:name_base" v="Lewis"/>
    <tag k="tiger:name_type" v="St"/>
  </way>
  <way id="534570584">
    <nd ref="65438676"/>
    <nd ref="6659520178"/>
    <nd ref="4181855191"/>
    <tag k="HFCS" v="Minor Arterial"/>
    <tag k="abutters" v="residential"/>
    <tag k="cycleway" v="lane"/>
    <tag k="highway" v="secondary"/>
    <tag k="lanes" v="2"/>
    <tag k="maxspeed" v="25 mph"/>
    <tag k="maxspeed:type" v="sign"/>
    <tag k="name" v="Monroe Street"/>
    <tag k="sidewalk:both" v="separate"/>
    <tag k="surface" v="asphalt"/>
    <tag k="tiger:cfcc" v="A41"/>
    <tag k="tiger:county" v="Santa Clara, CA"/>
    <tag k="tiger:name_base" v="Monroe"/>
    <tag k="tiger:name_direction_prefix" v="N"/>
    <tag k="tiger:name_type" v="St"/>
  </way>
  <way id="534593968">
    <nd ref="65575670"/>
    <nd ref="6634695197"/>
    <nd ref="6806187902"/>
    <nd ref="6806187901"/>
    <nd ref="6635688064"/>
    <nd ref="65596341"/>
    <nd ref="6659525814"/>
    <nd ref="7087874118"/>
    <nd ref="6659525817"/>
    <nd ref="65438676"/>
    <tag k="HFCS" v="Minor Arterial"/>
    <tag k="abutters" v="residential"/>
    <tag k="cycleway" v="lane"/>
    <tag k="highway" v="secondary"/>
    <tag k="lanes" v="2"/>
    <tag k="name" v="Monroe Street"/>
    <tag k="sidewalk:both" v="separate"/>
    <tag k="surface" v="asphalt"/>
    <tag k="tiger:cfcc" v="A41"/>
    <tag k="tiger:county" v="Santa Clara, CA"/>
    <tag k="tiger:name_base" v="Monroe"/>
    <tag k="tiger:name_direction_prefix" v="N"/>
    <tag k="tiger:name_type" v="St"/>
  </way>
  <way id="534857201">
    <nd ref="13741725990"/>
    <nd ref="1953986078"/>
    <nd ref="13741725984"/>
    <nd ref="6685677676"/>
    <nd ref="667367298"/>
    <nd ref="1953986066"/>
    <tag k="cycleway:both" v="no"/>
    <tag k="highway" v="primary_link"/>
    <tag k="lanes" v="1"/>
    <tag k="oneway" v="yes"/>
    <tag k="surface" v="asphalt"/>
  </way>
  <way id="558690398">
    <nd ref="5388543497"/>
    <nd ref="5388543498"/>
    <nd ref="5388543499"/>
    <nd ref="5388543500"/>
    <tag k="highway" v="service"/>
    <tag k="service" v="driveway"/>
  </way>
  <way id="558690399">
    <nd ref="65527945"/>
    <nd ref="5388543501"/>
    <tag k="highway" v="service"/>
    <tag k="service" v="driveway"/>
  </way>
  <way id="558690400">
    <nd ref="5388543501"/>
    <nd ref="5388543502"/>
    <tag k="highway" v="service"/>
    <tag k="service" v="parking_aisle"/>
  </way>
  <way id="558690401">
    <nd ref="286891678"/>
    <nd ref="5388543503"/>
    <nd ref="5388543504"/>
    <nd ref="5388543505"/>
    <tag k="highway" v="service"/>
    <tag k="service" v="parking_aisle"/>
  </way>
  <way id="558690402">
    <nd ref="286891678"/>
    <nd ref="5388543508"/>
    <nd ref="5388543506"/>
    <nd ref="5388543507"/>
    <tag k="highway" v="service"/>
    <tag k="service" v="parking_aisle"/>
  </way>
  <way id="558690403">
    <nd ref="286891678"/>
    <nd ref="5388543509"/>
    <tag k="highway" v="service"/>
    <tag k="service" v="parking_aisle"/>
  </way>
  <way id="558690404">
    <nd ref="5388543510"/>
    <nd ref="5388543511"/>
    <tag k="highway" v="service"/>
    <tag k="service" v="driveway"/>
  </way>
  <way id="558690405">
    <nd ref="5388543512"/>
    <nd ref="5388543513"/>
    <tag k="highway" v="service"/>
    <tag k="service" v="driveway"/>
  </way>
  <way id="558690406">
    <nd ref="5388543514"/>
    <nd ref="5388543515"/>
    <tag k="highway" v="service"/>
    <tag k="oneway" v="yes"/>
    <tag k="service" v="parking_aisle"/>
  </way>
  <way id="558690407">
    <nd ref="5388543515"/>
    <nd ref="9679876178"/>
    <nd ref="9679876177"/>
    <nd ref="5388543516"/>
    <tag k="highway" v="service"/>
    <tag k="oneway" v="yes"/>
    <tag k="service" v="driveway"/>
  </way>
  <way id="558690408">
    <nd ref="5388543515"/>
    <nd ref="5388543517"/>
    <nd ref="5388543518"/>
    <nd ref="5388543519"/>
    <tag k="highway" v="service"/>
    <tag k="service" v="driveway"/>
  </way>
  <way id="558690409">
    <nd ref="5388543519"/>
    <nd ref="5388543520"/>
    <tag k="highway" v="service"/>
    <tag k="service" v="parking_aisle"/>
  </way>
  <way id="628168473">
    <nd ref="1078266660"/>
    <nd ref="5930370493"/>
    <nd ref="5930370494"/>
    <nd ref="5930370495"/>
    <tag k="highway" v="service"/>
  </way>
  <way id="630846727">
    <nd ref="5956232911"/>
    <nd ref="6649103462"/>
    <nd ref="5956232912"/>
    <nd ref="5956232913"/>
    <tag k="highway" v="service"/>
  </way>
  <way id="630846728">
    <nd ref="5956232920"/>
    <nd ref="6653794860"/>
    <nd ref="650853961"/>
    <tag k="highway" v="service"/>
    <tag k="oneway" v="yes"/>
  </way>
  <way id="630846730">
    <nd ref="5956232918"/>
    <nd ref="5956232917"/>
    <nd ref="5956232916"/>
    <nd ref="5956232915"/>
    <nd ref="5956232914"/>
    <nd ref="5956232920"/>
    <tag k="access" v="private"/>
    <tag k="highway" v="service"/>
    <tag k="oneway" v="yes"/>
  </way>
  <way id="630846731">
    <nd ref="65576987"/>
    <nd ref="6653794861"/>
    <nd ref="5956232919"/>
    <nd ref="5956232921"/>
    <tag k="highway" v="service"/>
    <tag k="oneway" v="yes"/>
  </way>
  <way id="637480054">
    <nd ref="6009776783"/>
    <nd ref="6546559142"/>
    <nd ref="65492879"/>
    <tag k="highway" v="service"/>
    <tag k="name" v="Park Vista Circle"/>
    <tag k="service" v="alley"/>
    <tag k="sidewalk" v="no"/>
    <tag k="surface" v="brick"/>
    <tag k="tiger:county" v="Santa Clara, CA"/>
    <tag k="tiger:name_base" v="Park Vista"/>
    <tag k="tiger:name_type" v="Cir"/>
  </way>
  <way id="637480055">
    <nd ref="65670926"/>
    <nd ref="6009776783"/>
    <tag k="highway" v="service"/>
    <tag k="name" v="Park Vista Circle"/>
    <tag k="service" v="alley"/>
    <tag k="sidewalk" v="no"/>
    <tag k="surface" v="asphalt"/>
    <tag k="tiger:county" v="Santa Clara, CA"/>
    <tag k="tiger:name_base" v="Park Vista"/>
    <tag k="tiger:name_type" v="Cir"/>
  </way>
  <way id="637480056">
    <nd ref="65492871"/>
    <nd ref="6546559145"/>
    <nd ref="6009776782"/>
    <nd ref="6009776777"/>
    <tag k="highway" v="service"/>
    <tag k="name" v="Park Vista Circle"/>
    <tag k="service" v="alley"/>
    <tag k="sidewalk" v="no"/>
    <tag k="surface" v="brick"/>
    <tag k="tiger:county" v="Santa Clara, CA"/>
    <tag k="tiger:name_base" v="Park Vista"/>
    <tag k="tiger:name_type" v="Cir"/>
  </way>
  <way id="637480057">
    <nd ref="6009776762"/>
    <nd ref="6556805460"/>
    <nd ref="6009776757"/>
    <tag k="highway" v="footway"/>
    <tag k="surface" v="paved"/>
  </way>
  <way id="637480058">
    <nd ref="6009776908"/>
    <nd ref="6546454262"/>
    <tag k="highway" v="footway"/>
    <tag k="surface" v="asphalt"/>
  </way>
  <way id="637480059">
    <nd ref="6009776763"/>
    <nd ref="6556805461"/>
    <nd ref="65492867"/>
    <tag k="highway" v="footway"/>
    <tag k="surface" v="paved"/>
  </way>
  <way id="637480060">
    <nd ref="6009776888"/>
    <nd ref="6009776887"/>
    <nd ref="6546454359"/>
    <nd ref="6009776778"/>
    <tag k="access" v="private"/>
    <tag k="highway" v="service"/>
    <tag k="service" v="driveway"/>
  </way>
  <way id="677457531">
    <nd ref="6343298026"/>
    <nd ref="6473973655"/>
    <nd ref="6343298025"/>
    <nd ref="6343298024"/>
    <nd ref="6343298023"/>
    <nd ref="6343298022"/>
    <nd ref="6343298021"/>
    <nd ref="6343298020"/>
    <nd ref="6343298025"/>
    <tag k="highway" v="service"/>
  </way>
  <way id="678887960">
    <nd ref="12975337836"/>
    <nd ref="6649103465"/>
    <nd ref="6356609647"/>
    <tag k="access" v="private"/>
    <tag k="highway" v="residential"/>
    <tag k="lanes" v="1"/>
    <tag k="maxspeed" v="15 mph"/>
    <tag k="name" v="Sanchez Place"/>
    <tag k="oneway" v="no"/>
    <tag k="surface" v="paving_stones"/>
  </way>
  <way id="689672700">
    <nd ref="6470168176"/>
    <nd ref="7096340560"/>
    <nd ref="6470168177"/>
    <tag k="highway" v="service"/>
    <tag k="service" v="driveway"/>
  </way>
  <way id="689672702">
    <nd ref="6470168177"/>
    <nd ref="6470168179"/>
    <nd ref="6511788719"/>
    <nd ref="6511788722"/>
    <nd ref="6470168178"/>
    <tag k="highway" v="service"/>
    <tag k="service" v="parking_aisle"/>
  </way>
  <way id="689672705">
    <nd ref="6470168179"/>
    <nd ref="7096813825"/>
    <nd ref="7089575200"/>
    <nd ref="6470168486"/>
    <nd ref="6470168180"/>
    <tag k="highway" v="service"/>
    <tag k="service" v="driveway"/>
  </way>
  <way id="689672710">
    <nd ref="6470168178"/>
    <nd ref="6470168487"/>
    <nd ref="6470168181"/>
    <tag k="highway" v="service"/>
    <tag k="service" v="driveway"/>
  </way>
  <way id="689672714">
    <nd ref="6470168182"/>
    <nd ref="6470168183"/>
    <tag k="footway" v="sidewalk"/>
    <tag k="highway" v="footway"/>
  </way>
  <way id="689672721">
    <nd ref="6470168486"/>
    <nd ref="6511788699"/>
    <nd ref="6511788704"/>
    <nd ref="6470168182"/>
    <nd ref="6511788710"/>
    <nd ref="6511788711"/>
    <nd ref="6470168487"/>
    <nd ref="7089562422"/>
    <nd ref="6569273948"/>
    <nd ref="6470168488"/>
    <nd ref="6569273950"/>
    <nd ref="6569273951"/>
    <nd ref="6569273952"/>
    <nd ref="6569273953"/>
    <nd ref="6569273954"/>
    <nd ref="6569273955"/>
    <nd ref="6569273956"/>
    <nd ref="6569273957"/>
    <nd ref="6569273958"/>
    <nd ref="6569273959"/>
    <nd ref="6569273960"/>
    <nd ref="6569273961"/>
    <nd ref="6569273962"/>
    <nd ref="6569273963"/>
    <nd ref="6569273964"/>
    <nd ref="6569273965"/>
    <nd ref="6569273966"/>
    <nd ref="6569273967"/>
    <nd ref="6569273968"/>
    <nd ref="6569273969"/>
    <nd ref="6569273970"/>
    <nd ref="6569273971"/>
    <nd ref="6569273972"/>
    <nd ref="6569273973"/>
    <nd ref="6569273974"/>
    <nd ref="6569273975"/>
    <nd ref="6569273976"/>
    <nd ref="6569273977"/>
    <nd ref="6569273978"/>
    <nd ref="6569273979"/>
    <nd ref="6569273980"/>
    <nd ref="6569273981"/>
    <nd ref="6569273982"/>
    <nd ref="6569273983"/>
    <nd ref="6569273984"/>
    <nd ref="6569283485"/>
    <nd ref="6569283486"/>
    <nd ref="6569283487"/>
    <nd ref="6569283488"/>
    <nd ref="6569283489"/>
    <nd ref="6569283490"/>
    <nd ref="6546593805"/>
    <tag k="footway" v="sidewalk"/>
    <tag k="highway" v="footway"/>
  </way>
  <way id="690059428">
    <nd ref="2857450014"/>
    <nd ref="2839948312"/>
    <nd ref="2839948309"/>
    <nd ref="6473973252"/>
    <tag k="crossing" v="marked"/>
    <tag k="footway" v="crossing"/>
    <tag k="highway" v="footway"/>
    <tag k="surface" v="asphalt"/>
  </way>
  <way id="690059429">
    <nd ref="6473973252"/>
    <nd ref="6473973253"/>
    <nd ref="6473973254"/>
    <nd ref="6473973255"/>
    <nd ref="6473973256"/>
    <nd ref="6473973257"/>
    <nd ref="6473973258"/>
    <nd ref="6473973259"/>
    <nd ref="6473973260"/>
    <nd ref="6473973261"/>
    <nd ref="6473973262"/>
    <nd ref="6473973263"/>
    <nd ref="6473973264"/>
    <nd ref="6473973265"/>
    <nd ref="6473973266"/>
    <nd ref="6473973267"/>
    <nd ref="6473973268"/>
    <nd ref="6473973269"/>
    <nd ref="6473973270"/>
    <nd ref="6473973271"/>
    <nd ref="6473973272"/>
    <nd ref="6473973273"/>
    <nd ref="6473973274"/>
    <nd ref="6473973657"/>
    <nd ref="6473973252"/>
    <tag k="bicycle" v="no"/>
    <tag k="footway" v="sidewalk"/>
    <tag k="highway" v="footway"/>
    <tag k="surface" v="concrete"/>
  </way>
  <way id="690059430">
    <nd ref="6473973275"/>
    <nd ref="6473973276"/>
    <nd ref="6473973277"/>
    <nd ref="6473973278"/>
    <nd ref="6473973279"/>
    <nd ref="444989298"/>
    <nd ref="6473973280"/>
    <nd ref="6473973281"/>
    <nd ref="6473973282"/>
    <nd ref="6473973283"/>
    <nd ref="6473973284"/>
    <nd ref="11586836770"/>
    <nd ref="6473973585"/>
    <nd ref="6473973586"/>
    <nd ref="6473973587"/>
    <nd ref="6473973588"/>
    <nd ref="6473973589"/>
    <nd ref="7558397982"/>
    <nd ref="7558397971"/>
    <nd ref="6473973275"/>
    <tag k="bicycle" v="no"/>
    <tag k="footway" v="sidewalk"/>
    <tag k="highway" v="footway"/>
    <tag k="surface" v="concrete"/>
  </way>
  <way id="690059431">
    <nd ref="6473973616"/>
    <nd ref="6473973617"/>
    <nd ref="6473973618"/>
    <nd ref="13545265835"/>
    <nd ref="6473973619"/>
    <nd ref="6473973620"/>
    <nd ref="6473973621"/>
    <nd ref="6473973622"/>
    <nd ref="6473973623"/>
    <nd ref="6473973624"/>
    <nd ref="6473973625"/>
    <nd ref="6473973626"/>
    <nd ref="6473973627"/>
    <nd ref="6473973628"/>
    <nd ref="6473973629"/>
    <nd ref="6473973630"/>
    <nd ref="6473973631"/>
    <nd ref="6473973632"/>
    <nd ref="6473973633"/>
    <nd ref="6473973634"/>
    <nd ref="6473973635"/>
    <nd ref="6473973636"/>
    <nd ref="6473973637"/>
    <nd ref="6473973654"/>
    <nd ref="6473973638"/>
    <nd ref="6473973639"/>
    <nd ref="6473973640"/>
    <nd ref="6473973641"/>
    <nd ref="6473973642"/>
    <nd ref="6473973643"/>
    <nd ref="6473973644"/>
    <nd ref="6473973645"/>
    <nd ref="6473973646"/>
    <nd ref="6473973647"/>
    <nd ref="6473973648"/>
    <nd ref="6473973590"/>
    <nd ref="6569283494"/>
    <nd ref="6473973591"/>
    <nd ref="6473973592"/>
    <nd ref="6473973593"/>
    <nd ref="6473973594"/>
    <nd ref="6473973595"/>
    <nd ref="6473973596"/>
    <nd ref="6473973650"/>
    <nd ref="6473973597"/>
    <nd ref="6473973598"/>
    <nd ref="6473973599"/>
    <nd ref="6473973600"/>
    <nd ref="6473973655"/>
    <nd ref="6473973652"/>
    <nd ref="6473973651"/>
    <nd ref="6473973649"/>
    <nd ref="6878671376"/>
    <nd ref="6473973601"/>
    <nd ref="6860605039"/>
    <nd ref="6878671364"/>
    <nd ref="6878671350"/>
    <nd ref="6473973602"/>
    <nd ref="6473973603"/>
    <nd ref="6473973604"/>
    <nd ref="6473973605"/>
    <nd ref="6473973606"/>
    <nd ref="6473973607"/>
    <nd ref="6473973608"/>
    <nd ref="6878671353"/>
    <nd ref="6473973609"/>
    <nd ref="7714867098"/>
    <nd ref="7714867099"/>
    <nd ref="7714867097"/>
    <nd ref="6473973610"/>
    <nd ref="7330843728"/>
    <nd ref="6473973611"/>
    <nd ref="8482666208"/>
    <nd ref="8482666207"/>
    <nd ref="6473973612"/>
    <nd ref="6473973653"/>
    <nd ref="13545265830"/>
    <nd ref="6473973613"/>
    <nd ref="6473973614"/>
    <nd ref="6473973615"/>
    <nd ref="6546454242"/>
    <nd ref="6473973616"/>
    <tag k="bicycle" v="no"/>
    <tag k="footway" v="sidewalk"/>
    <tag k="highway" v="footway"/>
    <tag k="surface" v="concrete:plates"/>
  </way>
  <way id="690059432">
    <nd ref="6473973598"/>
    <nd ref="4877499608"/>
    <nd ref="2839948310"/>
    <nd ref="6473973588"/>
    <tag k="crossing" v="marked"/>
    <tag k="footway" v="crossing"/>
    <tag k="highway" v="footway"/>
    <tag k="surface" v="asphalt"/>
  </way>
  <way id="690059433">
    <nd ref="6473973588"/>
    <nd ref="6473973656"/>
    <nd ref="6473973657"/>
    <tag k="crossing" v="marked"/>
    <tag k="footway" v="crossing"/>
    <tag k="highway" v="footway"/>
    <tag k="surface" v="asphalt"/>
  </way>
  <way id="690060179">
    <nd ref="6473979413"/>
    <nd ref="6473979414"/>
    <nd ref="6473979415"/>
    <nd ref="6473979416"/>
    <nd ref="6473979417"/>
    <nd ref="7298609749"/>
    <nd ref="6473979418"/>
    <nd ref="6473979419"/>
    <nd ref="7298609748"/>
    <nd ref="6473979420"/>
    <nd ref="6473979421"/>
    <nd ref="6473979422"/>
    <nd ref="6473979423"/>
    <nd ref="6473979424"/>
    <nd ref="6473979425"/>
    <nd ref="6473979426"/>
    <nd ref="6473979427"/>
    <nd ref="6473979428"/>
    <nd ref="6473979413"/>
    <tag k="bicycle" v="no"/>
    <tag k="footway" v="sidewalk"/>
    <tag k="highway" v="footway"/>
    <tag k="surface" v="concrete"/>
  </way>
  <way id="690060180">
    <nd ref="6473973259"/>
    <nd ref="6473979429"/>
    <nd ref="6473979415"/>
    <tag k="crossing" v="unmarked"/>
    <tag k="footway" v="crossing"/>
    <tag k="highway" v="footway"/>
    <tag k="surface" v="asphalt"/>
  </way>
  <way id="690060181">
    <nd ref="6473973263"/>
    <nd ref="6473979430"/>
    <nd ref="6473979418"/>
    <tag k="crossing" v="unmarked"/>
    <tag k="footway" v="crossing"/>
    <tag k="highway" v="footway"/>
    <tag k="surface" v="asphalt"/>
  </way>
  <way id="690060182">
    <nd ref="6473979431"/>
    <nd ref="6473979432"/>
    <nd ref="6473979445"/>
    <nd ref="6473979433"/>
    <nd ref="6473979434"/>
    <nd ref="6473979435"/>
    <nd ref="6473979436"/>
    <nd ref="6473979437"/>
    <nd ref="6473979438"/>
    <nd ref="6473979439"/>
    <nd ref="6473979440"/>
    <nd ref="6473979441"/>
    <nd ref="6473979442"/>
    <nd ref="6473979443"/>
    <nd ref="6473979444"/>
    <nd ref="6473979431"/>
    <tag k="bicycle" v="no"/>
    <tag k="footway" v="sidewalk"/>
    <tag k="highway" v="footway"/>
    <tag k="surface" v="concrete"/>
  </way>
  <way id="690060183">
    <nd ref="6473979421"/>
    <nd ref="7714867093"/>
    <nd ref="7714867092"/>
    <nd ref="6473979445"/>
    <tag k="crossing" v="unmarked"/>
    <tag k="footway" v="crossing"/>
    <tag k="highway" v="footway"/>
    <tag k="surface" v="asphalt"/>
  </way>
  <way id="690060893">
    <nd ref="6473985543"/>
    <nd ref="6473985544"/>
    <nd ref="6473985545"/>
    <nd ref="6473985546"/>
    <nd ref="6473985547"/>
    <nd ref="7349794778"/>
    <nd ref="6473985548"/>
    <nd ref="6473985549"/>
    <nd ref="6473985550"/>
    <nd ref="7349794786"/>
    <nd ref="6473985551"/>
    <nd ref="6473985552"/>
    <nd ref="6473985553"/>
    <nd ref="6473985894"/>
    <nd ref="6473985554"/>
    <nd ref="6473985555"/>
    <nd ref="6473985556"/>
    <nd ref="6473985557"/>
    <nd ref="6473985558"/>
    <nd ref="6473985559"/>
    <nd ref="6473985560"/>
    <nd ref="6473985561"/>
    <nd ref="6473985562"/>
    <nd ref="6473985895"/>
    <nd ref="6473985563"/>
    <nd ref="6473985564"/>
    <nd ref="6473985565"/>
    <nd ref="6473985566"/>
    <nd ref="6653750854"/>
    <nd ref="6473985567"/>
    <nd ref="6473985568"/>
    <nd ref="9057890949"/>
    <nd ref="9057890942"/>
    <nd ref="6473985569"/>
    <nd ref="9057890939"/>
    <nd ref="6473985570"/>
    <nd ref="6473985571"/>
    <nd ref="6473985572"/>
    <nd ref="9057890931"/>
    <nd ref="6473985573"/>
    <nd ref="6473985896"/>
    <nd ref="6473985574"/>
    <nd ref="6473985575"/>
    <nd ref="6473985576"/>
    <nd ref="6473985577"/>
    <nd ref="6473985578"/>
    <nd ref="6473985897"/>
    <nd ref="6473985579"/>
    <nd ref="6473985580"/>
    <nd ref="6473985581"/>
    <nd ref="6473985582"/>
    <nd ref="6473985583"/>
    <nd ref="6473985584"/>
    <nd ref="6473985885"/>
    <nd ref="6473985886"/>
    <nd ref="6473985887"/>
    <nd ref="6473985888"/>
    <nd ref="6473985889"/>
    <nd ref="6473985890"/>
    <nd ref="6473985891"/>
    <nd ref="2857450014"/>
    <nd ref="6473985892"/>
    <nd ref="6473985893"/>
    <tag k="bicycle" v="no"/>
    <tag k="footway" v="sidewalk"/>
    <tag k="highway" v="footway"/>
    <tag k="surface" v="concrete"/>
  </way>
  <way id="690060898">
    <nd ref="6473985543"/>
    <nd ref="2857450026"/>
    <nd ref="2857450030"/>
    <nd ref="2857450089"/>
    <nd ref="2857450097"/>
    <nd ref="2857450098"/>
    <tag k="highway" v="footway"/>
    <tag k="surface" v="concrete"/>
  </way>
  <way id="693588490">
    <nd ref="6511788720"/>
    <nd ref="6511788719"/>
    <tag k="footway" v="sidewalk"/>
    <tag k="highway" v="footway"/>
  </way>
  <way id="693588491">
    <nd ref="6511788720"/>
    <nd ref="6511788721"/>
    <nd ref="6511788722"/>
    <tag k="footway" v="sidewalk"/>
    <tag k="highway" v="footway"/>
  </way>
  <way id="696794456">
    <nd ref="6543783222"/>
    <nd ref="6543783223"/>
    <nd ref="6543783224"/>
    <nd ref="6543783225"/>
    <nd ref="6543783226"/>
    <nd ref="6543783227"/>
    <nd ref="6543783228"/>
    <nd ref="6543783229"/>
    <nd ref="6543783230"/>
    <nd ref="6543783231"/>
    <nd ref="6543783232"/>
    <nd ref="6543783233"/>
    <nd ref="6543783234"/>
    <nd ref="6543783235"/>
    <nd ref="6543783236"/>
    <nd ref="6543783237"/>
    <nd ref="6543783238"/>
    <nd ref="6543783239"/>
    <nd ref="6543783240"/>
    <nd ref="6543783241"/>
    <nd ref="6543783242"/>
    <nd ref="6543783243"/>
    <nd ref="6543783244"/>
    <nd ref="6543783245"/>
    <nd ref="6543783246"/>
    <nd ref="6543783247"/>
    <nd ref="6543783248"/>
    <nd ref="6543783249"/>
    <nd ref="6543783250"/>
    <nd ref="6543783251"/>
    <nd ref="6543783252"/>
    <nd ref="6543783253"/>
    <nd ref="6543783254"/>
    <nd ref="6543783255"/>
    <nd ref="6543783256"/>
    <nd ref="6543783257"/>
    <nd ref="6543783258"/>
    <nd ref="6543783259"/>
    <nd ref="6543783260"/>
    <nd ref="6543783261"/>
    <nd ref="6543783262"/>
    <nd ref="6543783263"/>
    <nd ref="6543783264"/>
    <nd ref="6543783265"/>
    <nd ref="6543783266"/>
    <nd ref="6543783267"/>
    <nd ref="6543783268"/>
    <nd ref="6543783269"/>
    <nd ref="6543783270"/>
    <nd ref="6543783271"/>
    <nd ref="6543783222"/>
    <tag k="bicycle" v="no"/>
    <tag k="footway" v="sidewalk"/>
    <tag k="highway" v="footway"/>
    <tag k="surface" v="concrete:plates"/>
  </way>
  <way id="696795029">
    <nd ref="6543794708"/>
    <nd ref="6543794709"/>
    <nd ref="6543794710"/>
    <nd ref="6543794711"/>
    <nd ref="6543794712"/>
    <nd ref="6543794713"/>
    <nd ref="6543794714"/>
    <nd ref="6543794715"/>
    <nd ref="6543794716"/>
    <nd ref="6543794717"/>
    <nd ref="6543794718"/>
    <tag k="footway" v="sidewalk"/>
    <tag k="highway" v="footway"/>
    <tag k="lit" v="yes"/>
    <tag k="surface" v="concrete:plates"/>
  </way>
  <way id="696797173">
    <nd ref="6543822885"/>
    <nd ref="6543822886"/>
    <nd ref="6543822887"/>
    <nd ref="6543822888"/>
    <nd ref="6543822889"/>
    <nd ref="6543822890"/>
    <nd ref="6543822891"/>
    <nd ref="11882469166"/>
    <nd ref="6543822892"/>
    <nd ref="6543822893"/>
    <nd ref="6543822894"/>
    <nd ref="6543822895"/>
    <nd ref="6543822896"/>
    <nd ref="6543822897"/>
    <nd ref="6543822898"/>
    <nd ref="6543822899"/>
    <nd ref="6543822900"/>
    <nd ref="6543822901"/>
    <nd ref="6543822902"/>
    <nd ref="6543822903"/>
    <nd ref="6543822904"/>
    <nd ref="6543822905"/>
    <nd ref="6543822906"/>
    <nd ref="6543822907"/>
    <nd ref="6543822908"/>
    <nd ref="6543822909"/>
    <nd ref="6543822910"/>
    <nd ref="6543822911"/>
    <nd ref="6543822912"/>
    <nd ref="6644792912"/>
    <nd ref="6543822913"/>
    <nd ref="6543822914"/>
    <nd ref="6543822915"/>
    <nd ref="6543822916"/>
    <nd ref="6543822917"/>
    <nd ref="6543822918"/>
    <nd ref="6543822919"/>
    <nd ref="6543822920"/>
    <nd ref="11882469167"/>
    <nd ref="7162653433"/>
    <nd ref="6543822885"/>
    <tag k="bicycle" v="no"/>
    <tag k="footway" v="sidewalk"/>
    <tag k="highway" v="footway"/>
    <tag k="surface" v="concrete:plates"/>
  </way>
  <way id="696797174">
    <nd ref="6543794713"/>
    <nd ref="6543822921"/>
    <nd ref="6543822922"/>
    <nd ref="13279151258"/>
    <tag k="crossing" v="traffic_signals"/>
    <tag k="crossing:markings" v="ladder"/>
    <tag k="crossing:signals" v="yes"/>
    <tag k="footway" v="crossing"/>
    <tag k="highway" v="footway"/>
    <tag k="lit" v="yes"/>
    <tag k="surface" v="asphalt"/>
  </way>
  <way id="696797175">
    <nd ref="13279151256"/>
    <nd ref="4877499569"/>
    <nd ref="6543822926"/>
    <nd ref="13279151254"/>
    <tag k="crossing" v="traffic_signals"/>
    <tag k="crossing:markings" v="ladder"/>
    <tag k="crossing:signals" v="yes"/>
    <tag k="footway" v="crossing"/>
    <tag k="highway" v="footway"/>
    <tag k="surface" v="asphalt"/>
  </way>
  <way id="696797176">
    <nd ref="13279151255"/>
    <nd ref="6543822933"/>
    <nd ref="6473973605"/>
    <tag k="crossing" v="uncontrolled"/>
    <tag k="crossing:markings" v="ladder"/>
    <tag k="crossing:signals" v="no"/>
    <tag k="footway" v="crossing"/>
    <tag k="highway" v="footway"/>
    <tag k="surface" v="asphalt"/>
  </way>
  <way id="696797177">
    <nd ref="13279151251"/>
    <nd ref="6543822934"/>
    <nd ref="6543822935"/>
    <nd ref="6543822936"/>
    <nd ref="6543794713"/>
    <tag k="crossing" v="traffic_signals"/>
    <tag k="crossing:markings" v="ladder"/>
    <tag k="crossing:signals" v="yes"/>
    <tag k="footway" v="crossing"/>
    <tag k="highway" v="footway"/>
    <tag k="lit" v="yes"/>
    <tag k="surface" v="asphalt"/>
  </way>
  <way id="697055969">
    <nd ref="6546439883"/>
    <nd ref="6546439884"/>
    <nd ref="6546454185"/>
    <nd ref="6546454186"/>
    <nd ref="6546454187"/>
    <nd ref="6546454188"/>
    <nd ref="6546454189"/>
    <nd ref="6546454190"/>
    <nd ref="6546454191"/>
    <nd ref="6546454192"/>
    <nd ref="6546454193"/>
    <nd ref="6546454194"/>
    <nd ref="6546454195"/>
    <nd ref="6546454196"/>
    <nd ref="6546454197"/>
    <nd ref="6685707182"/>
    <nd ref="6546454198"/>
    <nd ref="6546454199"/>
    <nd ref="6546454200"/>
    <nd ref="6546454201"/>
    <nd ref="6546454202"/>
    <nd ref="6546454203"/>
    <nd ref="6689766393"/>
    <nd ref="6546454204"/>
    <nd ref="6689766399"/>
    <nd ref="6546454205"/>
    <nd ref="6546454219"/>
    <nd ref="6546454206"/>
    <nd ref="9240205323"/>
    <nd ref="9240205325"/>
    <nd ref="6546454207"/>
    <nd ref="6546454220"/>
    <nd ref="6543794736"/>
    <nd ref="6546454208"/>
    <nd ref="6546454209"/>
    <nd ref="6546454221"/>
    <nd ref="6546454210"/>
    <nd ref="6546454211"/>
    <nd ref="6546454212"/>
    <nd ref="6543822931"/>
    <nd ref="6546454213"/>
    <nd ref="6546454214"/>
    <nd ref="6546454215"/>
    <nd ref="6546454216"/>
    <nd ref="6546454217"/>
    <nd ref="6546454218"/>
    <tag k="footway" v="sidewalk"/>
    <tag k="highway" v="footway"/>
    <tag k="surface" v="concrete:plates"/>
  </way>
  <way id="697055970">
    <nd ref="6546454241"/>
    <nd ref="6009776761"/>
    <nd ref="6546454242"/>
    <tag k="crossing" v="traffic_signals"/>
    <tag k="footway" v="crossing"/>
    <tag k="highway" v="footway"/>
    <tag k="surface" v="asphalt"/>
  </way>
  <way id="697055971">
    <nd ref="6546454241"/>
    <nd ref="6009776768"/>
    <nd ref="6546454243"/>
    <tag k="crossing" v="traffic_signals"/>
    <tag k="footway" v="crossing"/>
    <tag k="highway" v="footway"/>
    <tag k="surface" v="asphalt"/>
  </way>
  <way id="697055972">
    <nd ref="6546454243"/>
    <nd ref="6009776774"/>
    <nd ref="6546454244"/>
    <tag k="crossing" v="traffic_signals"/>
    <tag k="footway" v="crossing"/>
    <tag k="highway" v="footway"/>
    <tag k="surface" v="asphalt"/>
  </way>
  <way id="697055973">
    <nd ref="6546454245"/>
    <nd ref="6009776769"/>
    <nd ref="6546454242"/>
    <tag k="crossing" v="marked"/>
    <tag k="footway" v="crossing"/>
    <tag k="highway" v="footway"/>
    <tag k="surface" v="asphalt"/>
  </way>
  <way id="697055974">
    <nd ref="6546454244"/>
    <nd ref="6546454245"/>
    <nd ref="6546454246"/>
    <nd ref="6546454247"/>
    <nd ref="7199575564"/>
    <nd ref="6546454248"/>
    <nd ref="6546454249"/>
    <nd ref="7199575562"/>
    <nd ref="6546454250"/>
    <nd ref="6546454251"/>
    <nd ref="6546454358"/>
    <nd ref="6546454252"/>
    <nd ref="6546454253"/>
    <nd ref="6546454359"/>
    <nd ref="6546454254"/>
    <nd ref="6546454255"/>
    <nd ref="6546454256"/>
    <nd ref="6546454257"/>
    <nd ref="6546454258"/>
    <nd ref="6546454259"/>
    <nd ref="6546454260"/>
    <nd ref="6546454261"/>
    <nd ref="6546454262"/>
    <nd ref="6546454263"/>
    <nd ref="6546454264"/>
    <nd ref="6546454265"/>
    <nd ref="6546454266"/>
    <nd ref="6546454267"/>
    <nd ref="6546454360"/>
    <nd ref="6546454268"/>
    <nd ref="6546454269"/>
    <nd ref="6546454270"/>
    <nd ref="6546454271"/>
    <nd ref="6546454272"/>
    <nd ref="6546454273"/>
    <nd ref="6546454274"/>
    <nd ref="6546454275"/>
    <nd ref="7223827687"/>
    <nd ref="6546454276"/>
    <nd ref="6546454277"/>
    <nd ref="6546454278"/>
    <nd ref="6546454279"/>
    <nd ref="6546454280"/>
    <nd ref="6546454281"/>
    <nd ref="6546454282"/>
    <nd ref="6546454283"/>
    <nd ref="6546454284"/>
    <nd ref="6546454285"/>
    <nd ref="6546454286"/>
    <nd ref="6546454287"/>
    <nd ref="6546454288"/>
    <nd ref="6546454289"/>
    <nd ref="6546454290"/>
    <nd ref="6546454291"/>
    <nd ref="6546454292"/>
    <nd ref="6546454293"/>
    <nd ref="6546454294"/>
    <nd ref="6546454295"/>
    <nd ref="6546454296"/>
    <nd ref="6546454297"/>
    <nd ref="6546454298"/>
    <nd ref="6546454299"/>
    <nd ref="6546454300"/>
    <nd ref="6546454301"/>
    <nd ref="6546454302"/>
    <nd ref="6546454303"/>
    <nd ref="6546454304"/>
    <nd ref="6546454305"/>
    <nd ref="6546454306"/>
    <nd ref="6546454307"/>
    <nd ref="6546454308"/>
    <nd ref="6546454309"/>
    <nd ref="6546454310"/>
    <nd ref="6546454311"/>
    <nd ref="6546454312"/>
    <nd ref="6546454313"/>
    <nd ref="6546454314"/>
    <nd ref="6546454315"/>
    <nd ref="6546454316"/>
    <nd ref="6546454317"/>
    <nd ref="6546454318"/>
    <nd ref="6546454319"/>
    <nd ref="6546454320"/>
    <nd ref="6546454321"/>
    <nd ref="6546454322"/>
    <nd ref="6546454323"/>
    <nd ref="6546454324"/>
    <nd ref="6546454325"/>
    <nd ref="6546454326"/>
    <nd ref="6546454327"/>
    <nd ref="6546454328"/>
    <nd ref="6556820095"/>
    <nd ref="6546454329"/>
    <nd ref="6546454330"/>
    <nd ref="6546454331"/>
    <nd ref="6546454332"/>
    <nd ref="6546454333"/>
    <nd ref="6546454334"/>
    <nd ref="6546454335"/>
    <nd ref="6546454336"/>
    <nd ref="6546454337"/>
    <nd ref="6546454338"/>
    <nd ref="6546454339"/>
    <nd ref="6546454340"/>
    <nd ref="6546454341"/>
    <nd ref="6546454342"/>
    <nd ref="6546454343"/>
    <nd ref="6546454344"/>
    <nd ref="6546454345"/>
    <nd ref="6546454346"/>
    <nd ref="6546454347"/>
    <nd ref="6546454348"/>
    <nd ref="6546454349"/>
    <nd ref="6546454350"/>
    <nd ref="6546454351"/>
    <nd ref="6546454352"/>
    <nd ref="6546454353"/>
    <nd ref="6546454354"/>
    <nd ref="6546454355"/>
    <nd ref="6546454356"/>
    <nd ref="6546454357"/>
    <nd ref="6933490238"/>
    <nd ref="6546454361"/>
    <nd ref="6546454362"/>
    <nd ref="6546454363"/>
    <nd ref="6546454364"/>
    <nd ref="6546454365"/>
    <nd ref="6546454366"/>
    <nd ref="6546454367"/>
    <nd ref="6546454368"/>
    <nd ref="6546454369"/>
    <nd ref="6933490193"/>
    <nd ref="6933490440"/>
    <nd ref="6546454370"/>
    <nd ref="6546454371"/>
    <nd ref="6546454372"/>
    <nd ref="6698280563"/>
    <nd ref="7358477167"/>
    <nd ref="6546454373"/>
    <nd ref="6546454374"/>
    <nd ref="6878214643"/>
    <nd ref="6546454375"/>
    <nd ref="6878214646"/>
    <nd ref="6546454376"/>
    <nd ref="7199575570"/>
    <nd ref="6546454377"/>
    <nd ref="6546454378"/>
    <nd ref="6546454244"/>
    <tag k="bicycle" v="no"/>
    <tag k="footway" v="sidewalk"/>
    <tag k="highway" v="footway"/>
    <tag k="surface" v="concrete"/>
  </way>
  <way id="697055975">
    <nd ref="6473973629"/>
    <nd ref="6546454379"/>
    <nd ref="6546454380"/>
    <tag k="crossing" v="unmarked"/>
    <tag k="footway" v="crossing"/>
    <tag k="highway" v="footway"/>
    <tag k="surface" v="asphalt"/>
  </way>
  <way id="697058210">
    <nd ref="6546454380"/>
    <nd ref="6546559138"/>
    <nd ref="6546559139"/>
    <nd ref="6546559140"/>
    <nd ref="6546559141"/>
    <nd ref="6546559142"/>
    <nd ref="6546559143"/>
    <nd ref="8608701196"/>
    <nd ref="6546559144"/>
    <nd ref="6546559145"/>
    <nd ref="6546559146"/>
    <nd ref="6546559147"/>
    <nd ref="6546559148"/>
    <nd ref="6546559149"/>
    <nd ref="6546559150"/>
    <nd ref="6546559151"/>
    <nd ref="6546559152"/>
    <nd ref="6546559153"/>
    <nd ref="6546559154"/>
    <nd ref="6546559155"/>
    <nd ref="6546559156"/>
    <nd ref="6546559157"/>
    <nd ref="6546559158"/>
    <nd ref="6546559159"/>
    <nd ref="6546559160"/>
    <nd ref="6546559161"/>
    <nd ref="6546559162"/>
    <nd ref="6546559163"/>
    <nd ref="6546559164"/>
    <nd ref="6546559165"/>
    <nd ref="6546559166"/>
    <nd ref="6546559167"/>
    <nd ref="6546559168"/>
    <nd ref="6546559169"/>
    <nd ref="6546559170"/>
    <nd ref="6546559171"/>
    <nd ref="6546559172"/>
    <nd ref="6546559173"/>
    <nd ref="6546559174"/>
    <nd ref="6546559175"/>
    <nd ref="6546559176"/>
    <nd ref="6546559177"/>
    <nd ref="6546559178"/>
    <nd ref="6546559179"/>
    <nd ref="6546559180"/>
    <nd ref="6546561888"/>
    <nd ref="6546559181"/>
    <nd ref="7904840846"/>
    <nd ref="6546559182"/>
    <nd ref="6546559183"/>
    <nd ref="6546561887"/>
    <nd ref="6546559184"/>
    <nd ref="6546561885"/>
    <nd ref="6546561886"/>
    <nd ref="6546454380"/>
    <tag k="bicycle" v="no"/>
    <tag k="footway" v="sidewalk"/>
    <tag k="highway" v="footway"/>
    <tag k="surface" v="concrete"/>
  </way>
  <way id="697059976">
    <nd ref="6546593805"/>
    <nd ref="6546593806"/>
    <nd ref="6569283491"/>
    <nd ref="6546593807"/>
    <nd ref="6546593808"/>
    <nd ref="6546593809"/>
    <nd ref="6546593810"/>
    <nd ref="6546593811"/>
    <nd ref="6546593812"/>
    <nd ref="6546593813"/>
    <nd ref="6546593814"/>
    <nd ref="6546593815"/>
    <nd ref="6546593816"/>
    <nd ref="6546593817"/>
    <nd ref="6546593818"/>
    <nd ref="6546593819"/>
    <nd ref="6546593820"/>
    <nd ref="6546593821"/>
    <nd ref="6546593822"/>
    <nd ref="6546593823"/>
    <nd ref="6546593824"/>
    <nd ref="6546593825"/>
    <nd ref="6546593826"/>
    <nd ref="6546593827"/>
    <nd ref="6546593828"/>
    <nd ref="7537397823"/>
    <nd ref="6546593829"/>
    <nd ref="6546593830"/>
    <nd ref="6546593831"/>
    <nd ref="6546593832"/>
    <nd ref="8343586854"/>
    <nd ref="6546593833"/>
    <nd ref="6546593834"/>
    <tag k="bicycle" v="no"/>
    <tag k="footway" v="sidewalk"/>
    <tag k="highway" v="footway"/>
    <tag k="surface" v="concrete"/>
  </way>
  <way id="697059977">
    <nd ref="6546593811"/>
    <nd ref="650853959"/>
    <nd ref="6546593835"/>
    <tag k="crossing" v="marked"/>
    <tag k="footway" v="crossing"/>
    <tag k="highway" v="footway"/>
    <tag k="surface" v="asphalt"/>
    <tag k="tactile_paving" v="yes"/>
  </way>
  <way id="697797380">
    <nd ref="6543822912"/>
    <nd ref="6553226741"/>
    <nd ref="6543783251"/>
    <tag k="crossing" v="unmarked"/>
    <tag k="crossing:island" v="no"/>
    <tag k="crossing:markings" v="no"/>
    <tag k="footway" v="crossing"/>
    <tag k="highway" v="footway"/>
    <tag k="surface" v="asphalt"/>
  </way>
  <way id="697797381">
    <nd ref="6543822918"/>
    <nd ref="6553226742"/>
    <nd ref="6573297133"/>
    <tag k="crossing" v="uncontrolled"/>
    <tag k="crossing:markings" v="lines"/>
    <tag k="crossing:signals" v="no"/>
    <tag k="footway" v="crossing"/>
    <tag k="highway" v="footway"/>
    <tag k="surface" v="asphalt"/>
  </way>
  <way id="698165503">
    <nd ref="6546454329"/>
    <nd ref="6556805409"/>
    <nd ref="6556805410"/>
    <tag k="crossing" v="marked"/>
    <tag k="footway" v="crossing"/>
    <tag k="highway" v="footway"/>
    <tag k="surface" v="asphalt"/>
  </way>
  <way id="698165504">
    <nd ref="6556805411"/>
    <nd ref="6556805412"/>
    <nd ref="6556805413"/>
    <nd ref="6556805414"/>
    <nd ref="6556805415"/>
    <nd ref="6556805416"/>
    <nd ref="6556805417"/>
    <nd ref="6556805418"/>
    <nd ref="6556805419"/>
    <nd ref="6556805420"/>
    <nd ref="6556805421"/>
    <nd ref="6556805422"/>
    <nd ref="6556805423"/>
    <nd ref="6556805424"/>
    <nd ref="6556805425"/>
    <nd ref="6556805426"/>
    <nd ref="6556805427"/>
    <nd ref="6556805428"/>
    <nd ref="6556805429"/>
    <nd ref="6556805430"/>
    <nd ref="6556805431"/>
    <nd ref="6556805432"/>
    <nd ref="6556805433"/>
    <nd ref="6556805434"/>
    <nd ref="6556805435"/>
    <nd ref="6556805436"/>
    <nd ref="6556805437"/>
    <nd ref="6556805438"/>
    <nd ref="6556805439"/>
    <nd ref="6556805440"/>
    <nd ref="6556805441"/>
    <nd ref="6556805442"/>
    <nd ref="6556805443"/>
    <nd ref="6556805444"/>
    <nd ref="6556805445"/>
    <nd ref="6556805446"/>
    <nd ref="6556805447"/>
    <nd ref="6556805448"/>
    <nd ref="6653989286"/>
    <nd ref="6653989288"/>
    <nd ref="6556805449"/>
    <nd ref="6556805450"/>
    <nd ref="6556805451"/>
    <nd ref="6556805452"/>
    <nd ref="6653983582"/>
    <nd ref="6556805453"/>
    <nd ref="6556805454"/>
    <nd ref="6556805455"/>
    <nd ref="6556805456"/>
    <nd ref="6556805457"/>
    <nd ref="6556805458"/>
    <nd ref="6556805459"/>
    <nd ref="6556805460"/>
    <nd ref="6556805461"/>
    <nd ref="6556805462"/>
    <nd ref="6546593835"/>
    <nd ref="6556805463"/>
    <nd ref="6556805464"/>
    <nd ref="6556805465"/>
    <nd ref="6556805466"/>
    <nd ref="6556805467"/>
    <nd ref="6556805468"/>
    <nd ref="6556805469"/>
    <nd ref="6556805470"/>
    <nd ref="6556805471"/>
    <nd ref="6556805472"/>
    <nd ref="6556805473"/>
    <nd ref="6556805474"/>
    <nd ref="6556805475"/>
    <nd ref="6556805476"/>
    <nd ref="6556805477"/>
    <nd ref="6556805478"/>
    <nd ref="6556805479"/>
    <nd ref="6556805480"/>
    <nd ref="6556805481"/>
    <nd ref="6556805482"/>
    <nd ref="6556805483"/>
    <nd ref="6556805484"/>
    <nd ref="6556820085"/>
    <nd ref="6556820086"/>
    <nd ref="6556820087"/>
    <nd ref="6556820088"/>
    <nd ref="6556820089"/>
    <nd ref="6556820090"/>
    <nd ref="6556820091"/>
    <nd ref="6556820092"/>
    <nd ref="6556820093"/>
    <nd ref="6556805411"/>
    <tag k="bicycle" v="no"/>
    <tag k="footway" v="sidewalk"/>
    <tag k="highway" v="footway"/>
    <tag k="surface" v="concrete"/>
  </way>
  <way id="698165505">
    <nd ref="6556805413"/>
    <nd ref="6556820094"/>
    <nd ref="6556820095"/>
    <tag k="crossing" v="unmarked"/>
    <tag k="footway" v="crossing"/>
    <tag k="highway" v="footway"/>
    <tag k="surface" v="asphalt"/>
  </way>
  <way id="699557403">
    <nd ref="6546593826"/>
    <nd ref="6009776772"/>
    <nd ref="6569273923"/>
    <tag k="crossing" v="marked"/>
    <tag k="footway" v="crossing"/>
    <tag k="highway" v="footway"/>
    <tag k="surface" v="asphalt"/>
  </way>
  <way id="699557404">
    <nd ref="6569273923"/>
    <nd ref="6569273924"/>
    <nd ref="6569273925"/>
    <nd ref="6569273926"/>
    <nd ref="6569273927"/>
    <nd ref="6569273928"/>
    <nd ref="6569273929"/>
    <nd ref="6569273930"/>
    <nd ref="6569273931"/>
    <nd ref="6569273932"/>
    <nd ref="6569273933"/>
    <nd ref="6569273934"/>
    <nd ref="6569273935"/>
    <nd ref="6569273936"/>
    <nd ref="6569273937"/>
    <nd ref="6569273938"/>
    <nd ref="6569273939"/>
    <nd ref="6569273940"/>
    <nd ref="6569273941"/>
    <nd ref="6569273942"/>
    <nd ref="6569273943"/>
    <nd ref="6569273923"/>
    <tag k="bicycle" v="no"/>
    <tag k="footway" v="sidewalk"/>
    <tag k="highway" v="footway"/>
    <tag k="surface" v="concrete"/>
  </way>
  <way id="699557405">
    <nd ref="6569273940"/>
    <nd ref="6569273944"/>
    <nd ref="6569273945"/>
    <tag k="crossing" v="unmarked"/>
    <tag k="footway" v="crossing"/>
    <tag k="highway" v="footway"/>
    <tag k="surface" v="asphalt"/>
  </way>
  <way id="699557406">
    <nd ref="6546593831"/>
    <nd ref="6569273947"/>
    <nd ref="6569273948"/>
    <tag k="crossing" v="unmarked"/>
    <tag k="footway" v="crossing"/>
    <tag k="highway" v="footway"/>
    <tag k="surface" v="asphalt"/>
  </way>
  <way id="699557407">
    <nd ref="6546559150"/>
    <nd ref="6009776771"/>
    <nd ref="6569283491"/>
    <tag k="crossing" v="marked"/>
    <tag k="footway" v="crossing"/>
    <tag k="highway" v="footway"/>
    <tag k="surface" v="asphalt"/>
  </way>
  <way id="699557408">
    <nd ref="6546559167"/>
    <nd ref="6569283492"/>
    <nd ref="6569273976"/>
    <tag k="crossing" v="marked"/>
    <tag k="footway" v="crossing"/>
    <tag k="highway" v="footway"/>
    <tag k="surface" v="asphalt"/>
  </way>
  <way id="699557409">
    <nd ref="6546559168"/>
    <nd ref="6569283493"/>
    <nd ref="6569283494"/>
    <tag k="crossing" v="marked"/>
    <tag k="footway" v="crossing"/>
    <tag k="highway" v="footway"/>
    <tag k="surface" v="asphalt"/>
  </way>
  <way id="699977267">
    <nd ref="6878671383"/>
    <nd ref="8395240149"/>
    <nd ref="6573297141"/>
    <nd ref="6573297142"/>
    <nd ref="6573297143"/>
    <nd ref="6573297144"/>
    <nd ref="6573297145"/>
    <nd ref="6573297146"/>
    <nd ref="6573297147"/>
    <nd ref="6573297148"/>
    <nd ref="6573297149"/>
    <nd ref="6573297150"/>
    <nd ref="6573297151"/>
    <nd ref="6573297152"/>
    <nd ref="6573297153"/>
    <nd ref="6644792913"/>
    <tag k="bicycle" v="no"/>
    <tag k="footway" v="sidewalk"/>
    <tag k="highway" v="footway"/>
    <tag k="surface" v="concrete"/>
  </way>
  <way id="705664830">
    <nd ref="6546454227"/>
    <nd ref="4877499722"/>
    <nd ref="6473973609"/>
    <tag k="crossing" v="uncontrolled"/>
    <tag k="crossing:island" v="no"/>
    <tag k="crossing:markings" v="zebra"/>
    <tag k="crossing:signals" v="no"/>
    <tag k="footway" v="crossing"/>
    <tag k="highway" v="footway"/>
    <tag k="surface" v="asphalt"/>
  </way>
  <way id="705664831">
    <nd ref="6546454218"/>
    <nd ref="7714867095"/>
    <nd ref="6630619989"/>
    <nd ref="7714867094"/>
    <nd ref="6630619990"/>
    <tag k="crossing" v="uncontrolled"/>
    <tag k="crossing:island" v="no"/>
    <tag k="crossing:markings" v="lines"/>
    <tag k="crossing:signals" v="no"/>
    <tag k="footway" v="crossing"/>
    <tag k="highway" v="footway"/>
    <tag k="surface" v="asphalt"/>
  </way>
  <way id="706210178">
    <nd ref="11255876986"/>
    <nd ref="6635692946"/>
    <nd ref="6635692943"/>
    <nd ref="11255876957"/>
    <tag k="bicycle" v="no"/>
    <tag k="footway" v="sidewalk"/>
    <tag k="highway" v="footway"/>
    <tag k="surface" v="concrete"/>
  </way>
  <way id="706210179">
    <nd ref="11255876969"/>
    <nd ref="6635692952"/>
    <nd ref="11255876965"/>
    <tag k="crossing" v="unmarked"/>
    <tag k="crossing:markings" v="no"/>
    <tag k="footway" v="crossing"/>
    <tag k="highway" v="footway"/>
    <tag k="surface" v="asphalt"/>
  </way>
  <way id="706210180">
    <nd ref="11255876970"/>
    <nd ref="6635692950"/>
    <nd ref="11255876971"/>
    <tag k="crossing" v="unmarked"/>
    <tag k="crossing:markings" v="no"/>
    <tag k="footway" v="crossing"/>
    <tag k="highway" v="footway"/>
    <tag k="surface" v="asphalt"/>
  </way>
  <way id="706210181">
    <nd ref="11255876972"/>
    <nd ref="6635692951"/>
    <nd ref="11255876968"/>
    <tag k="crossing" v="unmarked"/>
    <tag k="crossing:markings" v="no"/>
    <tag k="footway" v="crossing"/>
    <tag k="highway" v="footway"/>
    <tag k="surface" v="asphalt"/>
  </way>
  <way id="706210765">
    <nd ref="11255876972"/>
    <nd ref="6635692949"/>
    <nd ref="6635688056"/>
    <nd ref="11255876990"/>
    <tag k="bicycle" v="no"/>
    <tag k="footway" v="sidewalk"/>
    <tag k="highway" v="footway"/>
    <tag k="surface" v="concrete"/>
  </way>
  <way id="706210768">
    <nd ref="6635688062"/>
    <nd ref="6635688064"/>
    <nd ref="6635688063"/>
    <nd ref="6634668433"/>
    <tag k="crossing" v="marked"/>
    <tag k="footway" v="crossing"/>
    <tag k="highway" v="footway"/>
    <tag k="surface" v="asphalt"/>
  </way>
  <way id="706210769">
    <nd ref="6635688061"/>
    <nd ref="6635688065"/>
    <nd ref="6635688057"/>
    <tag k="crossing" v="unmarked"/>
    <tag k="footway" v="crossing"/>
    <tag k="highway" v="footway"/>
    <tag k="surface" v="asphalt"/>
  </way>
  <way id="707082965">
    <nd ref="6644792889"/>
    <nd ref="6644792890"/>
    <nd ref="6644792891"/>
    <nd ref="6644792892"/>
    <nd ref="6644792893"/>
    <nd ref="11586798826"/>
    <nd ref="6644792894"/>
    <nd ref="6644792895"/>
    <nd ref="6644792896"/>
    <nd ref="6644792897"/>
    <nd ref="6644792898"/>
    <nd ref="11586798825"/>
    <nd ref="7249358193"/>
    <nd ref="6644792899"/>
    <nd ref="6644792900"/>
    <nd ref="6644792901"/>
    <nd ref="6644792902"/>
    <nd ref="6644792903"/>
    <nd ref="6644792904"/>
    <nd ref="6644792905"/>
    <nd ref="6644792906"/>
    <nd ref="6644792907"/>
    <nd ref="6644792889"/>
    <tag k="bicycle" v="no"/>
    <tag k="footway" v="sidewalk"/>
    <tag k="highway" v="footway"/>
    <tag k="surface" v="concrete"/>
  </way>
  <way id="707082968">
    <nd ref="6573297151"/>
    <nd ref="6644792910"/>
    <nd ref="6644792906"/>
    <tag k="crossing" v="unmarked"/>
    <tag k="crossing:island" v="no"/>
    <tag k="crossing:markings" v="no"/>
    <tag k="footway" v="crossing"/>
    <tag k="highway" v="footway"/>
    <tag k="surface" v="asphalt"/>
  </way>
  <way id="707082970">
    <nd ref="6644792912"/>
    <nd ref="6644792914"/>
    <nd ref="6644792913"/>
    <tag k="crossing" v="unmarked"/>
    <tag k="crossing:island" v="no"/>
    <tag k="crossing:markings" v="no"/>
    <tag k="footway" v="crossing"/>
    <tag k="highway" v="footway"/>
    <tag k="surface" v="asphalt"/>
  </way>
  <way id="707082975">
    <nd ref="6573297144"/>
    <nd ref="6644792922"/>
    <nd ref="6644792901"/>
    <tag k="crossing" v="unmarked"/>
    <tag k="footway" v="crossing"/>
    <tag k="highway" v="footway"/>
    <tag k="surface" v="asphalt"/>
  </way>
  <way id="707082976">
    <nd ref="6573297142"/>
    <nd ref="6644792923"/>
    <nd ref="6473973281"/>
    <tag k="crossing" v="unmarked"/>
    <tag k="footway" v="crossing"/>
    <tag k="highway" v="footway"/>
    <tag k="surface" v="asphalt"/>
  </way>
  <way id="707531330">
    <nd ref="6648903924"/>
    <nd ref="6648954961"/>
    <nd ref="6648954962"/>
    <nd ref="6648954963"/>
    <nd ref="6648954964"/>
    <nd ref="6648954965"/>
    <nd ref="6648954966"/>
    <nd ref="6648954967"/>
    <nd ref="6648954968"/>
    <nd ref="6648954969"/>
    <nd ref="6648954970"/>
    <nd ref="6648954971"/>
    <nd ref="6648954972"/>
    <nd ref="6648954973"/>
    <nd ref="6648954974"/>
    <nd ref="6648954975"/>
    <nd ref="6648954976"/>
    <nd ref="6648954977"/>
    <nd ref="6648954978"/>
    <nd ref="6648954979"/>
    <nd ref="6648956842"/>
    <nd ref="6648954980"/>
    <nd ref="6648954981"/>
    <nd ref="6648954982"/>
    <nd ref="6648954983"/>
    <nd ref="6648954984"/>
    <nd ref="6648956685"/>
    <nd ref="6648956686"/>
    <nd ref="6648956687"/>
    <nd ref="6648956688"/>
    <nd ref="6648956689"/>
    <nd ref="6648956690"/>
    <nd ref="6648956691"/>
    <nd ref="6648956692"/>
    <nd ref="6648956693"/>
    <nd ref="6648956694"/>
    <nd ref="6648956695"/>
    <nd ref="6648956696"/>
    <nd ref="6648956697"/>
    <nd ref="6648956698"/>
    <nd ref="6648956699"/>
    <nd ref="6648956700"/>
    <nd ref="6648956701"/>
    <nd ref="6648956702"/>
    <nd ref="6648956703"/>
    <nd ref="6648956704"/>
    <nd ref="6648956705"/>
    <nd ref="6648956706"/>
    <nd ref="6648956707"/>
    <nd ref="6648956708"/>
    <nd ref="6648956709"/>
    <nd ref="6648956710"/>
    <nd ref="6648986852"/>
    <nd ref="6648986882"/>
    <nd ref="6648956711"/>
    <nd ref="65447776"/>
    <nd ref="6648956712"/>
    <nd ref="6648956713"/>
    <nd ref="6648956714"/>
    <nd ref="6648956715"/>
    <nd ref="6648956716"/>
    <nd ref="6648956717"/>
    <nd ref="6648956718"/>
    <nd ref="6648956719"/>
    <nd ref="6648956720"/>
    <nd ref="6648956721"/>
    <nd ref="6648956722"/>
    <nd ref="6648956723"/>
    <nd ref="7650994239"/>
    <nd ref="6648956724"/>
    <nd ref="6648956725"/>
    <nd ref="6648956726"/>
    <nd ref="286891579"/>
    <nd ref="6648956727"/>
    <nd ref="6648956728"/>
    <nd ref="6648956729"/>
    <nd ref="6648956730"/>
    <nd ref="6648956731"/>
    <nd ref="6648956732"/>
    <nd ref="6648956733"/>
    <nd ref="6648956734"/>
    <nd ref="6648956735"/>
    <nd ref="6648956736"/>
    <nd ref="6648956737"/>
    <nd ref="6648956738"/>
    <nd ref="6648956739"/>
    <nd ref="6648956740"/>
    <nd ref="6648956741"/>
    <nd ref="6648956742"/>
    <nd ref="6648956743"/>
    <nd ref="6648956744"/>
    <nd ref="6648956745"/>
    <nd ref="6648956746"/>
    <nd ref="6648956747"/>
    <nd ref="6648956748"/>
    <nd ref="6648956749"/>
    <nd ref="6648956750"/>
    <nd ref="6648956751"/>
    <nd ref="6648956752"/>
    <nd ref="6648956753"/>
    <nd ref="6648956754"/>
    <nd ref="6648956755"/>
    <nd ref="6648956756"/>
    <nd ref="6648956757"/>
    <nd ref="6648956758"/>
    <nd ref="6648956759"/>
    <nd ref="6648956760"/>
    <nd ref="6648956761"/>
    <nd ref="6648956762"/>
    <nd ref="6648956763"/>
    <nd ref="6648956764"/>
    <nd ref="6648956765"/>
    <nd ref="6648956766"/>
    <nd ref="6648956767"/>
    <nd ref="6648956768"/>
    <nd ref="6648956769"/>
    <nd ref="6648956770"/>
    <nd ref="6648956771"/>
    <nd ref="6648956772"/>
    <nd ref="6648956773"/>
    <nd ref="6648956774"/>
    <nd ref="6648956775"/>
    <nd ref="6648956776"/>
    <nd ref="6648956777"/>
    <nd ref="6648956778"/>
    <nd ref="6648956779"/>
    <nd ref="6648956780"/>
    <nd ref="6648956781"/>
    <nd ref="6648956834"/>
    <nd ref="6648956782"/>
    <nd ref="6648956783"/>
    <nd ref="6648956784"/>
    <nd ref="6648956785"/>
    <nd ref="6648956786"/>
    <nd ref="6648956787"/>
    <nd ref="6648956836"/>
    <nd ref="6648956788"/>
    <nd ref="6648956789"/>
    <nd ref="6648956790"/>
    <nd ref="6648956791"/>
    <nd ref="6648956792"/>
    <nd ref="6648956793"/>
    <nd ref="6648956794"/>
    <nd ref="6648956795"/>
    <nd ref="6648956796"/>
    <nd ref="6648956797"/>
    <nd ref="6648956798"/>
    <nd ref="6648956799"/>
    <nd ref="6648956800"/>
    <nd ref="6648956801"/>
    <nd ref="6648956802"/>
    <nd ref="6648956803"/>
    <nd ref="6648956804"/>
    <nd ref="6648956805"/>
    <tag k="bicycle" v="no"/>
    <tag k="footway" v="sidewalk"/>
    <tag k="highway" v="footway"/>
    <tag k="surface" v="concrete"/>
  </way>
  <way id="707544143">
    <nd ref="6648956794"/>
    <nd ref="6649067571"/>
    <nd ref="6649067570"/>
    <tag k="crossing" v="marked"/>
    <tag k="footway" v="crossing"/>
    <tag k="highway" v="footway"/>
    <tag k="surface" v="asphalt"/>
  </way>
  <way id="707544144">
    <nd ref="6649067570"/>
    <nd ref="6649067573"/>
    <nd ref="6649067574"/>
    <nd ref="6649067572"/>
    <tag k="crossing" v="traffic_signals"/>
    <tag k="crossing:markings" v="lines"/>
    <tag k="footway" v="crossing"/>
    <tag k="highway" v="footway"/>
    <tag k="surface" v="asphalt"/>
  </way>
  <way id="707544145">
    <nd ref="6649067572"/>
    <nd ref="6649067576"/>
    <nd ref="6649067575"/>
    <tag k="crossing" v="traffic_signals"/>
    <tag k="crossing:markings" v="lines"/>
    <tag k="footway" v="crossing"/>
    <tag k="highway" v="footway"/>
    <tag k="surface" v="asphalt"/>
  </way>
  <way id="707544146">
    <nd ref="6649067575"/>
    <nd ref="6649067578"/>
    <nd ref="6649067577"/>
    <tag k="crossing" v="traffic_signals"/>
    <tag k="crossing:markings" v="lines"/>
    <tag k="footway" v="crossing"/>
    <tag k="highway" v="footway"/>
    <tag k="surface" v="asphalt"/>
  </way>
  <way id="707544147">
    <nd ref="6649067577"/>
    <nd ref="6649067579"/>
    <nd ref="6649067570"/>
    <tag k="crossing" v="traffic_signals"/>
    <tag k="crossing:markings" v="lines"/>
    <tag k="footway" v="crossing"/>
    <tag k="highway" v="footway"/>
  </way>
  <way id="707544148">
    <nd ref="6649067572"/>
    <nd ref="6649067581"/>
    <nd ref="6649067580"/>
    <tag k="crossing" v="marked"/>
    <tag k="footway" v="crossing"/>
    <tag k="highway" v="footway"/>
    <tag k="surface" v="asphalt"/>
  </way>
  <way id="707544149">
    <nd ref="6648956852"/>
    <nd ref="6648956850"/>
    <nd ref="6649067582"/>
    <nd ref="6648975898"/>
    <nd ref="6648975896"/>
    <nd ref="6649067583"/>
    <nd ref="6649067584"/>
    <nd ref="6649082185"/>
    <nd ref="6649082186"/>
    <nd ref="6649082187"/>
    <nd ref="6649082188"/>
    <nd ref="6649082189"/>
    <nd ref="6698244775"/>
    <nd ref="6649082190"/>
    <nd ref="6649082191"/>
    <nd ref="6649082192"/>
    <nd ref="6649082193"/>
    <nd ref="6649082194"/>
    <nd ref="6649082195"/>
    <nd ref="6649082196"/>
    <nd ref="6649082197"/>
    <nd ref="6649082198"/>
    <nd ref="6649082199"/>
    <nd ref="6649082200"/>
    <nd ref="6649082201"/>
    <nd ref="6649082202"/>
    <nd ref="6649082203"/>
    <nd ref="6649082204"/>
    <nd ref="6649082205"/>
    <nd ref="6649082206"/>
    <nd ref="6649082207"/>
    <nd ref="6649082208"/>
    <nd ref="6649082209"/>
    <nd ref="6649082210"/>
    <nd ref="6649082211"/>
    <nd ref="6649082212"/>
    <nd ref="6649082213"/>
    <nd ref="6649082214"/>
    <nd ref="6649082215"/>
    <nd ref="6649082216"/>
    <nd ref="6649082217"/>
    <nd ref="6649082218"/>
    <nd ref="6649082219"/>
    <nd ref="6649082220"/>
    <nd ref="6649082221"/>
    <nd ref="6649082222"/>
    <nd ref="6649082223"/>
    <nd ref="12840892755"/>
    <nd ref="6649082224"/>
    <nd ref="6649082225"/>
    <nd ref="6649082226"/>
    <nd ref="6649082227"/>
    <nd ref="6649067577"/>
    <nd ref="6649082228"/>
    <nd ref="6649082229"/>
    <nd ref="6649082230"/>
    <nd ref="6649082231"/>
    <nd ref="12840892757"/>
    <nd ref="6649082232"/>
    <nd ref="1123102962"/>
    <nd ref="6649082233"/>
    <nd ref="6649082234"/>
    <nd ref="6649082235"/>
    <nd ref="6649082236"/>
    <nd ref="6649082237"/>
    <nd ref="6649082238"/>
    <nd ref="6649082239"/>
    <nd ref="6649082240"/>
    <nd ref="6649082241"/>
    <nd ref="6649082242"/>
    <nd ref="6649082243"/>
    <nd ref="6649082244"/>
    <nd ref="6649082245"/>
    <nd ref="6648956852"/>
    <tag k="bicycle" v="no"/>
    <tag k="footway" v="sidewalk"/>
    <tag k="highway" v="footway"/>
    <tag k="surface" v="concrete"/>
  </way>
  <way id="707544150">
    <nd ref="6649067575"/>
    <nd ref="6649082246"/>
    <nd ref="6649082247"/>
    <nd ref="6649082248"/>
    <nd ref="6649082249"/>
    <nd ref="6649082250"/>
    <nd ref="6649082251"/>
    <nd ref="6649082252"/>
    <nd ref="6649082253"/>
    <nd ref="6649082254"/>
    <nd ref="6649082255"/>
    <nd ref="6649082256"/>
    <nd ref="6649082257"/>
    <nd ref="6649082258"/>
    <nd ref="6649082259"/>
    <nd ref="6649082260"/>
    <nd ref="6649082261"/>
    <nd ref="6649082262"/>
    <nd ref="6649082263"/>
    <nd ref="6649082264"/>
    <nd ref="6649082265"/>
    <nd ref="6649082266"/>
    <nd ref="6649082267"/>
    <nd ref="6649082268"/>
    <nd ref="6649082269"/>
    <nd ref="6649082270"/>
    <nd ref="6649082271"/>
    <nd ref="6649082272"/>
    <nd ref="6649082273"/>
    <nd ref="6649082274"/>
    <nd ref="6649082275"/>
    <nd ref="6649082276"/>
    <nd ref="6649082277"/>
    <nd ref="6649082278"/>
    <nd ref="6649082279"/>
    <nd ref="6649082280"/>
    <nd ref="6649081672"/>
    <nd ref="6649081674"/>
    <nd ref="6649082281"/>
    <nd ref="6649082282"/>
    <nd ref="6649082283"/>
    <nd ref="6649082284"/>
    <nd ref="6649082285"/>
    <nd ref="6649082286"/>
    <nd ref="6649082287"/>
    <nd ref="6649082288"/>
    <nd ref="6649082289"/>
    <nd ref="6649082290"/>
    <nd ref="6649082291"/>
    <nd ref="6649082292"/>
    <nd ref="6649082293"/>
    <nd ref="6649082294"/>
    <nd ref="6649082295"/>
    <nd ref="6649082296"/>
    <nd ref="6649082297"/>
    <nd ref="6649082298"/>
    <nd ref="6649082299"/>
    <nd ref="6649082300"/>
    <nd ref="6649082301"/>
    <nd ref="6649082302"/>
    <nd ref="6649082303"/>
    <nd ref="6649082304"/>
    <nd ref="6649082305"/>
    <nd ref="6649081676"/>
    <nd ref="6649082306"/>
    <nd ref="6649082307"/>
    <nd ref="6649082308"/>
    <nd ref="6649082309"/>
    <nd ref="6649082310"/>
    <nd ref="6649082311"/>
    <nd ref="6649082312"/>
    <nd ref="6649082313"/>
    <nd ref="6649082314"/>
    <nd ref="6649082315"/>
    <nd ref="6649082316"/>
    <nd ref="6649082317"/>
    <nd ref="6649082318"/>
    <nd ref="6649082319"/>
    <nd ref="6649082320"/>
    <nd ref="6649082321"/>
    <nd ref="6649082322"/>
    <nd ref="6649082323"/>
    <nd ref="6649082324"/>
    <nd ref="6649082325"/>
    <nd ref="6649082326"/>
    <nd ref="6649082327"/>
    <nd ref="6649082328"/>
    <nd ref="6649082329"/>
    <nd ref="6649082330"/>
    <nd ref="6649082331"/>
    <nd ref="6649082332"/>
    <nd ref="6649082333"/>
    <nd ref="6649082334"/>
    <nd ref="6649082335"/>
    <nd ref="6649082336"/>
    <nd ref="8742729404"/>
    <nd ref="8414680904"/>
    <nd ref="6649082337"/>
    <nd ref="6649082338"/>
    <nd ref="8415988458"/>
    <nd ref="6649082339"/>
    <nd ref="6649082340"/>
    <nd ref="6649082341"/>
    <nd ref="6649082342"/>
    <nd ref="6649067575"/>
    <tag k="bicycle" v="no"/>
    <tag k="footway" v="sidewalk"/>
    <tag k="highway" v="footway"/>
    <tag k="surface" v="concrete"/>
  </way>
  <way id="707544545">
    <nd ref="6649081627"/>
    <nd ref="6649081628"/>
    <nd ref="6649081629"/>
    <nd ref="6649081630"/>
    <nd ref="6649081631"/>
    <nd ref="6649081632"/>
    <nd ref="6649081633"/>
    <nd ref="6649081634"/>
    <nd ref="6649081635"/>
    <nd ref="8414680900"/>
    <nd ref="6649081636"/>
    <nd ref="6649081637"/>
    <nd ref="6649081638"/>
    <nd ref="6649081639"/>
    <nd ref="6649081640"/>
    <nd ref="6649081641"/>
    <nd ref="6649081642"/>
    <nd ref="6649081643"/>
    <nd ref="6649081644"/>
    <nd ref="6649081645"/>
    <nd ref="6649081646"/>
    <nd ref="6649081647"/>
    <nd ref="6649081668"/>
    <nd ref="6649081648"/>
    <nd ref="6649081649"/>
    <nd ref="6649081650"/>
    <nd ref="6649081651"/>
    <nd ref="6649081652"/>
    <nd ref="6649081653"/>
    <nd ref="6649081654"/>
    <nd ref="6649081655"/>
    <nd ref="6649081656"/>
    <nd ref="6649081657"/>
    <nd ref="6649081658"/>
    <nd ref="6649081659"/>
    <nd ref="6649081660"/>
    <nd ref="6649081661"/>
    <nd ref="6649081662"/>
    <nd ref="6649081663"/>
    <nd ref="6649081664"/>
    <nd ref="6649081665"/>
    <nd ref="6649081666"/>
    <nd ref="6649081627"/>
    <tag k="bicycle" v="no"/>
    <tag k="footway" v="sidewalk"/>
    <tag k="highway" v="footway"/>
    <tag k="surface" v="concrete"/>
  </way>
  <way id="707544546">
    <nd ref="6649082255"/>
    <nd ref="6649081667"/>
    <nd ref="6649081630"/>
    <tag k="crossing" v="unmarked"/>
    <tag k="footway" v="crossing"/>
    <tag k="highway" v="footway"/>
    <tag k="surface" v="asphalt"/>
  </way>
  <way id="707544547">
    <nd ref="6649081668"/>
    <nd ref="6649081669"/>
    <nd ref="6649082294"/>
    <tag k="crossing" v="unmarked"/>
    <tag k="footway" v="crossing"/>
    <tag k="highway" v="footway"/>
    <tag k="surface" v="asphalt"/>
  </way>
  <way id="707544548">
    <nd ref="6649082262"/>
    <nd ref="6649081671"/>
    <nd ref="6649081661"/>
    <tag k="crossing" v="unmarked"/>
    <tag k="footway" v="crossing"/>
    <tag k="highway" v="footway"/>
    <tag k="surface" v="asphalt"/>
  </way>
  <way id="707544549">
    <nd ref="6649082262"/>
    <nd ref="6649081673"/>
    <nd ref="6649081672"/>
    <tag k="crossing" v="unmarked"/>
    <tag k="footway" v="crossing"/>
    <tag k="highway" v="footway"/>
    <tag k="surface" v="asphalt"/>
  </way>
  <way id="707544550">
    <nd ref="6649081661"/>
    <nd ref="6649081675"/>
    <nd ref="6649081674"/>
    <tag k="crossing" v="unmarked"/>
    <tag k="footway" v="crossing"/>
    <tag k="highway" v="footway"/>
    <tag k="surface" v="asphalt"/>
  </way>
  <way id="707544551">
    <nd ref="6546454338"/>
    <nd ref="6649081677"/>
    <nd ref="6649081676"/>
    <tag k="crossing" v="unmarked"/>
    <tag k="footway" v="crossing"/>
    <tag k="highway" v="footway"/>
    <tag k="surface" v="asphalt"/>
  </way>
  <way id="707544552">
    <nd ref="6546454338"/>
    <nd ref="6649081680"/>
    <nd ref="6649081679"/>
    <tag k="crossing" v="marked"/>
    <tag k="footway" v="crossing"/>
    <tag k="highway" v="footway"/>
    <tag k="surface" v="asphalt"/>
  </way>
  <way id="707546021">
    <nd ref="8703281591"/>
    <nd ref="8703281580"/>
    <nd ref="8703281579"/>
    <nd ref="8703281578"/>
    <nd ref="8703281577"/>
    <nd ref="8703281590"/>
    <nd ref="8703281576"/>
    <nd ref="6649067580"/>
    <nd ref="6649036070"/>
    <nd ref="6649036071"/>
    <nd ref="6649036072"/>
    <nd ref="6649036073"/>
    <nd ref="6649036074"/>
    <nd ref="6649036075"/>
    <nd ref="6649103467"/>
    <nd ref="6649036076"/>
    <nd ref="6649036077"/>
    <nd ref="6649036078"/>
    <nd ref="6649036079"/>
    <nd ref="6649036080"/>
    <nd ref="6649036081"/>
    <nd ref="6649036082"/>
    <nd ref="6649103473"/>
    <nd ref="6649036083"/>
    <nd ref="6649036084"/>
    <nd ref="6649103385"/>
    <nd ref="8691587673"/>
    <nd ref="6649103386"/>
    <nd ref="6649103387"/>
    <nd ref="6649103388"/>
    <nd ref="6649103389"/>
    <nd ref="6649103390"/>
    <nd ref="6649103391"/>
    <nd ref="6649103392"/>
    <nd ref="6649103393"/>
    <nd ref="6649103394"/>
    <nd ref="6649103395"/>
    <nd ref="6649103396"/>
    <nd ref="6649103397"/>
    <nd ref="8691587680"/>
    <nd ref="6649103398"/>
    <nd ref="6649103399"/>
    <nd ref="8691587676"/>
    <nd ref="6649103400"/>
    <nd ref="6649103401"/>
    <nd ref="6649103402"/>
    <nd ref="6649103403"/>
    <nd ref="6798229658"/>
    <nd ref="6649103404"/>
    <nd ref="6649103405"/>
    <nd ref="6649103406"/>
    <nd ref="6649103407"/>
    <nd ref="6649103408"/>
    <nd ref="6649103409"/>
    <nd ref="6649103474"/>
    <nd ref="6649103476"/>
    <nd ref="6649103410"/>
    <nd ref="6649103411"/>
    <nd ref="6649103412"/>
    <nd ref="6649103413"/>
    <nd ref="6649103414"/>
    <nd ref="6649103415"/>
    <nd ref="6649103416"/>
    <nd ref="6649103417"/>
    <nd ref="6649103418"/>
    <nd ref="6649103419"/>
    <nd ref="6649103420"/>
    <nd ref="6649103421"/>
    <nd ref="6649103422"/>
    <nd ref="6649103423"/>
    <nd ref="6649111226"/>
    <nd ref="6649111230"/>
    <nd ref="6649103424"/>
    <nd ref="6649103425"/>
    <nd ref="6649103426"/>
    <nd ref="6649103427"/>
    <nd ref="6649103428"/>
    <nd ref="6649103429"/>
    <nd ref="6649103430"/>
    <nd ref="6649103431"/>
    <nd ref="6649103432"/>
    <nd ref="6649103433"/>
    <nd ref="6649103434"/>
    <nd ref="6649103435"/>
    <nd ref="6649103436"/>
    <nd ref="6649103437"/>
    <nd ref="6649103438"/>
    <nd ref="6649103439"/>
    <nd ref="6649103440"/>
    <nd ref="6649103441"/>
    <nd ref="6649103442"/>
    <nd ref="6649103443"/>
    <nd ref="6649103444"/>
    <nd ref="6649103445"/>
    <nd ref="6649103446"/>
    <nd ref="6649103447"/>
    <nd ref="6649103448"/>
    <nd ref="6649103449"/>
    <nd ref="6649103450"/>
    <nd ref="6649103451"/>
    <nd ref="6649103452"/>
    <nd ref="6649103453"/>
    <nd ref="6649103454"/>
    <nd ref="6649103455"/>
    <nd ref="6652442233"/>
    <nd ref="6652442235"/>
    <nd ref="6649103456"/>
    <nd ref="6649103457"/>
    <nd ref="6649103458"/>
    <nd ref="6649103459"/>
    <nd ref="6649103460"/>
    <nd ref="6649103461"/>
    <nd ref="6649103462"/>
    <nd ref="6649103463"/>
    <nd ref="11956215832"/>
    <nd ref="6649103464"/>
    <nd ref="6652462388"/>
    <nd ref="6649103465"/>
    <nd ref="6652442284"/>
    <nd ref="12975337818"/>
    <nd ref="12975337820"/>
    <nd ref="12975337819"/>
    <nd ref="12975337833"/>
    <nd ref="12975337834"/>
    <tag k="bicycle" v="no"/>
    <tag k="footway" v="sidewalk"/>
    <tag k="highway" v="footway"/>
    <tag k="surface" v="concrete"/>
  </way>
  <way id="707546022">
    <nd ref="6649082255"/>
    <nd ref="6649103470"/>
    <nd ref="6649103467"/>
    <tag k="crossing" v="unmarked"/>
    <tag k="footway" v="crossing"/>
    <tag k="highway" v="footway"/>
    <tag k="surface" v="asphalt"/>
  </way>
  <way id="707546023">
    <nd ref="6649103467"/>
    <nd ref="6649103469"/>
    <nd ref="6649103468"/>
    <tag k="crossing" v="unmarked"/>
    <tag k="footway" v="crossing"/>
    <tag k="highway" v="footway"/>
    <tag k="surface" v="asphalt"/>
  </way>
  <way id="707546024">
    <nd ref="6649081630"/>
    <nd ref="6649103471"/>
    <nd ref="6649103468"/>
    <tag k="crossing" v="unmarked"/>
    <tag k="footway" v="crossing"/>
    <tag k="highway" v="footway"/>
    <tag k="surface" v="asphalt"/>
  </way>
  <way id="707546906">
    <nd ref="6649103477"/>
    <nd ref="6649108378"/>
    <nd ref="6649108379"/>
    <nd ref="6649108380"/>
    <nd ref="6649108381"/>
    <nd ref="6649108382"/>
    <nd ref="6649103468"/>
    <nd ref="6649108383"/>
    <nd ref="6649108384"/>
    <nd ref="6649111185"/>
    <nd ref="6649111186"/>
    <nd ref="6649111187"/>
    <nd ref="6649111188"/>
    <nd ref="6649111189"/>
    <nd ref="6649111190"/>
    <nd ref="6649111191"/>
    <nd ref="6649111192"/>
    <nd ref="6649111193"/>
    <nd ref="6649111194"/>
    <nd ref="6649111195"/>
    <nd ref="6649111196"/>
    <nd ref="6649111197"/>
    <nd ref="6649111198"/>
    <nd ref="6649111199"/>
    <nd ref="6649111200"/>
    <nd ref="6649111201"/>
    <nd ref="6649111202"/>
    <nd ref="6649111203"/>
    <nd ref="6649111204"/>
    <nd ref="6649111205"/>
    <nd ref="6649111206"/>
    <nd ref="6649111207"/>
    <nd ref="6649111208"/>
    <nd ref="6649111209"/>
    <nd ref="6649111210"/>
    <nd ref="6649111211"/>
    <nd ref="6649111212"/>
    <nd ref="6649111213"/>
    <nd ref="6649111214"/>
    <nd ref="6649111215"/>
    <nd ref="6649111216"/>
    <nd ref="6649111217"/>
    <nd ref="6649111218"/>
    <nd ref="6649111219"/>
    <nd ref="6860035209"/>
    <nd ref="6649111220"/>
    <nd ref="6649111221"/>
    <nd ref="6649111222"/>
    <nd ref="6649111223"/>
    <nd ref="6649111224"/>
    <nd ref="6649111225"/>
    <nd ref="6649103477"/>
    <tag k="bicycle" v="no"/>
    <tag k="footway" v="sidewalk"/>
    <tag k="highway" v="footway"/>
    <tag k="surface" v="concrete"/>
  </way>
  <way id="707546907">
    <nd ref="6649111215"/>
    <nd ref="6649111227"/>
    <nd ref="6649111226"/>
    <tag k="crossing" v="unmarked"/>
    <tag k="footway" v="crossing"/>
    <tag k="highway" v="footway"/>
    <tag k="surface" v="asphalt"/>
  </way>
  <way id="707546908">
    <nd ref="6649111214"/>
    <nd ref="6649111229"/>
    <nd ref="6649111228"/>
    <tag k="crossing" v="unmarked"/>
    <tag k="footway" v="crossing"/>
    <tag k="highway" v="footway"/>
    <tag k="surface" v="asphalt"/>
  </way>
  <way id="707546909">
    <nd ref="6649111228"/>
    <nd ref="6649111231"/>
    <nd ref="6649111230"/>
    <tag k="crossing" v="unmarked"/>
    <tag k="footway" v="crossing"/>
    <tag k="highway" v="footway"/>
    <tag k="surface" v="asphalt"/>
  </way>
  <way id="707546910">
    <nd ref="6649081679"/>
    <nd ref="6649111232"/>
    <nd ref="6649111205"/>
    <tag k="crossing" v="unmarked"/>
    <tag k="footway" v="crossing"/>
    <tag k="highway" v="footway"/>
    <tag k="surface" v="asphalt"/>
  </way>
  <way id="707546911">
    <nd ref="6649111204"/>
    <nd ref="6649111234"/>
    <nd ref="6649081676"/>
    <tag k="crossing" v="unmarked"/>
    <tag k="footway" v="crossing"/>
    <tag k="highway" v="footway"/>
    <tag k="surface" v="asphalt"/>
  </way>
  <way id="707972364">
    <nd ref="6649081679"/>
    <nd ref="6652388679"/>
    <nd ref="6652388680"/>
    <nd ref="6652388681"/>
    <nd ref="6652388682"/>
    <nd ref="6556805410"/>
    <nd ref="6652388683"/>
    <nd ref="6652388684"/>
    <nd ref="6652450285"/>
    <nd ref="6652450286"/>
    <nd ref="6652450287"/>
    <nd ref="6652450288"/>
    <nd ref="6652450289"/>
    <nd ref="6652450290"/>
    <nd ref="6652450291"/>
    <nd ref="6652450292"/>
    <nd ref="6652450293"/>
    <nd ref="6652450294"/>
    <nd ref="6652450295"/>
    <nd ref="6652450296"/>
    <nd ref="6652450297"/>
    <nd ref="6652450298"/>
    <nd ref="6652450299"/>
    <nd ref="6652450300"/>
    <nd ref="6652450301"/>
    <nd ref="6652450302"/>
    <nd ref="6652450303"/>
    <nd ref="6652450304"/>
    <nd ref="6652450305"/>
    <nd ref="6652450306"/>
    <nd ref="6652450307"/>
    <nd ref="6652450308"/>
    <nd ref="6652450309"/>
    <nd ref="6652450310"/>
    <nd ref="6652450311"/>
    <nd ref="6652450312"/>
    <nd ref="6652450313"/>
    <nd ref="6652450314"/>
    <nd ref="6652450315"/>
    <nd ref="6652450316"/>
    <nd ref="7928687045"/>
    <nd ref="6652450317"/>
    <nd ref="6652450318"/>
    <nd ref="6652450319"/>
    <nd ref="6652450320"/>
    <nd ref="6652450321"/>
    <nd ref="6652450322"/>
    <nd ref="6652450323"/>
    <nd ref="6652450324"/>
    <nd ref="6652450325"/>
    <nd ref="6652450326"/>
    <nd ref="6652450327"/>
    <nd ref="6652450328"/>
    <nd ref="6652450329"/>
    <nd ref="6652450330"/>
    <nd ref="6652450331"/>
    <nd ref="6652450332"/>
    <nd ref="6652450333"/>
    <nd ref="6652450334"/>
    <nd ref="6652450335"/>
    <nd ref="6652450336"/>
    <nd ref="6652450337"/>
    <nd ref="6649111228"/>
    <nd ref="6652450338"/>
    <nd ref="6652450339"/>
    <nd ref="6652450340"/>
    <nd ref="6652450341"/>
    <nd ref="6652450342"/>
    <nd ref="6652450343"/>
    <nd ref="6652450344"/>
    <nd ref="6652450345"/>
    <nd ref="6652450346"/>
    <nd ref="6652450347"/>
    <nd ref="6649081679"/>
    <tag k="footway" v="sidewalk"/>
    <tag k="highway" v="footway"/>
    <tag k="surface" v="concrete"/>
  </way>
  <way id="707972365">
    <nd ref="6652450305"/>
    <nd ref="6652450349"/>
    <nd ref="6652450348"/>
    <tag k="crossing" v="unmarked"/>
    <tag k="footway" v="crossing"/>
    <tag k="highway" v="footway"/>
    <tag k="surface" v="asphalt"/>
  </way>
  <way id="707972366">
    <nd ref="6652450348"/>
    <nd ref="6652450351"/>
    <nd ref="6652450352"/>
    <nd ref="6652450375"/>
    <nd ref="6652450353"/>
    <nd ref="7192441734"/>
    <nd ref="6652450402"/>
    <nd ref="6652450400"/>
    <nd ref="6652450377"/>
    <nd ref="6652450376"/>
    <nd ref="6652450354"/>
    <nd ref="6652450355"/>
    <nd ref="6652450356"/>
    <nd ref="6652450357"/>
    <nd ref="6652450358"/>
    <nd ref="6652450359"/>
    <nd ref="6652450360"/>
    <nd ref="6652450361"/>
    <nd ref="6652450362"/>
    <nd ref="6652450363"/>
    <nd ref="6652450364"/>
    <nd ref="6652450365"/>
    <nd ref="6652450378"/>
    <nd ref="6652450366"/>
    <nd ref="6652450367"/>
    <nd ref="6652450368"/>
    <nd ref="6652450369"/>
    <nd ref="6652450370"/>
    <nd ref="6652450371"/>
    <nd ref="6652450372"/>
    <nd ref="6652450373"/>
    <nd ref="6652450374"/>
    <nd ref="6652450348"/>
    <tag k="bicycle" v="no"/>
    <tag k="footway" v="sidewalk"/>
    <tag k="highway" v="footway"/>
    <tag k="surface" v="concrete"/>
  </way>
  <way id="707972367">
    <nd ref="6652450332"/>
    <nd ref="6652450379"/>
    <nd ref="6652450362"/>
    <tag k="crossing" v="unmarked"/>
    <tag k="footway" v="crossing"/>
    <tag k="highway" v="footway"/>
    <tag k="surface" v="asphalt"/>
  </way>
  <way id="707972368">
    <nd ref="6652450353"/>
    <nd ref="6652450382"/>
    <nd ref="6652450381"/>
    <tag k="crossing" v="unmarked"/>
    <tag k="footway" v="crossing"/>
    <tag k="highway" v="footway"/>
    <tag k="surface" v="asphalt"/>
    <tag k="tactile_paving" v="yes"/>
  </way>
  <way id="707972369">
    <nd ref="6649103440"/>
    <nd ref="6652450386"/>
    <nd ref="6652450385"/>
    <tag k="crossing" v="unmarked"/>
    <tag k="footway" v="crossing"/>
    <tag k="highway" v="footway"/>
    <tag k="surface" v="asphalt"/>
  </way>
  <way id="707972370">
    <nd ref="6652450385"/>
    <nd ref="6652450388"/>
    <nd ref="6652450389"/>
    <nd ref="6652450390"/>
    <nd ref="6652450391"/>
    <nd ref="6652450392"/>
    <nd ref="6652450393"/>
    <nd ref="6652450394"/>
    <nd ref="6652450395"/>
    <nd ref="6652450396"/>
    <nd ref="6652450397"/>
    <nd ref="6652450398"/>
    <nd ref="6652450399"/>
    <nd ref="6652450381"/>
    <nd ref="6652450385"/>
    <tag k="bicycle" v="no"/>
    <tag k="footway" v="sidewalk"/>
    <tag k="highway" v="footway"/>
    <tag k="surface" v="concrete"/>
  </way>
  <way id="707972371">
    <nd ref="6649103440"/>
    <nd ref="6652450401"/>
    <nd ref="6652450400"/>
    <tag k="crossing" v="unmarked"/>
    <tag k="footway" v="crossing"/>
    <tag k="highway" v="footway"/>
    <tag k="surface" v="asphalt"/>
  </way>
  <way id="707972372">
    <nd ref="6652450385"/>
    <nd ref="6652450403"/>
    <nd ref="6652450402"/>
    <tag k="crossing" v="unmarked"/>
    <tag k="footway" v="crossing"/>
    <tag k="highway" v="footway"/>
    <tag k="surface" v="asphalt"/>
  </way>
  <way id="707974308">
    <nd ref="6652450399"/>
    <nd ref="6652442232"/>
    <nd ref="6652442231"/>
    <tag k="crossing" v="unmarked"/>
    <tag k="footway" v="crossing"/>
    <tag k="highway" v="footway"/>
    <tag k="surface" v="asphalt"/>
  </way>
  <way id="707974309">
    <nd ref="6652450399"/>
    <nd ref="6652442234"/>
    <nd ref="6652442233"/>
    <tag k="crossing" v="unmarked"/>
    <tag k="footway" v="crossing"/>
    <tag k="highway" v="footway"/>
    <tag k="surface" v="asphalt"/>
  </way>
  <way id="707974310">
    <nd ref="6652442231"/>
    <nd ref="6652442236"/>
    <nd ref="6652442235"/>
    <tag k="crossing" v="unmarked"/>
    <tag k="footway" v="crossing"/>
    <tag k="highway" v="footway"/>
    <tag k="surface" v="asphalt"/>
  </way>
  <way id="707974311">
    <nd ref="6652442231"/>
    <nd ref="6652442237"/>
    <nd ref="6652442238"/>
    <nd ref="6652442239"/>
    <nd ref="6652442240"/>
    <nd ref="6652442241"/>
    <nd ref="6652442242"/>
    <nd ref="6652442243"/>
    <nd ref="6652442244"/>
    <nd ref="6652442245"/>
    <nd ref="6652442246"/>
    <nd ref="8410858729"/>
    <nd ref="6652442247"/>
    <nd ref="6652442231"/>
    <tag k="bicycle" v="no"/>
    <tag k="footway" v="sidewalk"/>
    <tag k="highway" v="footway"/>
    <tag k="surface" v="concrete"/>
  </way>
  <way id="707974312">
    <nd ref="6649103459"/>
    <nd ref="6652442248"/>
    <nd ref="6652442240"/>
    <tag k="crossing" v="unmarked"/>
    <tag k="footway" v="crossing"/>
    <tag k="highway" v="footway"/>
    <tag k="surface" v="asphalt"/>
  </way>
  <way id="707974313">
    <nd ref="12975337830"/>
    <nd ref="12975337829"/>
    <nd ref="12975337828"/>
    <nd ref="12975337827"/>
    <nd ref="6652442249"/>
    <nd ref="6652442250"/>
    <nd ref="6652442251"/>
    <nd ref="6652442252"/>
    <nd ref="6652442253"/>
    <nd ref="6652442254"/>
    <nd ref="6652442255"/>
    <nd ref="6652442256"/>
    <nd ref="6652442257"/>
    <nd ref="6652442258"/>
    <nd ref="6652442259"/>
    <nd ref="6652442260"/>
    <nd ref="6652442261"/>
    <nd ref="6652442262"/>
    <nd ref="6652442263"/>
    <nd ref="6652442264"/>
    <nd ref="6652442265"/>
    <nd ref="6652442266"/>
    <nd ref="6652442267"/>
    <nd ref="6652442268"/>
    <nd ref="6652442269"/>
    <nd ref="6652442270"/>
    <nd ref="6652442271"/>
    <nd ref="6652442272"/>
    <nd ref="6652442273"/>
    <nd ref="6652442274"/>
    <nd ref="6652442275"/>
    <nd ref="6652442276"/>
    <nd ref="6652462386"/>
    <nd ref="6652442277"/>
    <nd ref="6652442278"/>
    <nd ref="6652442279"/>
    <nd ref="6652442280"/>
    <nd ref="6652442281"/>
    <nd ref="6652442282"/>
    <nd ref="6652442283"/>
    <nd ref="13279392487"/>
    <nd ref="13279392488"/>
    <nd ref="13279392489"/>
    <nd ref="13279392490"/>
    <nd ref="13279392491"/>
    <nd ref="13279392492"/>
    <nd ref="13279392493"/>
    <nd ref="13279392494"/>
    <nd ref="13279392495"/>
    <nd ref="13279392496"/>
    <nd ref="13279392500"/>
    <nd ref="13279392497"/>
    <nd ref="13279392498"/>
    <nd ref="13279392499"/>
    <nd ref="12975337830"/>
    <tag k="footway" v="sidewalk"/>
    <tag k="highway" v="footway"/>
  </way>
  <way id="707974315">
    <nd ref="6652442253"/>
    <nd ref="6652462387"/>
    <nd ref="6652462386"/>
    <tag k="crossing" v="unmarked"/>
    <tag k="footway" v="crossing"/>
    <tag k="highway" v="footway"/>
    <tag k="surface" v="asphalt"/>
  </way>
  <way id="707974317">
    <nd ref="6652442280"/>
    <nd ref="6652462390"/>
    <nd ref="6649103459"/>
    <tag k="crossing" v="unmarked"/>
    <tag k="footway" v="crossing"/>
    <tag k="highway" v="footway"/>
    <tag k="surface" v="asphalt"/>
  </way>
  <way id="707974318">
    <nd ref="6652442280"/>
    <nd ref="6652462392"/>
    <nd ref="6652462391"/>
    <tag k="crossing" v="unmarked"/>
    <tag k="footway" v="crossing"/>
    <tag k="highway" v="footway"/>
    <tag k="surface" v="asphalt"/>
  </way>
  <way id="707974319">
    <nd ref="6652442240"/>
    <nd ref="6652462393"/>
    <nd ref="6652462391"/>
    <tag k="crossing" v="unmarked"/>
    <tag k="footway" v="crossing"/>
    <tag k="highway" v="footway"/>
    <tag k="surface" v="asphalt"/>
  </way>
  <way id="707974320">
    <nd ref="6652462391"/>
    <nd ref="6652462396"/>
    <nd ref="6652462397"/>
    <nd ref="6652462398"/>
    <nd ref="6652462391"/>
    <tag k="bicycle" v="no"/>
    <tag k="footway" v="sidewalk"/>
    <tag k="highway" v="footway"/>
    <tag k="surface" v="concrete"/>
  </way>
  <way id="707974321">
    <nd ref="6652442245"/>
    <nd ref="6652462399"/>
    <nd ref="6652462398"/>
    <tag k="crossing" v="unmarked"/>
    <tag k="footway" v="crossing"/>
    <tag k="highway" v="footway"/>
    <tag k="surface" v="asphalt"/>
  </way>
  <way id="707974322">
    <nd ref="6652450381"/>
    <nd ref="6652462402"/>
    <nd ref="6652442247"/>
    <tag k="crossing" v="unmarked"/>
    <tag k="footway" v="crossing"/>
    <tag k="highway" v="footway"/>
    <tag k="surface" v="asphalt"/>
  </way>
  <way id="707974323">
    <nd ref="6652462403"/>
    <nd ref="6652462404"/>
    <nd ref="6653983577"/>
    <nd ref="6653983575"/>
    <nd ref="6652462405"/>
    <nd ref="6652462406"/>
    <nd ref="6652462407"/>
    <nd ref="6652462408"/>
    <nd ref="6652462409"/>
    <nd ref="6652462410"/>
    <nd ref="6652462411"/>
    <nd ref="6652462412"/>
    <nd ref="6652462413"/>
    <nd ref="6652462414"/>
    <nd ref="6652462415"/>
    <nd ref="6652462416"/>
    <nd ref="6652462417"/>
    <nd ref="6653750830"/>
    <nd ref="6653750828"/>
    <nd ref="6652462403"/>
    <tag k="footway" v="sidewalk"/>
    <tag k="highway" v="footway"/>
    <tag k="surface" v="concrete:plates"/>
  </way>
  <way id="707974324">
    <nd ref="6652462403"/>
    <nd ref="6652462418"/>
    <nd ref="6652442245"/>
    <tag k="crossing" v="unmarked"/>
    <tag k="footway" v="crossing"/>
    <tag k="highway" v="footway"/>
    <tag k="surface" v="asphalt"/>
  </way>
  <way id="707974325">
    <nd ref="6652462398"/>
    <nd ref="6652462420"/>
    <nd ref="6652462419"/>
    <tag k="crossing" v="unmarked"/>
    <tag k="footway" v="crossing"/>
    <tag k="highway" v="footway"/>
    <tag k="surface" v="asphalt"/>
  </way>
  <way id="707974326">
    <nd ref="6652462403"/>
    <nd ref="6652462401"/>
    <nd ref="6652462419"/>
    <tag k="crossing" v="unmarked"/>
    <tag k="footway" v="crossing"/>
    <tag k="highway" v="footway"/>
    <tag k="surface" v="asphalt"/>
  </way>
  <way id="708116192">
    <nd ref="6653794855"/>
    <nd ref="6653794860"/>
    <nd ref="6653794856"/>
    <nd ref="6653794857"/>
    <nd ref="6653794861"/>
    <nd ref="6653794862"/>
    <nd ref="6653794858"/>
    <nd ref="6653794859"/>
    <tag k="bicycle" v="no"/>
    <tag k="footway" v="sidewalk"/>
    <tag k="highway" v="footway"/>
    <tag k="surface" v="concrete"/>
  </way>
  <way id="708116193">
    <nd ref="6653794862"/>
    <nd ref="6653794864"/>
    <nd ref="6653794863"/>
    <tag k="crossing" v="uncontrolled"/>
    <tag k="crossing:markings" v="zebra"/>
    <tag k="crossing:signals" v="no"/>
    <tag k="footway" v="crossing"/>
    <tag k="highway" v="footway"/>
    <tag k="surface" v="asphalt"/>
  </way>
  <way id="708116194">
    <nd ref="6652442282"/>
    <nd ref="6653794867"/>
    <nd ref="6653794866"/>
    <tag k="crossing" v="unmarked"/>
    <tag k="crossing:markings" v="no"/>
    <tag k="footway" v="crossing"/>
    <tag k="highway" v="footway"/>
    <tag k="surface" v="asphalt"/>
  </way>
  <way id="708116195">
    <nd ref="6653794868"/>
    <nd ref="6653794872"/>
    <nd ref="6653794871"/>
    <nd ref="6653794870"/>
    <nd ref="6653794869"/>
    <nd ref="6653794866"/>
    <nd ref="6653794863"/>
    <nd ref="6653794868"/>
    <tag k="bicycle" v="no"/>
    <tag k="footway" v="sidewalk"/>
    <tag k="highway" v="footway"/>
    <tag k="surface" v="concrete"/>
  </way>
  <way id="708116196">
    <nd ref="6653798691"/>
    <nd ref="6653794873"/>
    <nd ref="6653794874"/>
    <nd ref="6653794875"/>
    <nd ref="6653794876"/>
    <nd ref="6653794877"/>
    <nd ref="6653798693"/>
    <nd ref="6653798692"/>
    <nd ref="6653798694"/>
    <nd ref="6653794878"/>
    <nd ref="6653794879"/>
    <nd ref="6653794880"/>
    <nd ref="6653794881"/>
    <nd ref="6685677674"/>
    <tag k="bicycle" v="no"/>
    <tag k="footway" v="sidewalk"/>
    <tag k="highway" v="footway"/>
    <tag k="surface" v="concrete"/>
  </way>
  <way id="708116197">
    <nd ref="6653794871"/>
    <nd ref="6653798697"/>
    <nd ref="6653794877"/>
    <tag k="crossing" v="unmarked"/>
    <tag k="crossing:markings" v="no"/>
    <tag k="footway" v="crossing"/>
    <tag k="highway" v="footway"/>
    <tag k="surface" v="asphalt"/>
  </way>
  <way id="708116198">
    <nd ref="6653794870"/>
    <nd ref="6653798699"/>
    <nd ref="6653798691"/>
    <tag k="crossing" v="unmarked"/>
    <tag k="crossing:markings" v="no"/>
    <tag k="footway" v="crossing"/>
    <tag k="highway" v="footway"/>
    <tag k="surface" v="asphalt"/>
  </way>
  <way id="708118658">
    <nd ref="6653750823"/>
    <nd ref="6652462419"/>
    <nd ref="6653750824"/>
    <nd ref="6653750825"/>
    <nd ref="6653750823"/>
    <tag k="footway" v="sidewalk"/>
    <tag k="highway" v="footway"/>
  </way>
  <way id="708118659">
    <nd ref="6653750823"/>
    <nd ref="6653750826"/>
    <nd ref="6569273929"/>
    <tag k="crossing" v="unmarked"/>
    <tag k="footway" v="crossing"/>
    <tag k="highway" v="footway"/>
    <tag k="surface" v="asphalt"/>
  </way>
  <way id="708118660">
    <nd ref="6653750823"/>
    <nd ref="6653750829"/>
    <nd ref="6653750828"/>
    <tag k="crossing" v="unmarked"/>
    <tag k="footway" v="crossing"/>
    <tag k="highway" v="footway"/>
    <tag k="surface" v="asphalt"/>
  </way>
  <way id="708118661">
    <nd ref="6569273929"/>
    <nd ref="6653750831"/>
    <nd ref="6653750830"/>
    <tag k="crossing" v="unmarked"/>
    <tag k="footway" v="crossing"/>
    <tag k="highway" v="footway"/>
    <tag k="surface" v="asphalt"/>
  </way>
  <way id="708118662">
    <nd ref="6569273934"/>
    <nd ref="6653750832"/>
    <nd ref="6653750825"/>
    <tag k="crossing" v="unmarked"/>
    <tag k="footway" v="crossing"/>
    <tag k="highway" v="footway"/>
    <tag k="surface" v="asphalt"/>
    <tag k="tactile_paving" v="yes"/>
  </way>
  <way id="708118663">
    <nd ref="6653750825"/>
    <nd ref="6653750834"/>
    <nd ref="6653750833"/>
    <tag k="crossing" v="unmarked"/>
    <tag k="footway" v="crossing"/>
    <tag k="highway" v="footway"/>
    <tag k="surface" v="asphalt"/>
    <tag k="tactile_paving" v="yes"/>
  </way>
  <way id="708118664">
    <nd ref="6653750833"/>
    <nd ref="6653750837"/>
    <nd ref="6653750835"/>
    <tag k="crossing" v="unmarked"/>
    <tag k="footway" v="crossing"/>
    <tag k="highway" v="footway"/>
    <tag k="surface" v="asphalt"/>
    <tag k="tactile_paving" v="yes"/>
  </way>
  <way id="708118665">
    <nd ref="6569273934"/>
    <nd ref="6653750836"/>
    <nd ref="6653750835"/>
    <tag k="crossing" v="unmarked"/>
    <tag k="footway" v="crossing"/>
    <tag k="highway" v="footway"/>
    <tag k="surface" v="asphalt"/>
    <tag k="tactile_paving" v="yes"/>
  </way>
  <way id="708118666">
    <nd ref="6653750833"/>
    <nd ref="6653750840"/>
    <nd ref="6653750841"/>
    <nd ref="6653750842"/>
    <nd ref="7934024682"/>
    <nd ref="6653750833"/>
    <tag k="bicycle" v="no"/>
    <tag k="footway" v="sidewalk"/>
    <tag k="highway" v="footway"/>
    <tag k="surface" v="concrete"/>
  </way>
  <way id="708118667">
    <nd ref="6569273945"/>
    <nd ref="6653750843"/>
    <nd ref="6653750844"/>
    <nd ref="6653750835"/>
    <nd ref="6653888985"/>
    <nd ref="6653750845"/>
    <nd ref="6653750846"/>
    <nd ref="6653750847"/>
    <nd ref="6653750848"/>
    <nd ref="6653750849"/>
    <nd ref="6653750850"/>
    <nd ref="6653750851"/>
    <nd ref="7096340564"/>
    <nd ref="8414999019"/>
    <nd ref="8414999022"/>
    <nd ref="6653750852"/>
    <nd ref="6653750853"/>
    <nd ref="6569273945"/>
    <tag k="bicycle" v="no"/>
    <tag k="footway" v="sidewalk"/>
    <tag k="highway" v="footway"/>
    <tag k="surface" v="concrete"/>
  </way>
  <way id="708118668">
    <nd ref="6569273956"/>
    <nd ref="6653750855"/>
    <nd ref="6653750854"/>
    <tag k="crossing" v="marked"/>
    <tag k="footway" v="crossing"/>
    <tag k="highway" v="footway"/>
    <tag k="surface" v="asphalt"/>
  </way>
  <way id="708118669">
    <nd ref="6653750849"/>
    <nd ref="6653750859"/>
    <nd ref="6653750858"/>
    <tag k="crossing" v="unmarked"/>
    <tag k="footway" v="crossing"/>
    <tag k="highway" v="footway"/>
    <tag k="surface" v="asphalt"/>
  </way>
  <way id="708121015">
    <nd ref="6546593826"/>
    <nd ref="6009776773"/>
    <nd ref="6653831565"/>
    <tag k="crossing" v="marked"/>
    <tag k="footway" v="crossing"/>
    <tag k="highway" v="footway"/>
    <tag k="surface" v="asphalt"/>
  </way>
  <way id="708121016">
    <nd ref="6569273923"/>
    <nd ref="6653831566"/>
    <nd ref="6652462413"/>
    <tag k="crossing" v="unmarked"/>
    <tag k="footway" v="crossing"/>
    <tag k="highway" v="footway"/>
    <tag k="surface" v="asphalt"/>
  </way>
  <way id="708121017">
    <nd ref="6653831565"/>
    <nd ref="6653831567"/>
    <nd ref="6652462413"/>
    <tag k="crossing" v="unmarked"/>
    <tag k="footway" v="crossing"/>
    <tag k="highway" v="footway"/>
    <tag k="surface" v="asphalt"/>
  </way>
  <way id="708121018">
    <nd ref="6653831568"/>
    <nd ref="6653831569"/>
    <nd ref="6653831570"/>
    <nd ref="6653831571"/>
    <nd ref="6653831584"/>
    <nd ref="6653831572"/>
    <nd ref="6653831573"/>
    <nd ref="6653831568"/>
    <tag k="bicycle" v="no"/>
    <tag k="footway" v="sidewalk"/>
    <tag k="highway" v="footway"/>
    <tag k="surface" v="concrete"/>
  </way>
  <way id="708121019">
    <nd ref="6653750840"/>
    <nd ref="6653831574"/>
    <nd ref="6653831570"/>
    <tag k="crossing" v="unmarked"/>
    <tag k="footway" v="crossing"/>
    <tag k="highway" v="footway"/>
    <tag k="surface" v="asphalt"/>
  </way>
  <way id="708121020">
    <nd ref="6653750824"/>
    <nd ref="6653831575"/>
    <nd ref="6653750840"/>
    <tag k="crossing" v="unmarked"/>
    <tag k="footway" v="crossing"/>
    <tag k="highway" v="footway"/>
  </way>
  <way id="708121021">
    <nd ref="6653750824"/>
    <nd ref="6653831577"/>
    <nd ref="6652462397"/>
    <tag k="crossing" v="unmarked"/>
    <tag k="footway" v="crossing"/>
    <tag k="highway" v="footway"/>
    <tag k="surface" v="asphalt"/>
  </way>
  <way id="708121022">
    <nd ref="6652462397"/>
    <nd ref="6653831576"/>
    <nd ref="6653831570"/>
    <tag k="crossing" v="unmarked"/>
    <tag k="footway" v="crossing"/>
    <tag k="highway" v="footway"/>
    <tag k="surface" v="asphalt"/>
  </way>
  <way id="708121023">
    <nd ref="6652462396"/>
    <nd ref="6653831582"/>
    <nd ref="6652442281"/>
    <tag k="crossing" v="unmarked"/>
    <tag k="footway" v="crossing"/>
    <tag k="highway" v="footway"/>
    <tag k="surface" v="asphalt"/>
  </way>
  <way id="708121024">
    <nd ref="6652442281"/>
    <nd ref="6653831583"/>
    <nd ref="6653794869"/>
    <tag k="crossing" v="unmarked"/>
    <tag k="footway" v="crossing"/>
    <tag k="highway" v="footway"/>
    <tag k="surface" v="asphalt"/>
  </way>
  <way id="708121025">
    <nd ref="6653794869"/>
    <nd ref="6653874385"/>
    <nd ref="6653831584"/>
    <tag k="crossing" v="marked"/>
    <tag k="footway" v="crossing"/>
    <tag k="highway" v="footway"/>
    <tag k="surface" v="asphalt"/>
  </way>
  <way id="708121026">
    <nd ref="6652462396"/>
    <nd ref="6653874386"/>
    <nd ref="6653831584"/>
    <tag k="crossing" v="marked"/>
    <tag k="footway" v="crossing"/>
    <tag k="highway" v="footway"/>
    <tag k="surface" v="asphalt"/>
  </way>
  <way id="708122430">
    <nd ref="6653839667"/>
    <nd ref="6653839666"/>
    <nd ref="6653839665"/>
    <nd ref="6653750858"/>
    <nd ref="6653839668"/>
    <nd ref="6653839669"/>
    <nd ref="6653839670"/>
    <nd ref="6653839671"/>
    <nd ref="6653839672"/>
    <nd ref="6653839673"/>
    <nd ref="6659520183"/>
    <nd ref="6653839674"/>
    <nd ref="6653839675"/>
    <nd ref="6653839676"/>
    <nd ref="6653839677"/>
    <nd ref="6653839678"/>
    <nd ref="6653839679"/>
    <nd ref="6653839680"/>
    <nd ref="6653839681"/>
    <nd ref="6653839682"/>
    <nd ref="7547149964"/>
    <nd ref="6653839683"/>
    <tag k="bicycle" v="no"/>
    <tag k="footway" v="sidewalk"/>
    <tag k="highway" v="footway"/>
    <tag k="surface" v="concrete"/>
  </way>
  <way id="708122431">
    <nd ref="6653839683"/>
    <nd ref="6653839684"/>
    <nd ref="6653750845"/>
    <tag k="crossing" v="unmarked"/>
    <tag k="footway" v="crossing"/>
    <tag k="highway" v="footway"/>
  </way>
  <way id="708122432">
    <nd ref="6653888985"/>
    <nd ref="6653888986"/>
    <nd ref="6653750842"/>
    <tag k="crossing" v="unmarked"/>
    <tag k="footway" v="crossing"/>
    <tag k="highway" v="footway"/>
    <tag k="surface" v="asphalt"/>
  </way>
  <way id="708122433">
    <nd ref="6653750842"/>
    <nd ref="6653888988"/>
    <nd ref="6653888987"/>
    <tag k="crossing" v="unmarked"/>
    <tag k="footway" v="crossing"/>
    <tag k="highway" v="footway"/>
    <tag k="surface" v="asphalt"/>
  </way>
  <way id="708122434">
    <nd ref="6653839683"/>
    <nd ref="6653888989"/>
    <nd ref="6653888987"/>
    <tag k="crossing" v="unmarked"/>
    <tag k="footway" v="crossing"/>
    <tag k="highway" v="footway"/>
    <tag k="surface" v="asphalt"/>
  </way>
  <way id="708122435">
    <nd ref="6653888987"/>
    <nd ref="6653888991"/>
    <nd ref="6653889001"/>
    <nd ref="6653888992"/>
    <nd ref="6653888993"/>
    <nd ref="6653888994"/>
    <nd ref="6653888995"/>
    <nd ref="6653888996"/>
    <nd ref="6653889002"/>
    <nd ref="6653888997"/>
    <nd ref="6653888998"/>
    <nd ref="6653888999"/>
    <nd ref="6653889000"/>
    <nd ref="8484540626"/>
    <nd ref="6653888987"/>
    <tag k="bicycle" v="no"/>
    <tag k="footway" v="sidewalk"/>
    <tag k="highway" v="footway"/>
    <tag k="surface" v="concrete"/>
  </way>
  <way id="708122436">
    <nd ref="6653888994"/>
    <nd ref="2619191147"/>
    <nd ref="6653889003"/>
    <tag k="crossing" v="unmarked"/>
    <tag k="crossing:island" v="no"/>
    <tag k="crossing:markings" v="no"/>
    <tag k="footway" v="crossing"/>
    <tag k="highway" v="footway"/>
  </way>
  <way id="708122437">
    <nd ref="6653839679"/>
    <nd ref="6653889005"/>
    <nd ref="6653888998"/>
    <tag k="crossing" v="unmarked"/>
    <tag k="footway" v="crossing"/>
    <tag k="highway" v="footway"/>
    <tag k="surface" v="asphalt"/>
  </way>
  <way id="708124225">
    <nd ref="6653794159"/>
    <nd ref="6653794160"/>
    <nd ref="6653794161"/>
    <nd ref="6653794162"/>
    <nd ref="6653794163"/>
    <tag k="bicycle" v="no"/>
    <tag k="footway" v="sidewalk"/>
    <tag k="highway" v="footway"/>
    <tag k="surface" v="concrete"/>
  </way>
  <way id="708124226">
    <nd ref="6653750841"/>
    <nd ref="6653794168"/>
    <nd ref="6653831573"/>
    <tag k="crossing" v="unmarked"/>
    <tag k="footway" v="crossing"/>
    <tag k="highway" v="footway"/>
    <tag k="surface" v="asphalt"/>
    <tag k="tactile_paving" v="yes"/>
  </way>
  <way id="708124227">
    <nd ref="6653750841"/>
    <nd ref="6653794169"/>
    <nd ref="6653888991"/>
    <tag k="crossing" v="unmarked"/>
    <tag k="footway" v="crossing"/>
    <tag k="highway" v="footway"/>
    <tag k="surface" v="asphalt"/>
    <tag k="tactile_paving" v="yes"/>
  </way>
  <way id="708124228">
    <nd ref="6653888991"/>
    <nd ref="6653794170"/>
    <nd ref="6653794159"/>
    <tag k="crossing" v="unmarked"/>
    <tag k="footway" v="crossing"/>
    <tag k="highway" v="footway"/>
    <tag k="surface" v="asphalt"/>
  </way>
  <way id="708124229">
    <nd ref="6653831573"/>
    <nd ref="6653794171"/>
    <nd ref="6653794159"/>
    <tag k="crossing" v="unmarked"/>
    <tag k="footway" v="crossing"/>
    <tag k="highway" v="footway"/>
    <tag k="surface" v="asphalt"/>
  </way>
  <way id="708124230">
    <nd ref="13741753501"/>
    <nd ref="6653794174"/>
    <nd ref="13741726000"/>
    <tag k="crossing" v="unmarked"/>
    <tag k="crossing:island" v="no"/>
    <tag k="crossing:markings" v="no"/>
    <tag k="footway" v="crossing"/>
    <tag k="highway" v="footway"/>
    <tag k="surface" v="asphalt"/>
  </way>
  <way id="708124231">
    <nd ref="6653794870"/>
    <nd ref="6653794175"/>
    <nd ref="6653831572"/>
    <tag k="crossing" v="unmarked"/>
    <tag k="crossing:markings" v="no"/>
    <tag k="footway" v="crossing"/>
    <tag k="highway" v="footway"/>
    <tag k="surface" v="asphalt"/>
  </way>
  <way id="708124232">
    <nd ref="6653831572"/>
    <nd ref="6653794176"/>
    <nd ref="6653794160"/>
    <tag k="crossing" v="unmarked"/>
    <tag k="crossing:markings" v="no"/>
    <tag k="footway" v="crossing"/>
    <tag k="highway" v="footway"/>
    <tag k="surface" v="asphalt"/>
  </way>
  <way id="708124233">
    <nd ref="6653794160"/>
    <nd ref="6653794177"/>
    <nd ref="6653798691"/>
    <tag k="crossing" v="unmarked"/>
    <tag k="crossing:markings" v="no"/>
    <tag k="footway" v="crossing"/>
    <tag k="highway" v="footway"/>
    <tag k="surface" v="asphalt"/>
  </way>
  <way id="708130921">
    <nd ref="6653983552"/>
    <nd ref="6653983553"/>
    <nd ref="6653983554"/>
    <nd ref="6653983570"/>
    <nd ref="6653983555"/>
    <nd ref="6653983556"/>
    <nd ref="6653983557"/>
    <nd ref="6653983558"/>
    <nd ref="6653983559"/>
    <nd ref="6653831565"/>
    <nd ref="6653983560"/>
    <nd ref="6653983561"/>
    <nd ref="6653983562"/>
    <nd ref="6653983563"/>
    <nd ref="6653983564"/>
    <nd ref="6653983565"/>
    <nd ref="6653983566"/>
    <nd ref="6653983567"/>
    <nd ref="6653983568"/>
    <nd ref="6653983569"/>
    <nd ref="6653983552"/>
    <tag k="bicycle" v="no"/>
    <tag k="footway" v="sidewalk"/>
    <tag k="highway" v="footway"/>
    <tag k="surface" v="concrete"/>
  </way>
  <way id="708130922">
    <nd ref="6653983570"/>
    <nd ref="6653983571"/>
    <nd ref="6652462408"/>
    <tag k="crossing" v="marked"/>
    <tag k="footway" v="crossing"/>
    <tag k="highway" v="footway"/>
    <tag k="surface" v="asphalt"/>
  </way>
  <way id="708130923">
    <nd ref="6653983570"/>
    <nd ref="1108397541"/>
    <nd ref="6556805427"/>
    <tag k="crossing" v="unmarked"/>
    <tag k="footway" v="crossing"/>
    <tag k="highway" v="footway"/>
  </way>
  <way id="708130924">
    <nd ref="6652450296"/>
    <nd ref="6653983573"/>
    <nd ref="6652462408"/>
    <tag k="crossing" v="unmarked"/>
    <tag k="footway" v="crossing"/>
    <tag k="highway" v="footway"/>
    <tag k="surface" v="asphalt"/>
  </way>
  <way id="708130925">
    <nd ref="6652450305"/>
    <nd ref="6653983576"/>
    <nd ref="6653983575"/>
    <tag k="crossing" v="unmarked"/>
    <tag k="footway" v="crossing"/>
    <tag k="highway" v="footway"/>
    <tag k="surface" v="asphalt"/>
  </way>
  <way id="708130926">
    <nd ref="6652450348"/>
    <nd ref="6653983578"/>
    <nd ref="6653983577"/>
    <tag k="crossing" v="unmarked"/>
    <tag k="footway" v="crossing"/>
    <tag k="highway" v="footway"/>
  </way>
  <way id="708130927">
    <nd ref="6652450353"/>
    <nd ref="6653983579"/>
    <nd ref="6652462404"/>
    <tag k="crossing" v="unmarked"/>
    <tag k="footway" v="crossing"/>
    <tag k="highway" v="footway"/>
    <tag k="surface" v="asphalt"/>
  </way>
  <way id="708130928">
    <nd ref="6652462404"/>
    <nd ref="6653983580"/>
    <nd ref="6652442247"/>
    <tag k="crossing" v="unmarked"/>
    <tag k="footway" v="crossing"/>
    <tag k="highway" v="footway"/>
    <tag k="surface" v="asphalt"/>
  </way>
  <way id="708130929">
    <nd ref="6653983582"/>
    <nd ref="6653983583"/>
    <nd ref="6653983566"/>
    <tag k="crossing" v="unmarked"/>
    <tag k="footway" v="crossing"/>
    <tag k="highway" v="footway"/>
    <tag k="surface" v="asphalt"/>
    <tag k="tactile_paving" v="yes"/>
  </way>
  <way id="708130930">
    <nd ref="6556805432"/>
    <nd ref="6653989285"/>
    <nd ref="6653983569"/>
    <tag k="crossing" v="unmarked"/>
    <tag k="footway" v="crossing"/>
    <tag k="highway" v="footway"/>
  </way>
  <way id="708130931">
    <nd ref="6556805432"/>
    <nd ref="6653989287"/>
    <nd ref="6653989286"/>
    <tag k="crossing" v="unmarked"/>
    <tag k="footway" v="crossing"/>
    <tag k="highway" v="footway"/>
    <tag k="surface" v="asphalt"/>
  </way>
  <way id="708130932">
    <nd ref="6653983569"/>
    <nd ref="6653989289"/>
    <nd ref="6653989288"/>
    <tag k="crossing" v="unmarked"/>
    <tag k="footway" v="crossing"/>
    <tag k="highway" v="footway"/>
    <tag k="surface" v="asphalt"/>
  </way>
  <way id="708650992">
    <nd ref="6644792918"/>
    <nd ref="6659077225"/>
    <nd ref="6659077226"/>
    <nd ref="6659077227"/>
    <nd ref="6659461541"/>
    <nd ref="6659461540"/>
    <nd ref="6659077228"/>
    <nd ref="6659077229"/>
    <nd ref="6659077230"/>
    <nd ref="6659077238"/>
    <nd ref="6659077231"/>
    <nd ref="6659077232"/>
    <nd ref="6659077233"/>
    <nd ref="6659077234"/>
    <nd ref="6659077235"/>
    <nd ref="6659077239"/>
    <nd ref="6659077236"/>
    <nd ref="6659077237"/>
    <nd ref="6644792918"/>
    <tag k="bicycle" v="no"/>
    <tag k="footway" v="sidewalk"/>
    <tag k="highway" v="footway"/>
    <tag k="surface" v="concrete"/>
  </way>
  <way id="708650993">
    <nd ref="6659077233"/>
    <nd ref="6659077240"/>
    <nd ref="6473973282"/>
    <tag k="crossing" v="unmarked"/>
    <tag k="footway" v="crossing"/>
    <tag k="highway" v="footway"/>
    <tag k="surface" v="asphalt"/>
  </way>
  <way id="708650994">
    <nd ref="6644792901"/>
    <nd ref="6659077241"/>
    <nd ref="6659077233"/>
    <tag k="crossing" v="unmarked"/>
    <tag k="footway" v="crossing"/>
    <tag k="highway" v="footway"/>
    <tag k="surface" v="asphalt"/>
  </way>
  <way id="708651207">
    <nd ref="6659072507"/>
    <nd ref="6659072508"/>
    <nd ref="6473973276"/>
    <tag k="crossing" v="unmarked"/>
    <tag k="crossing:island" v="no"/>
    <tag k="crossing:markings" v="no"/>
    <tag k="footway" v="crossing"/>
    <tag k="highway" v="footway"/>
    <tag k="surface" v="asphalt"/>
  </way>
  <way id="708676279">
    <nd ref="6659461535"/>
    <nd ref="8448379243"/>
    <nd ref="6659461536"/>
    <nd ref="6659461537"/>
    <nd ref="6659461538"/>
    <nd ref="6659461549"/>
    <nd ref="6659461545"/>
    <nd ref="6659461535"/>
    <tag k="bicycle" v="no"/>
    <tag k="footway" v="sidewalk"/>
    <tag k="highway" v="footway"/>
    <tag k="surface" v="concrete"/>
  </way>
  <way id="708676290">
    <nd ref="6473973263"/>
    <nd ref="6659461557"/>
    <nd ref="6659461536"/>
    <tag k="crossing" v="unmarked"/>
    <tag k="footway" v="crossing"/>
    <tag k="highway" v="footway"/>
    <tag k="surface" v="asphalt"/>
  </way>
  <way id="708680551">
    <nd ref="6659487643"/>
    <nd ref="6659487644"/>
    <nd ref="6659487645"/>
    <nd ref="6659487646"/>
    <nd ref="6659487647"/>
    <nd ref="6659487643"/>
    <tag k="bicycle" v="no"/>
    <tag k="footway" v="sidewalk"/>
    <tag k="highway" v="footway"/>
    <tag k="surface" v="concrete"/>
  </way>
  <way id="708680552">
    <nd ref="6659461536"/>
    <nd ref="6659487648"/>
    <nd ref="6659487643"/>
    <tag k="crossing" v="unmarked"/>
    <tag k="footway" v="crossing"/>
    <tag k="highway" v="footway"/>
    <tag k="surface" v="asphalt"/>
  </way>
  <way id="708680553">
    <nd ref="6473979418"/>
    <nd ref="6659487649"/>
    <nd ref="6659487643"/>
    <tag k="crossing" v="unmarked"/>
    <tag k="footway" v="crossing"/>
    <tag k="highway" v="footway"/>
  </way>
  <way id="708680554">
    <nd ref="6473979419"/>
    <nd ref="6473979446"/>
    <nd ref="6473979435"/>
    <tag k="crossing" v="unmarked"/>
    <tag k="footway" v="crossing"/>
    <tag k="highway" v="footway"/>
  </way>
  <way id="708680555">
    <nd ref="6473979419"/>
    <nd ref="6659487653"/>
    <nd ref="6659487644"/>
    <tag k="crossing" v="unmarked"/>
    <tag k="footway" v="crossing"/>
    <tag k="highway" v="footway"/>
  </way>
  <way id="708680556">
    <nd ref="6659487644"/>
    <nd ref="6659487655"/>
    <nd ref="6659487654"/>
    <tag k="crossing" v="unmarked"/>
    <tag k="footway" v="crossing"/>
    <tag k="highway" v="footway"/>
  </way>
  <way id="708680557">
    <nd ref="6473979435"/>
    <nd ref="6659487656"/>
    <nd ref="6659487654"/>
    <tag k="crossing" v="unmarked"/>
    <tag k="footway" v="crossing"/>
    <tag k="highway" v="footway"/>
    <tag k="surface" v="asphalt"/>
  </way>
  <way id="708681143">
    <nd ref="6659487654"/>
    <nd ref="6659506052"/>
    <nd ref="7087874117"/>
    <nd ref="6659506053"/>
    <nd ref="6659506054"/>
    <nd ref="6659487654"/>
    <tag k="bicycle" v="no"/>
    <tag k="footway" v="sidewalk"/>
    <tag k="highway" v="footway"/>
    <tag k="surface" v="concrete"/>
  </way>
  <way id="708681147">
    <nd ref="6473979436"/>
    <nd ref="6659506060"/>
    <nd ref="6659506052"/>
    <tag k="crossing" v="traffic_signals"/>
    <tag k="crossing:markings" v="lines"/>
    <tag k="footway" v="crossing"/>
    <tag k="highway" v="footway"/>
    <tag k="surface" v="asphalt"/>
  </way>
  <way id="708681148">
    <nd ref="6659506053"/>
    <nd ref="6659506061"/>
    <nd ref="6635688063"/>
    <tag k="crossing" v="unmarked"/>
    <tag k="footway" v="crossing"/>
    <tag k="highway" v="footway"/>
    <tag k="surface" v="asphalt"/>
  </way>
  <way id="708682251">
    <nd ref="6659525810"/>
    <nd ref="6659525811"/>
    <nd ref="6659525812"/>
    <nd ref="6659525813"/>
    <nd ref="6659525810"/>
    <tag k="bicycle" v="no"/>
    <tag k="footway" v="sidewalk"/>
    <tag k="highway" v="footway"/>
    <tag k="surface" v="concrete"/>
  </way>
  <way id="708682252">
    <nd ref="6659506053"/>
    <nd ref="6659525814"/>
    <nd ref="6659525810"/>
    <tag k="crossing" v="unmarked"/>
    <tag k="footway" v="crossing"/>
    <tag k="highway" v="footway"/>
    <tag k="surface" v="asphalt"/>
  </way>
  <way id="708682253">
    <nd ref="6659525810"/>
    <nd ref="6659525815"/>
    <nd ref="6635688062"/>
    <tag k="crossing" v="unmarked"/>
    <tag k="footway" v="crossing"/>
    <tag k="highway" v="footway"/>
    <tag k="surface" v="asphalt"/>
  </way>
  <way id="708682254">
    <nd ref="6659506052"/>
    <nd ref="6659525817"/>
    <nd ref="6659525813"/>
    <tag k="crossing" v="traffic_signals"/>
    <tag k="crossing:markings" v="lines"/>
    <tag k="footway" v="crossing"/>
    <tag k="highway" v="footway"/>
    <tag k="surface" v="asphalt"/>
  </way>
  <way id="708682255">
    <nd ref="6635688061"/>
    <nd ref="6659525818"/>
    <nd ref="6659525811"/>
    <tag k="crossing" v="unmarked"/>
    <tag k="footway" v="crossing"/>
    <tag k="highway" v="footway"/>
  </way>
  <way id="708682650">
    <nd ref="6659520158"/>
    <nd ref="6659520159"/>
    <nd ref="6659520160"/>
    <nd ref="6659520161"/>
    <nd ref="6659520162"/>
    <nd ref="6659520163"/>
    <nd ref="6659520164"/>
    <nd ref="6659520165"/>
    <nd ref="6659520166"/>
    <nd ref="6659520167"/>
    <nd ref="6659520168"/>
    <nd ref="6659520169"/>
    <nd ref="6659520170"/>
    <nd ref="6659520171"/>
    <nd ref="6659520172"/>
    <nd ref="6659520173"/>
    <nd ref="6659520174"/>
    <nd ref="6659520175"/>
    <nd ref="6659520176"/>
    <nd ref="6659520158"/>
    <tag k="bicycle" v="no"/>
    <tag k="footway" v="sidewalk"/>
    <tag k="highway" v="footway"/>
    <tag k="surface" v="concrete"/>
  </way>
  <way id="708682651">
    <nd ref="6659520158"/>
    <nd ref="6659520177"/>
    <nd ref="6473979441"/>
    <tag k="crossing" v="traffic_signals"/>
    <tag k="crossing:markings" v="lines"/>
    <tag k="footway" v="crossing"/>
    <tag k="highway" v="footway"/>
  </way>
  <way id="708682652">
    <nd ref="6473979436"/>
    <nd ref="6659520178"/>
    <nd ref="6659520172"/>
    <tag k="crossing" v="traffic_signals"/>
    <tag k="crossing:markings" v="lines"/>
    <tag k="footway" v="crossing"/>
    <tag k="highway" v="footway"/>
    <tag k="surface" v="asphalt"/>
  </way>
  <way id="708682653">
    <nd ref="6659520172"/>
    <nd ref="6659520179"/>
    <nd ref="6659525813"/>
    <tag k="crossing" v="traffic_signals"/>
    <tag k="crossing:markings" v="lines"/>
    <tag k="footway" v="crossing"/>
    <tag k="highway" v="footway"/>
    <tag k="surface" v="asphalt"/>
  </way>
  <way id="708682654">
    <nd ref="6659525812"/>
    <nd ref="6659520180"/>
    <nd ref="6659520169"/>
    <tag k="crossing" v="unmarked"/>
    <tag k="footway" v="crossing"/>
    <tag k="highway" v="footway"/>
    <tag k="surface" v="asphalt"/>
  </way>
  <way id="708682655">
    <nd ref="6659520160"/>
    <nd ref="6659520181"/>
    <nd ref="6659520182"/>
    <nd ref="6653839675"/>
    <tag k="crossing" v="traffic_signals"/>
    <tag k="crossing:markings" v="lines"/>
    <tag k="footway" v="crossing"/>
    <tag k="highway" v="footway"/>
  </way>
  <way id="708682656">
    <nd ref="6659520183"/>
    <nd ref="6659520184"/>
    <nd ref="6473985558"/>
    <tag k="crossing" v="traffic_signals"/>
    <tag k="crossing:markings" v="lines"/>
    <tag k="footway" v="crossing"/>
    <tag k="highway" v="footway"/>
    <tag k="surface" v="asphalt"/>
  </way>
  <way id="708682657">
    <nd ref="6473985557"/>
    <nd ref="6659538486"/>
    <nd ref="6659538485"/>
    <nd ref="6473979443"/>
    <tag k="crossing" v="traffic_signals"/>
    <tag k="crossing:markings" v="lines"/>
    <tag k="footway" v="crossing"/>
    <tag k="highway" v="footway"/>
    <tag k="surface" v="asphalt"/>
  </way>
  <way id="708682658">
    <nd ref="6659520164"/>
    <nd ref="6659538488"/>
    <nd ref="6659538487"/>
    <tag k="crossing" v="unmarked"/>
    <tag k="footway" v="crossing"/>
    <tag k="highway" v="footway"/>
    <tag k="surface" v="asphalt"/>
  </way>
  <way id="710378428">
    <nd ref="6678074374"/>
    <nd ref="6678074360"/>
    <nd ref="6678095003"/>
    <nd ref="6678074361"/>
    <nd ref="6678074362"/>
    <nd ref="6678074363"/>
    <nd ref="6685677680"/>
    <tag k="footway" v="sidewalk"/>
    <tag k="highway" v="footway"/>
    <tag k="surface" v="concrete"/>
  </way>
  <way id="710378429">
    <nd ref="6653794858"/>
    <nd ref="6678074375"/>
    <nd ref="6678074360"/>
    <tag k="crossing" v="unmarked"/>
    <tag k="crossing:markings" v="no"/>
    <tag k="footway" v="crossing"/>
    <tag k="highway" v="footway"/>
    <tag k="surface" v="asphalt"/>
  </way>
  <way id="710378430">
    <nd ref="6677972445"/>
    <nd ref="13741753512"/>
    <nd ref="13741753521"/>
    <nd ref="6678074376"/>
    <tag k="bicycle" v="no"/>
    <tag k="footway" v="sidewalk"/>
    <tag k="highway" v="footway"/>
    <tag k="surface" v="concrete"/>
  </way>
  <way id="710378432">
    <nd ref="13741753504"/>
    <nd ref="6678094995"/>
    <nd ref="6678094994"/>
    <tag k="crossing" v="uncontrolled"/>
    <tag k="crossing:island" v="no"/>
    <tag k="crossing:markings" v="lines"/>
    <tag k="crossing:signals" v="no"/>
    <tag k="footway" v="crossing"/>
    <tag k="highway" v="footway"/>
    <tag k="surface" v="asphalt"/>
  </way>
  <way id="710378433">
    <nd ref="6678074376"/>
    <nd ref="6678094997"/>
    <nd ref="6678094996"/>
    <tag k="crossing" v="unmarked"/>
    <tag k="crossing:markings" v="no"/>
    <tag k="footway" v="crossing"/>
    <tag k="highway" v="footway"/>
  </way>
  <way id="711146787">
    <nd ref="13741725983"/>
    <nd ref="6685677676"/>
    <nd ref="13279365659"/>
    <tag k="crossing" v="uncontrolled"/>
    <tag k="crossing:markings" v="ladder"/>
    <tag k="crossing:signals" v="no"/>
    <tag k="footway" v="crossing"/>
    <tag k="highway" v="footway"/>
    <tag k="surface" v="asphalt"/>
  </way>
  <way id="711146788">
    <nd ref="13279365661"/>
    <nd ref="6685677678"/>
    <nd ref="6685677677"/>
    <nd ref="13279365658"/>
    <tag k="crossing" v="traffic_signals"/>
    <tag k="crossing:markings" v="ladder"/>
    <tag k="crossing:signals" v="yes"/>
    <tag k="footway" v="crossing"/>
    <tag k="highway" v="footway"/>
    <tag k="surface" v="asphalt"/>
  </way>
  <way id="711146789">
    <nd ref="13279365660"/>
    <nd ref="667367329"/>
    <nd ref="13741725987"/>
    <nd ref="13279365652"/>
    <tag k="crossing" v="traffic_signals"/>
    <tag k="crossing:markings" v="ladder"/>
    <tag k="crossing:signals" v="yes"/>
    <tag k="footway" v="crossing"/>
    <tag k="highway" v="footway"/>
  </way>
  <way id="711148627">
    <nd ref="6678094996"/>
    <nd ref="13741753523"/>
    <nd ref="6685674151"/>
    <nd ref="6685674152"/>
    <nd ref="6685674153"/>
    <nd ref="6685674154"/>
    <nd ref="6685674155"/>
    <nd ref="6685674156"/>
    <nd ref="13741753503"/>
    <nd ref="6685674157"/>
    <nd ref="13741753502"/>
    <nd ref="6678094994"/>
    <tag k="bicycle" v="no"/>
    <tag k="footway" v="sidewalk"/>
    <tag k="highway" v="footway"/>
    <tag k="surface" v="concrete"/>
  </way>
  <way id="711148628">
    <nd ref="6685674158"/>
    <nd ref="13741753524"/>
    <nd ref="8484597890"/>
    <nd ref="6685674159"/>
    <nd ref="6685674160"/>
    <nd ref="6685674161"/>
    <nd ref="6685713961"/>
    <nd ref="11255876981"/>
    <tag k="bicycle" v="no"/>
    <tag k="footway" v="sidewalk"/>
    <tag k="highway" v="footway"/>
    <tag k="surface" v="concrete"/>
  </way>
  <way id="711148633">
    <nd ref="13741753520"/>
    <nd ref="6685674174"/>
    <nd ref="6685674158"/>
    <tag k="crossing" v="unmarked"/>
    <tag k="crossing:markings" v="no"/>
    <tag k="footway" v="crossing"/>
    <tag k="highway" v="footway"/>
    <tag k="surface" v="asphalt"/>
  </way>
  <way id="711148634">
    <nd ref="13741753519"/>
    <nd ref="6685674171"/>
    <nd ref="6685674169"/>
    <tag k="crossing" v="unmarked"/>
    <tag k="crossing:markings" v="no"/>
    <tag k="footway" v="crossing"/>
    <tag k="highway" v="footway"/>
    <tag k="surface" v="asphalt"/>
  </way>
  <way id="711148635">
    <nd ref="13741753517"/>
    <nd ref="6685674170"/>
    <nd ref="13741753522"/>
    <tag k="crossing" v="unmarked"/>
    <tag k="crossing:markings" v="no"/>
    <tag k="footway" v="crossing"/>
    <tag k="highway" v="footway"/>
    <tag k="surface" v="asphalt"/>
  </way>
  <way id="711153400">
    <nd ref="6685713958"/>
    <nd ref="8410676607"/>
    <nd ref="6685713959"/>
    <nd ref="11255876993"/>
    <tag k="bicycle" v="no"/>
    <tag k="footway" v="sidewalk"/>
    <tag k="highway" v="footway"/>
    <tag k="surface" v="concrete"/>
  </way>
  <way id="711153401">
    <nd ref="11255876988"/>
    <nd ref="6685713964"/>
    <nd ref="11255876982"/>
    <tag k="crossing" v="unmarked"/>
    <tag k="crossing:markings" v="no"/>
    <tag k="footway" v="crossing"/>
    <tag k="highway" v="footway"/>
    <tag k="surface" v="asphalt"/>
  </way>
  <way id="711153402">
    <nd ref="11255876981"/>
    <nd ref="6685713965"/>
    <nd ref="11255876983"/>
    <tag k="crossing" v="unmarked"/>
    <tag k="crossing:markings" v="no"/>
    <tag k="footway" v="crossing"/>
    <tag k="highway" v="footway"/>
    <tag k="surface" v="asphalt"/>
  </way>
  <way id="711153403">
    <nd ref="11255876987"/>
    <nd ref="6685713963"/>
    <nd ref="11255876986"/>
    <tag k="crossing" v="unmarked"/>
    <tag k="crossing:markings" v="no"/>
    <tag k="footway" v="crossing"/>
    <tag k="highway" v="footway"/>
    <tag k="surface" v="asphalt"/>
  </way>
  <way id="711153404">
    <nd ref="11255876985"/>
    <nd ref="6685713962"/>
    <nd ref="11255876984"/>
    <tag k="crossing" v="unmarked"/>
    <tag k="crossing:markings" v="no"/>
    <tag k="footway" v="crossing"/>
    <tag k="highway" v="footway"/>
    <tag k="surface" v="asphalt"/>
  </way>
  <way id="711153405">
    <nd ref="6659538487"/>
    <nd ref="6685713968"/>
    <nd ref="6685713969"/>
    <nd ref="6685713970"/>
    <nd ref="6685713971"/>
    <nd ref="6685713972"/>
    <nd ref="7087874114"/>
    <nd ref="6685713973"/>
    <nd ref="6685713974"/>
    <nd ref="6685713975"/>
    <nd ref="6685713976"/>
    <nd ref="6659538487"/>
    <tag k="bicycle" v="no"/>
    <tag k="footway" v="sidewalk"/>
    <tag k="highway" v="footway"/>
    <tag k="surface" v="concrete"/>
  </way>
  <way id="711153406">
    <nd ref="6685713973"/>
    <nd ref="6685713977"/>
    <nd ref="6685674151"/>
    <tag k="crossing" v="uncontrolled"/>
    <tag k="crossing:markings" v="lines"/>
    <tag k="crossing:signals" v="no"/>
    <tag k="footway" v="crossing"/>
    <tag k="highway" v="footway"/>
  </way>
  <way id="711153407">
    <nd ref="6685713970"/>
    <nd ref="6685713978"/>
    <nd ref="6685674155"/>
    <tag k="crossing" v="uncontrolled"/>
    <tag k="crossing:island" v="no"/>
    <tag k="crossing:markings" v="lines"/>
    <tag k="crossing:signals" v="no"/>
    <tag k="footway" v="crossing"/>
    <tag k="highway" v="footway"/>
    <tag k="surface" v="asphalt"/>
  </way>
  <way id="711154758">
    <nd ref="6685700797"/>
    <nd ref="11255876995"/>
    <nd ref="6685700798"/>
    <tag k="bicycle" v="no"/>
    <tag k="footway" v="sidewalk"/>
    <tag k="highway" v="footway"/>
    <tag k="surface" v="concrete"/>
  </way>
  <way id="711154759">
    <nd ref="11255876996"/>
    <nd ref="6685700802"/>
    <nd ref="11255876994"/>
    <tag k="crossing" v="unmarked"/>
    <tag k="crossing:markings" v="no"/>
    <tag k="footway" v="crossing"/>
    <tag k="highway" v="footway"/>
    <tag k="surface" v="asphalt"/>
  </way>
  <way id="711154760">
    <nd ref="6685700797"/>
    <nd ref="6685700803"/>
    <nd ref="11255876990"/>
    <tag k="crossing" v="unmarked"/>
    <tag k="crossing:markings" v="no"/>
    <tag k="footway" v="crossing"/>
    <tag k="highway" v="footway"/>
    <tag k="surface" v="asphalt"/>
  </way>
  <way id="711154761">
    <nd ref="11255876989"/>
    <nd ref="6685700804"/>
    <nd ref="11255876992"/>
    <tag k="crossing" v="unmarked"/>
    <tag k="crossing:markings" v="no"/>
    <tag k="footway" v="crossing"/>
    <tag k="highway" v="footway"/>
    <tag k="surface" v="asphalt"/>
  </way>
  <way id="711154762">
    <nd ref="11255876993"/>
    <nd ref="6685700801"/>
    <nd ref="11255876991"/>
    <tag k="crossing" v="unmarked"/>
    <tag k="crossing:markings" v="no"/>
    <tag k="footway" v="crossing"/>
    <tag k="highway" v="footway"/>
    <tag k="surface" v="asphalt"/>
  </way>
  <way id="711154763">
    <nd ref="6659525811"/>
    <nd ref="6685700807"/>
    <nd ref="6685700800"/>
    <tag k="crossing" v="unmarked"/>
    <tag k="footway" v="crossing"/>
    <tag k="highway" v="footway"/>
    <tag k="surface" v="asphalt"/>
  </way>
  <way id="711154764">
    <nd ref="6685700800"/>
    <nd ref="6685700808"/>
    <nd ref="6635688057"/>
    <tag k="crossing" v="unmarked"/>
    <tag k="footway" v="crossing"/>
    <tag k="highway" v="footway"/>
    <tag k="surface" v="asphalt"/>
  </way>
  <way id="711154765">
    <nd ref="6685713974"/>
    <nd ref="6685700810"/>
    <nd ref="6659520169"/>
    <tag k="crossing" v="unmarked"/>
    <tag k="footway" v="crossing"/>
    <tag k="highway" v="footway"/>
    <tag k="surface" v="asphalt"/>
  </way>
  <way id="711154766">
    <nd ref="6685713974"/>
    <nd ref="6685700812"/>
    <nd ref="6685700799"/>
    <tag k="crossing" v="unmarked"/>
    <tag k="footway" v="crossing"/>
    <tag k="highway" v="footway"/>
    <tag k="surface" v="asphalt"/>
  </way>
  <way id="711154767">
    <nd ref="6685700799"/>
    <nd ref="6685700813"/>
    <nd ref="6659525812"/>
    <tag k="crossing" v="unmarked"/>
    <tag k="footway" v="crossing"/>
    <tag k="highway" v="footway"/>
    <tag k="surface" v="asphalt"/>
  </way>
  <way id="711154768">
    <nd ref="6685700798"/>
    <nd ref="6685700815"/>
    <nd ref="6685713958"/>
    <tag k="crossing" v="uncontrolled"/>
    <tag k="crossing:markings" v="lines"/>
    <tag k="crossing:signals" v="no"/>
    <tag k="footway" v="crossing"/>
    <tag k="highway" v="footway"/>
    <tag k="surface" v="asphalt"/>
  </way>
  <way id="711154769">
    <nd ref="6685674151"/>
    <nd ref="6685700818"/>
    <nd ref="6685713958"/>
    <tag k="crossing" v="unmarked"/>
    <tag k="crossing:markings" v="no"/>
    <tag k="footway" v="crossing"/>
    <tag k="highway" v="footway"/>
    <tag k="surface" v="asphalt"/>
  </way>
  <way id="711154770">
    <nd ref="6685713973"/>
    <nd ref="6685700819"/>
    <nd ref="6685700798"/>
    <tag k="crossing" v="unmarked"/>
    <tag k="crossing:markings" v="no"/>
    <tag k="footway" v="crossing"/>
    <tag k="highway" v="footway"/>
    <tag k="surface" v="asphalt"/>
  </way>
  <way id="711158595">
    <nd ref="6546454243"/>
    <nd ref="6685748171"/>
    <nd ref="10870925535"/>
    <nd ref="6685748172"/>
    <nd ref="6685748173"/>
    <nd ref="6685748174"/>
    <nd ref="6685760462"/>
    <nd ref="6685748175"/>
    <nd ref="6685748176"/>
    <nd ref="6685748177"/>
    <nd ref="6685760436"/>
    <nd ref="6685760435"/>
    <nd ref="6685748178"/>
    <nd ref="6685748179"/>
    <nd ref="6685760460"/>
    <nd ref="6685748180"/>
    <nd ref="6685748181"/>
    <nd ref="6685748182"/>
    <nd ref="6685748183"/>
    <nd ref="6685748184"/>
    <nd ref="6685760385"/>
    <nd ref="6685760386"/>
    <nd ref="6685760387"/>
    <nd ref="6685760388"/>
    <nd ref="6685760389"/>
    <nd ref="6685760390"/>
    <nd ref="6685760391"/>
    <nd ref="6685760392"/>
    <nd ref="6685760393"/>
    <nd ref="6685760394"/>
    <nd ref="6685760395"/>
    <nd ref="6685760396"/>
    <nd ref="6685760397"/>
    <nd ref="6685760398"/>
    <nd ref="6685760399"/>
    <nd ref="6685760400"/>
    <nd ref="6685760401"/>
    <nd ref="6685760402"/>
    <nd ref="6685760403"/>
    <nd ref="6685760404"/>
    <nd ref="6685760405"/>
    <nd ref="6685760406"/>
    <nd ref="6685760407"/>
    <nd ref="6685760408"/>
    <nd ref="6685760409"/>
    <nd ref="6685760410"/>
    <nd ref="6685760411"/>
    <nd ref="6685760412"/>
    <nd ref="6685760413"/>
    <nd ref="6685760414"/>
    <nd ref="6685760415"/>
    <nd ref="6685760416"/>
    <nd ref="6685760437"/>
    <nd ref="11270635560"/>
    <nd ref="6685760417"/>
    <nd ref="6685760418"/>
    <nd ref="11270635555"/>
    <nd ref="6685760419"/>
    <nd ref="6685760420"/>
    <nd ref="6685760421"/>
    <nd ref="6685760422"/>
    <nd ref="6685760423"/>
    <nd ref="6685760424"/>
    <nd ref="11270635568"/>
    <nd ref="6698262100"/>
    <nd ref="6698262104"/>
    <nd ref="6685760425"/>
    <nd ref="6685760426"/>
    <nd ref="6685760427"/>
    <nd ref="6698257846"/>
    <nd ref="6685760428"/>
    <nd ref="6698257851"/>
    <nd ref="6685760429"/>
    <nd ref="6685760430"/>
    <nd ref="6685760431"/>
    <nd ref="6685760432"/>
    <nd ref="6685760433"/>
    <nd ref="6685760434"/>
    <nd ref="6546454243"/>
    <tag k="bicycle" v="no"/>
    <tag k="footway" v="sidewalk"/>
    <tag k="highway" v="footway"/>
    <tag k="surface" v="concrete"/>
  </way>
  <way id="711158599">
    <nd ref="6546454373"/>
    <nd ref="6685760463"/>
    <nd ref="6685760462"/>
    <tag k="crossing" v="pedestrian_signals"/>
    <tag k="footway" v="crossing"/>
    <tag k="highway" v="footway"/>
    <tag k="surface" v="asphalt"/>
  </way>
  <way id="712414907">
    <nd ref="6649082218"/>
    <nd ref="6698263457"/>
    <nd ref="6698263456"/>
    <tag k="crossing" v="unmarked"/>
    <tag k="footway" v="crossing"/>
    <tag k="highway" v="footway"/>
    <tag k="surface" v="asphalt"/>
  </way>
  <way id="712414908">
    <nd ref="6546454367"/>
    <nd ref="6698263459"/>
    <nd ref="6649082334"/>
    <tag k="crossing" v="marked"/>
    <tag k="footway" v="crossing"/>
    <tag k="highway" v="footway"/>
    <tag k="surface" v="asphalt"/>
  </way>
  <way id="712414909">
    <nd ref="6698263456"/>
    <nd ref="6698263460"/>
    <nd ref="6546454367"/>
    <tag k="crossing" v="unmarked"/>
    <tag k="footway" v="crossing"/>
    <tag k="highway" v="footway"/>
    <tag k="surface" v="asphalt"/>
  </way>
  <way id="712414910">
    <nd ref="6649082218"/>
    <nd ref="6698263461"/>
    <nd ref="6649082334"/>
    <tag k="crossing" v="unmarked"/>
    <tag k="footway" v="crossing"/>
    <tag k="highway" v="footway"/>
    <tag k="surface" v="asphalt"/>
  </way>
  <way id="712415076">
    <nd ref="6698263454"/>
    <nd ref="6698280527"/>
    <nd ref="6698280528"/>
    <nd ref="6698280529"/>
    <nd ref="6698280530"/>
    <nd ref="6698280531"/>
    <nd ref="6698280532"/>
    <nd ref="6698280533"/>
    <nd ref="6698263456"/>
    <nd ref="6698280534"/>
    <nd ref="6698280535"/>
    <nd ref="6698280536"/>
    <nd ref="6698280537"/>
    <nd ref="6698280538"/>
    <nd ref="6698280539"/>
    <nd ref="6698280562"/>
    <nd ref="13470320401"/>
    <nd ref="6698280540"/>
    <nd ref="6698261374"/>
    <nd ref="6698280542"/>
    <nd ref="6698261369"/>
    <nd ref="6698280543"/>
    <nd ref="6698280544"/>
    <nd ref="6698280545"/>
    <nd ref="6698263448"/>
    <nd ref="6698280546"/>
    <nd ref="6698280547"/>
    <nd ref="6698280548"/>
    <nd ref="6698280549"/>
    <nd ref="6698280550"/>
    <nd ref="6698280551"/>
    <nd ref="6698280552"/>
    <nd ref="6698280553"/>
    <nd ref="6698280554"/>
    <nd ref="6698280555"/>
    <nd ref="6698280556"/>
    <nd ref="6698280557"/>
    <nd ref="6698280558"/>
    <nd ref="6698280559"/>
    <nd ref="6698280560"/>
    <nd ref="6698280561"/>
    <nd ref="6698263454"/>
    <tag k="bicycle" v="no"/>
    <tag k="footway" v="sidewalk"/>
    <tag k="highway" v="footway"/>
    <tag k="surface" v="concrete"/>
  </way>
  <way id="712415077">
    <nd ref="6698280536"/>
    <nd ref="6698280564"/>
    <nd ref="6698280563"/>
    <tag k="crossing" v="unmarked"/>
    <tag k="footway" v="crossing"/>
    <tag k="highway" v="footway"/>
    <tag k="surface" v="asphalt"/>
  </way>
  <way id="712415078">
    <nd ref="6698280537"/>
    <nd ref="6698280565"/>
    <nd ref="6685760462"/>
    <tag k="crossing" v="marked"/>
    <tag k="footway" v="crossing"/>
    <tag k="highway" v="footway"/>
    <tag k="surface" v="asphalt"/>
  </way>
  <way id="732267493">
    <nd ref="6856851586"/>
    <nd ref="6856851587"/>
    <nd ref="6856851588"/>
    <tag k="access" v="private"/>
    <tag k="highway" v="service"/>
  </way>
  <way id="732581275">
    <nd ref="6860035214"/>
    <nd ref="6860035215"/>
    <nd ref="6860035216"/>
    <nd ref="4604008550"/>
    <nd ref="13398639978"/>
    <nd ref="13398639979"/>
    <nd ref="286891668"/>
    <tag k="highway" v="service"/>
  </way>
  <way id="732648886">
    <nd ref="6860605036"/>
    <nd ref="6860605039"/>
    <nd ref="6860605037"/>
    <nd ref="6860605038"/>
    <tag k="highway" v="service"/>
  </way>
  <way id="733004570">
    <nd ref="6863958535"/>
    <nd ref="6863958536"/>
    <nd ref="6863958537"/>
    <tag k="highway" v="service"/>
  </way>
  <way id="733004571">
    <nd ref="6863958536"/>
    <nd ref="6863958538"/>
    <nd ref="6863958539"/>
    <tag k="highway" v="service"/>
  </way>
  <way id="734462555">
    <nd ref="6878214642"/>
    <nd ref="6878214643"/>
    <nd ref="6878214649"/>
    <nd ref="6878214644"/>
    <tag k="highway" v="service"/>
    <tag k="surface" v="concrete"/>
  </way>
  <way id="734462556">
    <nd ref="6878214645"/>
    <nd ref="6878214646"/>
    <nd ref="6878214648"/>
    <nd ref="6878214647"/>
    <tag k="highway" v="service"/>
    <tag k="surface" v="concrete"/>
  </way>
  <way id="734462557">
    <nd ref="6878214648"/>
    <nd ref="6878214649"/>
    <tag k="highway" v="service"/>
    <tag k="surface" v="concrete"/>
  </way>
  <way id="734495872">
    <nd ref="6878671349"/>
    <nd ref="6878671350"/>
    <nd ref="6878671351"/>
    <nd ref="6878671352"/>
    <nd ref="6878671353"/>
    <nd ref="6878671354"/>
    <tag k="highway" v="service"/>
    <tag k="surface" v="asphalt"/>
  </way>
  <way id="734495873">
    <nd ref="6878671355"/>
    <nd ref="6878671364"/>
    <nd ref="6878671356"/>
    <tag k="highway" v="service"/>
  </way>
  <way id="734495874">
    <nd ref="6878671365"/>
    <nd ref="6878671366"/>
    <nd ref="6878671367"/>
    <nd ref="6878671368"/>
    <nd ref="6878671369"/>
    <nd ref="6878671370"/>
    <nd ref="6878671371"/>
    <nd ref="6878671372"/>
    <nd ref="6878671373"/>
    <nd ref="6878671374"/>
    <nd ref="6878671363"/>
    <tag k="highway" v="service"/>
    <tag k="oneway" v="yes"/>
  </way>
  <way id="734495875">
    <nd ref="6878671375"/>
    <nd ref="6878671376"/>
    <nd ref="6878671377"/>
    <tag k="highway" v="service"/>
  </way>
  <way id="734495876">
    <nd ref="8395240126"/>
    <nd ref="6878671378"/>
    <nd ref="6878671380"/>
    <nd ref="6878671382"/>
    <nd ref="6878671383"/>
    <tag k="highway" v="service"/>
    <tag k="layer" v="-1"/>
    <tag k="service" v="parking_aisle"/>
    <tag k="surface" v="paving_stones"/>
  </way>
  <way id="737866273">
    <nd ref="6659506057"/>
    <nd ref="6634668431"/>
    <nd ref="6634668432"/>
    <nd ref="6634668433"/>
    <nd ref="6634668434"/>
    <nd ref="6634668435"/>
    <nd ref="6634668436"/>
    <nd ref="6634668437"/>
    <nd ref="6634668438"/>
    <nd ref="6634668439"/>
    <nd ref="6634668440"/>
    <nd ref="6634668441"/>
    <nd ref="6634695194"/>
    <nd ref="6908919971"/>
    <tag k="bicycle" v="no"/>
    <tag k="footway" v="sidewalk"/>
    <tag k="highway" v="footway"/>
    <tag k="surface" v="concrete"/>
  </way>
  <way id="740568727">
    <nd ref="1123102916"/>
    <nd ref="1123102934"/>
    <nd ref="1123102940"/>
    <nd ref="6933480438"/>
    <nd ref="6933480439"/>
    <nd ref="1123102956"/>
    <nd ref="6933480440"/>
    <nd ref="1123102964"/>
    <nd ref="1123102918"/>
    <nd ref="6933480445"/>
    <nd ref="1123102930"/>
    <nd ref="6933490237"/>
    <nd ref="6933480441"/>
    <tag k="highway" v="service"/>
    <tag k="oneway" v="yes"/>
    <tag k="service" v="parking_aisle"/>
    <tag k="tiger:LINEARID" v="1102650730275"/>
    <tag k="tiger:MTFCC" v="S1400"/>
    <tag k="tiger:reviewed" v="no"/>
  </way>
  <way id="740568728">
    <nd ref="6933480441"/>
    <nd ref="6933480442"/>
    <nd ref="1123102916"/>
    <tag k="highway" v="service"/>
    <tag k="oneway" v="yes"/>
    <tag k="service" v="parking_aisle"/>
  </way>
  <way id="740568729">
    <nd ref="6933480443"/>
    <nd ref="6933480444"/>
    <tag k="highway" v="service"/>
    <tag k="oneway" v="yes"/>
    <tag k="service" v="parking_aisle"/>
  </way>
  <way id="740568730">
    <nd ref="1123102940"/>
    <nd ref="6933480445"/>
    <tag k="highway" v="service"/>
    <tag k="oneway" v="yes"/>
    <tag k="service" v="parking_aisle"/>
  </way>
  <way id="740568731">
    <nd ref="1123102975"/>
    <nd ref="6933480446"/>
    <tag k="highway" v="service"/>
    <tag k="service" v="parking_aisle"/>
  </way>
  <way id="740568737">
    <nd ref="6933490188"/>
    <nd ref="6933490189"/>
    <nd ref="6933490190"/>
    <tag k="highway" v="footway"/>
  </way>
  <way id="740568738">
    <nd ref="6933490190"/>
    <nd ref="6933490192"/>
    <nd ref="6933490191"/>
    <tag k="crossing" v="marked"/>
    <tag k="footway" v="crossing"/>
    <tag k="highway" v="footway"/>
  </way>
  <way id="740568739">
    <nd ref="6933490193"/>
    <nd ref="6933490194"/>
    <nd ref="6933490195"/>
    <nd ref="6933490196"/>
    <nd ref="6933490436"/>
    <nd ref="6933490191"/>
    <nd ref="6933490197"/>
    <nd ref="6933490198"/>
    <nd ref="6933490199"/>
    <nd ref="6933490200"/>
    <nd ref="6933490201"/>
    <nd ref="6933490202"/>
    <nd ref="6933490203"/>
    <nd ref="6933490204"/>
    <nd ref="6933490205"/>
    <nd ref="6933490206"/>
    <nd ref="6933490207"/>
    <nd ref="6933490208"/>
    <nd ref="6933490209"/>
    <nd ref="6933490210"/>
    <nd ref="6933490211"/>
    <nd ref="6933490212"/>
    <nd ref="6933490213"/>
    <nd ref="6933490214"/>
    <nd ref="6933490215"/>
    <nd ref="6933490216"/>
    <nd ref="6933490217"/>
    <nd ref="6933490218"/>
    <nd ref="6933490219"/>
    <nd ref="6933490220"/>
    <nd ref="6933490221"/>
    <nd ref="6933490222"/>
    <nd ref="6933490223"/>
    <nd ref="6933490224"/>
    <nd ref="4772457993"/>
    <tag k="highway" v="footway"/>
  </way>
  <way id="740568740">
    <nd ref="6933490210"/>
    <nd ref="6933490225"/>
    <nd ref="6933480438"/>
    <nd ref="6933490226"/>
    <nd ref="6933490227"/>
    <nd ref="6933490228"/>
    <nd ref="6933490229"/>
    <nd ref="6933490230"/>
    <nd ref="6933490231"/>
    <nd ref="6933490232"/>
    <nd ref="6933490233"/>
    <nd ref="6933490234"/>
    <nd ref="1123102918"/>
    <nd ref="4772457993"/>
    <tag k="crossing" v="marked"/>
    <tag k="footway" v="crossing"/>
    <tag k="highway" v="footway"/>
  </way>
  <way id="740568741">
    <nd ref="6933490235"/>
    <nd ref="6933490237"/>
    <nd ref="6933490236"/>
    <tag k="crossing" v="marked"/>
    <tag k="footway" v="crossing"/>
    <tag k="highway" v="footway"/>
  </way>
  <way id="740568742">
    <nd ref="6933490238"/>
    <nd ref="6933490239"/>
    <nd ref="6933490240"/>
    <nd ref="6933490241"/>
    <nd ref="6933490242"/>
    <tag k="highway" v="footway"/>
  </way>
  <way id="740568744">
    <nd ref="6933490245"/>
    <nd ref="6933490246"/>
    <nd ref="6933490247"/>
    <nd ref="6933490248"/>
    <nd ref="6933490249"/>
    <nd ref="6933490250"/>
    <nd ref="6933490251"/>
    <nd ref="6933490252"/>
    <nd ref="6933490253"/>
    <nd ref="6933490255"/>
    <nd ref="6933490254"/>
    <tag k="highway" v="footway"/>
  </way>
  <way id="740568745">
    <nd ref="6933490255"/>
    <nd ref="6933490256"/>
    <nd ref="6933490257"/>
    <nd ref="6933490258"/>
    <tag k="highway" v="footway"/>
  </way>
  <way id="740568763">
    <nd ref="6933490436"/>
    <nd ref="6933490439"/>
    <nd ref="6933490438"/>
    <nd ref="6933490437"/>
    <tag k="highway" v="footway"/>
    <tag k="surface" v="concrete:plates"/>
  </way>
  <way id="740568764">
    <nd ref="6933490438"/>
    <nd ref="6546454372"/>
    <tag k="highway" v="footway"/>
    <tag k="surface" v="concrete:plates"/>
  </way>
  <way id="740568765">
    <nd ref="6933490439"/>
    <nd ref="6933490440"/>
    <tag k="highway" v="footway"/>
    <tag k="surface" v="concrete:plates"/>
  </way>
  <way id="758888064">
    <nd ref="7087874113"/>
    <nd ref="7087874114"/>
    <nd ref="7087874115"/>
    <tag k="highway" v="service"/>
  </way>
  <way id="758888065">
    <nd ref="7087874116"/>
    <nd ref="7087874117"/>
    <nd ref="7087874118"/>
    <tag k="highway" v="service"/>
    <tag k="surface" v="asphalt"/>
  </way>
  <way id="759029534">
    <nd ref="7089575205"/>
    <nd ref="7089575206"/>
    <nd ref="7089575207"/>
    <tag k="highway" v="service"/>
    <tag k="service" v="driveway"/>
  </way>
  <way id="759506463">
    <nd ref="7094892720"/>
    <nd ref="7094892721"/>
    <nd ref="7094892722"/>
    <tag k="highway" v="service"/>
    <tag k="oneway" v="yes"/>
  </way>
  <way id="759506464">
    <nd ref="7094892723"/>
    <nd ref="7094892725"/>
    <nd ref="7094892726"/>
    <nd ref="7094892727"/>
    <nd ref="7094892728"/>
    <tag k="highway" v="service"/>
  </way>
  <way id="764070179">
    <nd ref="7138227083"/>
    <nd ref="7138227084"/>
    <nd ref="7138280185"/>
    <nd ref="7138280186"/>
    <nd ref="7138280187"/>
    <nd ref="7138280188"/>
    <nd ref="7138280189"/>
    <nd ref="7138280190"/>
    <tag k="access" v="private"/>
    <tag k="highway" v="service"/>
  </way>
  <way id="766935768">
    <nd ref="7162653437"/>
    <nd ref="7162653443"/>
    <nd ref="11309360611"/>
    <nd ref="7162653436"/>
    <nd ref="7162653435"/>
    <nd ref="7162653434"/>
    <nd ref="11309360614"/>
    <nd ref="7162653441"/>
    <tag k="highway" v="service"/>
    <tag k="oneway" v="yes"/>
    <tag k="service" v="drive-through"/>
    <tag k="surface" v="asphalt"/>
  </way>
  <way id="766935771">
    <nd ref="11309360606"/>
    <nd ref="11882469166"/>
    <nd ref="11309360607"/>
    <nd ref="11309360608"/>
    <nd ref="7162653437"/>
    <nd ref="11309360610"/>
    <nd ref="11309360612"/>
    <nd ref="7162653441"/>
    <nd ref="11882469167"/>
    <nd ref="7162653440"/>
    <tag k="highway" v="service"/>
    <tag k="surface" v="asphalt"/>
  </way>
  <way id="770561758">
    <nd ref="7192441733"/>
    <nd ref="7192441734"/>
    <nd ref="7192441735"/>
    <nd ref="7192441736"/>
    <nd ref="7192441737"/>
    <nd ref="7192441738"/>
    <nd ref="7192441739"/>
    <tag k="highway" v="service"/>
    <tag k="surface" v="asphalt"/>
  </way>
  <way id="771237750">
    <nd ref="7199575560"/>
    <nd ref="7199575562"/>
    <nd ref="7199575575"/>
    <nd ref="7199575561"/>
    <tag k="access" v="customers"/>
    <tag k="highway" v="service"/>
    <tag k="surface" v="asphalt"/>
  </way>
  <way id="771237751">
    <nd ref="7199575572"/>
    <nd ref="7199575565"/>
    <nd ref="7199575564"/>
    <nd ref="7199575563"/>
    <tag k="access" v="customers"/>
    <tag k="highway" v="service"/>
    <tag k="oneway" v="yes"/>
    <tag k="surface" v="asphalt"/>
  </way>
  <way id="771237752">
    <nd ref="7199575575"/>
    <nd ref="7199575574"/>
    <tag k="access" v="customers"/>
    <tag k="highway" v="service"/>
    <tag k="oneway" v="yes"/>
    <tag k="surface" v="asphalt"/>
  </way>
  <way id="771237753">
    <nd ref="7199575572"/>
    <nd ref="7199575566"/>
    <nd ref="7199575567"/>
    <nd ref="7199575568"/>
    <nd ref="7199575569"/>
    <nd ref="7199575570"/>
    <nd ref="7199575571"/>
    <tag k="access" v="customers"/>
    <tag k="covered" v="no"/>
    <tag k="highway" v="service"/>
    <tag k="oneway" v="yes"/>
    <tag k="surface" v="asphalt"/>
  </way>
  <way id="771237754">
    <nd ref="7199575573"/>
    <nd ref="7199575572"/>
    <tag k="access" v="customers"/>
    <tag k="highway" v="service"/>
    <tag k="oneway" v="yes"/>
    <tag k="surface" v="asphalt"/>
  </way>
  <way id="771237755">
    <nd ref="7199575574"/>
    <nd ref="7199575573"/>
    <tag k="access" v="customers"/>
    <tag k="highway" v="service"/>
    <tag k="maxheight" v="13'6&quot;"/>
    <tag k="oneway" v="yes"/>
    <tag k="surface" v="concrete:plates"/>
    <tag k="tunnel" v="building_passage"/>
  </way>
  <way id="773903708">
    <nd ref="65595832"/>
    <nd ref="7223827687"/>
    <nd ref="7223827688"/>
    <nd ref="7223827689"/>
    <nd ref="7223827690"/>
    <tag k="highway" v="service"/>
  </way>
  <way id="774605431">
    <nd ref="4951309153"/>
    <nd ref="7227055164"/>
    <nd ref="7227055160"/>
    <nd ref="7227055161"/>
    <nd ref="7227055162"/>
    <nd ref="7227055163"/>
    <tag k="highway" v="service"/>
  </way>
  <way id="774910839">
    <nd ref="7229601201"/>
    <nd ref="6653794855"/>
    <nd ref="7229601202"/>
    <nd ref="7229601203"/>
    <nd ref="7229601204"/>
    <nd ref="12975337814"/>
    <nd ref="12975337815"/>
    <nd ref="12975337816"/>
    <nd ref="6653794855"/>
    <tag k="access" v="private"/>
    <tag k="highway" v="service"/>
  </way>
  <way id="776924120">
    <nd ref="7249358192"/>
    <nd ref="7249358193"/>
    <nd ref="7249358194"/>
    <nd ref="7249358195"/>
    <nd ref="7249358196"/>
    <nd ref="7249358197"/>
    <nd ref="7249358198"/>
    <tag k="highway" v="service"/>
  </way>
  <way id="781733088">
    <nd ref="7298609747"/>
    <nd ref="7298609748"/>
    <nd ref="7298609749"/>
    <nd ref="7298609750"/>
    <tag k="highway" v="service"/>
  </way>
  <way id="783010157">
    <nd ref="6860035216"/>
    <nd ref="7312068132"/>
    <nd ref="7312068133"/>
    <nd ref="7312068134"/>
    <nd ref="7312068135"/>
    <tag k="access" v="private"/>
    <tag k="highway" v="service"/>
  </way>
  <way id="783010158">
    <nd ref="7312068136"/>
    <nd ref="7312068137"/>
    <nd ref="7312068138"/>
    <nd ref="7312068139"/>
    <nd ref="7312068140"/>
    <nd ref="7312068141"/>
    <nd ref="7312068142"/>
    <tag k="access" v="private"/>
    <tag k="highway" v="service"/>
  </way>
  <way id="784692682">
    <nd ref="7330843727"/>
    <nd ref="7330843728"/>
    <nd ref="7330843729"/>
    <tag k="access" v="private"/>
    <tag k="highway" v="service"/>
  </way>
  <way id="787105569">
    <nd ref="7358477166"/>
    <nd ref="7358477167"/>
    <nd ref="7358477168"/>
    <nd ref="7358477169"/>
    <tag k="access" v="private"/>
    <tag k="highway" v="service"/>
  </way>
  <way id="806004855">
    <nd ref="8343586872"/>
    <nd ref="7537397826"/>
    <nd ref="7537397827"/>
    <tag k="highway" v="service"/>
    <tag k="service" v="parking_aisle"/>
  </way>
  <way id="807068827">
    <nd ref="7547149963"/>
    <nd ref="7547149964"/>
    <nd ref="7547149965"/>
    <tag k="access" v="customers"/>
    <tag k="highway" v="service"/>
  </way>
  <way id="807068828">
    <nd ref="667360782"/>
    <nd ref="7547149967"/>
    <nd ref="7547149968"/>
    <nd ref="7547149969"/>
    <nd ref="7547149970"/>
    <nd ref="7547149971"/>
    <nd ref="7547149972"/>
    <nd ref="7547149973"/>
    <nd ref="7547149974"/>
    <nd ref="7547149975"/>
    <nd ref="7547149978"/>
    <nd ref="13741725997"/>
    <tag k="access" v="customers"/>
    <tag k="highway" v="service"/>
    <tag k="surface" v="asphalt"/>
  </way>
  <way id="807068829">
    <nd ref="7547149979"/>
    <nd ref="7547149980"/>
    <nd ref="7547149981"/>
    <tag k="highway" v="service"/>
  </way>
  <way id="808299999">
    <nd ref="7558397970"/>
    <nd ref="7558397971"/>
    <nd ref="7558397972"/>
    <nd ref="7558397973"/>
    <nd ref="7558397974"/>
    <nd ref="11586810861"/>
    <nd ref="7558397975"/>
    <nd ref="7558397977"/>
    <nd ref="7558397978"/>
    <nd ref="7558397979"/>
    <nd ref="7558397981"/>
    <nd ref="7558397982"/>
    <nd ref="7558397983"/>
    <tag k="access" v="customers"/>
    <tag k="highway" v="service"/>
    <tag k="service" v="parking_aisle"/>
    <tag k="surface" v="asphalt"/>
  </way>
  <way id="814125051">
    <nd ref="7199575560"/>
    <nd ref="6473973619"/>
    <nd ref="7605140198"/>
    <nd ref="7605140199"/>
    <tag k="highway" v="service"/>
    <tag k="surface" v="asphalt"/>
  </way>
  <way id="826293203">
    <nd ref="7714867091"/>
    <nd ref="2619191127"/>
    <nd ref="7714867093"/>
    <nd ref="26374416"/>
    <tag k="highway" v="residential"/>
    <tag k="lanes" v="2"/>
    <tag k="lanes:backward" v="1"/>
    <tag k="lanes:forward" v="1"/>
    <tag k="name" v="Madison Street"/>
    <tag k="sidewalk:both" v="separate"/>
    <tag k="tiger:cfcc" v="A41"/>
    <tag k="tiger:county" v="Santa Clara, CA"/>
    <tag k="tiger:name_base" v="Madison"/>
    <tag k="tiger:name_type" v="St"/>
    <tag k="turn:lanes:forward" v="right"/>
  </way>
  <way id="826293204">
    <nd ref="65428730"/>
    <nd ref="4877499722"/>
    <nd ref="7714867096"/>
    <tag k="HFCS" v="Principal Arterial"/>
    <tag k="cycleway:both" v="no"/>
    <tag k="highway" v="secondary"/>
    <tag k="lanes" v="4"/>
    <tag k="lanes:backward" v="2"/>
    <tag k="lanes:forward" v="2"/>
    <tag k="maxspeed" v="35 mph"/>
    <tag k="name" v="Scott Boulevard"/>
    <tag k="sidewalk:both" v="separate"/>
    <tag k="surface" v="asphalt"/>
    <tag k="tiger:county" v="Santa Clara, CA"/>
    <tag k="tiger:name_base" v="Scott"/>
    <tag k="tiger:name_type" v="Blvd"/>
  </way>
  <way id="826634005">
    <nd ref="3612914329"/>
    <nd ref="5146084960"/>
    <nd ref="3612914328"/>
    <nd ref="3612914327"/>
    <nd ref="5146084959"/>
    <nd ref="3612914324"/>
    <nd ref="5146084958"/>
    <nd ref="3612914323"/>
    <nd ref="3612914326"/>
    <nd ref="3612914325"/>
    <tag k="bicycle" v="designated"/>
    <tag k="bridge" v="yes"/>
    <tag k="cycleway" v="crossing"/>
    <tag k="foot" v="designated"/>
    <tag k="highway" v="cycleway"/>
    <tag k="layer" v="1"/>
  </way>
  <way id="847131556">
    <nd ref="7904840836"/>
    <nd ref="7904840846"/>
    <nd ref="7904840837"/>
    <nd ref="7904840838"/>
    <nd ref="7904840839"/>
    <nd ref="7904840840"/>
    <nd ref="7904840841"/>
    <nd ref="7904840842"/>
    <nd ref="7904840843"/>
    <nd ref="7904840844"/>
    <nd ref="7904840845"/>
    <tag k="highway" v="service"/>
  </way>
  <way id="849844232">
    <nd ref="65584612"/>
    <nd ref="7928687045"/>
    <nd ref="7928687046"/>
    <nd ref="7928687047"/>
    <tag k="highway" v="service"/>
  </way>
  <way id="850028388">
    <nd ref="6878671356"/>
    <nd ref="6878671357"/>
    <nd ref="6878671365"/>
    <nd ref="6878671358"/>
    <nd ref="6878671359"/>
    <nd ref="6878671360"/>
    <nd ref="6878671361"/>
    <nd ref="6878671362"/>
    <nd ref="6878671363"/>
    <nd ref="6878671356"/>
    <tag k="highway" v="service"/>
    <tag k="oneway" v="yes"/>
  </way>
  <way id="850082392">
    <nd ref="7930961565"/>
    <nd ref="7930961566"/>
    <nd ref="7930961567"/>
    <nd ref="7930961568"/>
    <nd ref="7930961569"/>
    <nd ref="7930961570"/>
    <nd ref="7930961571"/>
    <nd ref="7930961572"/>
    <nd ref="7930961573"/>
    <tag k="access" v="customers"/>
    <tag k="highway" v="service"/>
  </way>
  <way id="850433922">
    <nd ref="7934024681"/>
    <nd ref="7934024682"/>
    <nd ref="7934024683"/>
    <tag k="access" v="private"/>
    <tag k="highway" v="service"/>
    <tag k="service" v="driveway"/>
  </way>
  <way id="877705490">
    <nd ref="13279151252"/>
    <nd ref="6543822932"/>
    <nd ref="6543822931"/>
    <tag k="crossing" v="uncontrolled"/>
    <tag k="crossing:markings" v="ladder"/>
    <tag k="crossing:signals" v="no"/>
    <tag k="footway" v="crossing"/>
    <tag k="highway" v="footway"/>
    <tag k="surface" v="asphalt"/>
  </way>
  <way id="877705491">
    <nd ref="13279151253"/>
    <nd ref="6543822928"/>
    <nd ref="6543822929"/>
    <nd ref="13279151250"/>
    <tag k="crossing" v="traffic_signals"/>
    <tag k="crossing:markings" v="ladder"/>
    <tag k="crossing:signals" v="yes"/>
    <tag k="footway" v="crossing"/>
    <tag k="highway" v="footway"/>
    <tag k="surface" v="asphalt"/>
  </way>
  <way id="877705492">
    <nd ref="13279151257"/>
    <nd ref="6543822924"/>
    <nd ref="6543822888"/>
    <tag k="crossing" v="uncontrolled"/>
    <tag k="crossing:markings" v="ladder"/>
    <tag k="crossing:signals" v="no"/>
    <tag k="footway" v="crossing"/>
    <tag k="highway" v="footway"/>
    <tag k="surface" v="asphalt"/>
  </way>
  <way id="897751392">
    <nd ref="8343586856"/>
    <nd ref="8343586854"/>
    <nd ref="8343586855"/>
    <tag k="highway" v="service"/>
    <tag k="service" v="driveway"/>
  </way>
  <way id="897751393">
    <nd ref="8343586855"/>
    <nd ref="8343586857"/>
    <nd ref="8343586858"/>
    <tag k="highway" v="service"/>
    <tag k="service" v="parking_aisle"/>
  </way>
  <way id="897751401">
    <nd ref="7537397822"/>
    <nd ref="7537397823"/>
    <nd ref="8343586872"/>
    <tag k="highway" v="service"/>
    <tag k="service" v="driveway"/>
  </way>
  <way id="903946266">
    <nd ref="8395240127"/>
    <nd ref="8395240126"/>
    <tag k="highway" v="service"/>
    <tag k="layer" v="-1"/>
    <tag k="service" v="driveway"/>
  </way>
  <way id="903946267">
    <nd ref="6644792913"/>
    <nd ref="444989304"/>
    <nd ref="6573297154"/>
    <nd ref="6573297155"/>
    <nd ref="6573297156"/>
    <nd ref="6573297157"/>
    <nd ref="6573297133"/>
    <nd ref="6573297134"/>
    <nd ref="6573297135"/>
    <nd ref="8395240126"/>
    <tag k="footway" v="sidewalk"/>
    <tag k="highway" v="footway"/>
    <tag k="surface" v="concrete"/>
  </way>
  <way id="903946268">
    <nd ref="8395240126"/>
    <nd ref="8395240145"/>
    <nd ref="8395240150"/>
    <nd ref="6573297136"/>
    <nd ref="6573297137"/>
    <nd ref="6659072507"/>
    <nd ref="6573297138"/>
    <nd ref="6573297139"/>
    <nd ref="6573297140"/>
    <nd ref="6878671383"/>
    <tag k="footway" v="sidewalk"/>
    <tag k="highway" v="footway"/>
    <tag k="surface" v="concrete"/>
  </way>
  <way id="903946269">
    <nd ref="6878671383"/>
    <nd ref="6878671384"/>
    <tag k="highway" v="service"/>
    <tag k="layer" v="-1"/>
    <tag k="service" v="driveway"/>
  </way>
  <way id="903946272">
    <nd ref="8395240145"/>
    <nd ref="8395240146"/>
    <tag k="footway" v="sidewalk"/>
    <tag k="highway" v="footway"/>
    <tag k="surface" v="concrete"/>
  </way>
  <way id="905547891">
    <nd ref="8409478476"/>
    <nd ref="8409478477"/>
    <tag k="access" v="private"/>
    <tag k="highway" v="service"/>
    <tag k="oneway" v="yes"/>
  </way>
  <way id="905547892">
    <nd ref="8409478478"/>
    <nd ref="8409478479"/>
    <tag k="access" v="private"/>
    <tag k="highway" v="service"/>
    <tag k="oneway" v="yes"/>
  </way>
  <way id="905547893">
    <nd ref="8409478480"/>
    <nd ref="8409478481"/>
    <tag k="access" v="private"/>
    <tag k="highway" v="service"/>
    <tag k="oneway" v="yes"/>
  </way>
  <way id="905678369">
    <nd ref="8410676606"/>
    <nd ref="8410676607"/>
    <nd ref="8410676608"/>
    <nd ref="8410676609"/>
    <nd ref="8410676610"/>
    <nd ref="8410676611"/>
    <nd ref="8410676612"/>
    <tag k="highway" v="service"/>
  </way>
  <way id="905699592">
    <nd ref="8410858717"/>
    <nd ref="8410858722"/>
    <nd ref="8410858718"/>
    <tag k="access" v="private"/>
    <tag k="highway" v="service"/>
  </way>
  <way id="905699593">
    <nd ref="8410858718"/>
    <nd ref="8410858719"/>
    <nd ref="8410858720"/>
    <nd ref="8410858721"/>
    <tag k="highway" v="service"/>
  </way>
  <way id="905699594">
    <nd ref="4103683339"/>
    <nd ref="8410858723"/>
    <nd ref="8410858724"/>
    <nd ref="8410858725"/>
    <nd ref="8410858726"/>
    <nd ref="8410858727"/>
    <tag k="highway" v="service"/>
  </way>
  <way id="905699595">
    <nd ref="8410858728"/>
    <nd ref="8410858729"/>
    <nd ref="8410858730"/>
    <tag k="highway" v="service"/>
    <tag k="surface" v="asphalt"/>
  </way>
  <way id="906128223">
    <nd ref="8414680896"/>
    <nd ref="8414680900"/>
    <nd ref="8414680897"/>
    <nd ref="8414680898"/>
    <nd ref="8414680899"/>
    <tag k="highway" v="service"/>
  </way>
  <way id="906128224">
    <nd ref="8414680901"/>
    <nd ref="8414680904"/>
    <nd ref="8414680902"/>
    <nd ref="8414680903"/>
    <tag k="access" v="private"/>
    <tag k="highway" v="service"/>
  </way>
  <way id="906161386">
    <nd ref="8414999017"/>
    <nd ref="8414999019"/>
    <nd ref="8414999018"/>
    <tag k="highway" v="service"/>
  </way>
  <way id="906161387">
    <nd ref="8414999020"/>
    <nd ref="8414999022"/>
    <nd ref="8414999021"/>
    <tag k="highway" v="service"/>
  </way>
  <way id="909895001">
    <nd ref="8448379241"/>
    <nd ref="8448379243"/>
    <nd ref="8448379242"/>
    <tag k="highway" v="service"/>
  </way>
  <way id="913154130">
    <nd ref="8482666199"/>
    <nd ref="8482666208"/>
    <nd ref="8482666200"/>
    <nd ref="8482666201"/>
    <nd ref="8482666202"/>
    <nd ref="8482666203"/>
    <nd ref="8482666204"/>
    <nd ref="8482666205"/>
    <nd ref="8482666207"/>
    <nd ref="8482666206"/>
    <tag k="highway" v="service"/>
    <tag k="oneway" v="yes"/>
    <tag k="surface" v="asphalt"/>
  </way>
  <way id="913361015">
    <nd ref="8484540625"/>
    <nd ref="8484540626"/>
    <nd ref="8484540630"/>
    <nd ref="8484540627"/>
    <nd ref="8484540628"/>
    <nd ref="8484540629"/>
    <tag k="access" v="private"/>
    <tag k="highway" v="service"/>
  </way>
  <way id="913369688">
    <nd ref="8484597886"/>
    <nd ref="8484597890"/>
    <nd ref="8484597891"/>
    <nd ref="8484597887"/>
    <nd ref="8484597888"/>
    <nd ref="8484597889"/>
    <tag k="access" v="private"/>
    <tag k="highway" v="service"/>
    <tag k="service" v="driveway"/>
  </way>
  <way id="921798921">
    <nd ref="6543794708"/>
    <nd ref="6553226748"/>
    <nd ref="8557900548"/>
    <nd ref="6543822896"/>
    <tag k="crossing" v="traffic_signals"/>
    <tag k="crossing:island" v="no"/>
    <tag k="crossing:markings" v="lines"/>
    <tag k="crossing:signals" v="yes"/>
    <tag k="footway" v="crossing"/>
    <tag k="highway" v="footway"/>
    <tag k="lit" v="yes"/>
    <tag k="surface" v="asphalt"/>
    <tag k="tactile_paving" v="yes"/>
  </way>
  <way id="921798922">
    <nd ref="6543822896"/>
    <nd ref="8557900549"/>
    <nd ref="6543783223"/>
    <tag k="crossing" v="traffic_signals"/>
    <tag k="crossing:island" v="no"/>
    <tag k="crossing:markings" v="lines"/>
    <tag k="crossing:signals" v="yes"/>
    <tag k="footway" v="crossing"/>
    <tag k="highway" v="footway"/>
    <tag k="lit" v="yes"/>
    <tag k="surface" v="asphalt"/>
    <tag k="tactile_paving" v="yes"/>
  </way>
  <way id="921798924">
    <nd ref="6543794708"/>
    <nd ref="8557900552"/>
    <nd ref="6543170122"/>
    <tag k="crossing" v="traffic_signals"/>
    <tag k="crossing:island" v="no"/>
    <tag k="crossing:markings" v="lines"/>
    <tag k="crossing:signals" v="yes"/>
    <tag k="footway" v="crossing"/>
    <tag k="highway" v="footway"/>
    <tag k="lit" v="yes"/>
    <tag k="smoothness" v="good"/>
    <tag k="surface" v="asphalt"/>
    <tag k="tactile_paving" v="yes"/>
  </way>
  <way id="927941507">
    <nd ref="6473973585"/>
    <nd ref="8608487178"/>
    <nd ref="6659077229"/>
    <tag k="crossing" v="unmarked"/>
    <tag k="crossing:island" v="no"/>
    <tag k="footway" v="crossing"/>
    <tag k="highway" v="footway"/>
    <tag k="surface" v="asphalt"/>
  </way>
  <way id="927978104">
    <nd ref="6546454265"/>
    <nd ref="8608701197"/>
    <nd ref="8608701196"/>
    <tag k="crossing" v="zebra"/>
    <tag k="crossing:island" v="no"/>
    <tag k="footway" v="crossing"/>
    <tag k="highway" v="footway"/>
    <tag k="surface" v="asphalt"/>
  </way>
  <way id="927978105">
    <nd ref="6546454265"/>
    <nd ref="8608701198"/>
    <nd ref="6556805469"/>
    <tag k="crossing" v="unmarked"/>
    <tag k="crossing:island" v="no"/>
    <tag k="footway" v="crossing"/>
    <tag k="highway" v="footway"/>
    <tag k="surface" v="asphalt"/>
  </way>
  <way id="944291223">
    <nd ref="8742729403"/>
    <nd ref="8742729404"/>
    <nd ref="8742729405"/>
    <tag k="highway" v="service"/>
    <tag k="surface" v="paving_stones"/>
  </way>
  <way id="978932019">
    <nd ref="1078266641"/>
    <nd ref="9057890931"/>
    <nd ref="9057890932"/>
    <nd ref="9057890933"/>
    <nd ref="9057890934"/>
    <nd ref="9057890935"/>
    <nd ref="9057890936"/>
    <nd ref="9057890937"/>
    <nd ref="9057890938"/>
    <nd ref="9057890939"/>
    <nd ref="9057890940"/>
    <tag k="access" v="private"/>
    <tag k="highway" v="residential"/>
  </way>
  <way id="978932020">
    <nd ref="9057890941"/>
    <nd ref="9057890942"/>
    <nd ref="9057890943"/>
    <nd ref="9057890944"/>
    <nd ref="9057890945"/>
    <nd ref="9057890946"/>
    <nd ref="9057890947"/>
    <nd ref="9057890948"/>
    <nd ref="9057890949"/>
    <nd ref="9057890950"/>
    <tag k="access" v="private"/>
    <tag k="highway" v="residential"/>
  </way>
  <way id="978932021">
    <nd ref="9057890937"/>
    <nd ref="9057890951"/>
    <nd ref="9057890952"/>
    <nd ref="9057890944"/>
    <tag k="access" v="private"/>
    <tag k="highway" v="residential"/>
  </way>
  <way id="1030544263">
    <nd ref="9499457693"/>
    <nd ref="9499457692"/>
    <nd ref="9499457691"/>
    <nd ref="9499457690"/>
    <nd ref="9499457689"/>
    <nd ref="9499457688"/>
    <nd ref="9499457687"/>
    <nd ref="9499457686"/>
    <nd ref="9499457685"/>
    <nd ref="9499457684"/>
    <nd ref="11150025277"/>
    <nd ref="9499457683"/>
    <nd ref="9499457682"/>
    <nd ref="9499457681"/>
    <nd ref="9499457669"/>
    <nd ref="9499457670"/>
    <nd ref="9499457671"/>
    <nd ref="9499457672"/>
    <nd ref="9499457673"/>
    <nd ref="9499457674"/>
    <nd ref="11150025285"/>
    <nd ref="9499457675"/>
    <nd ref="9499457676"/>
    <nd ref="9499457677"/>
    <nd ref="9499457678"/>
    <nd ref="9499457679"/>
    <nd ref="9499457680"/>
    <tag k="bicycle" v="no"/>
    <tag k="footway" v="sidewalk"/>
    <tag k="highway" v="footway"/>
    <tag k="surface" v="concrete"/>
  </way>
  <way id="1030544264">
    <nd ref="9499457694"/>
    <nd ref="3678002357"/>
    <nd ref="9499457695"/>
    <tag k="crossing" v="marked"/>
    <tag k="footway" v="crossing"/>
    <tag k="highway" v="footway"/>
  </way>
  <way id="1030544265">
    <nd ref="9499457695"/>
    <nd ref="286891693"/>
    <nd ref="9499457693"/>
    <tag k="crossing" v="traffic_signals"/>
    <tag k="crossing:island" v="no"/>
    <tag k="footway" v="crossing"/>
    <tag k="highway" v="footway"/>
    <tag k="surface" v="asphalt"/>
    <tag k="tactile_paving" v="yes"/>
  </way>
  <way id="1030544266">
    <nd ref="9499457695"/>
    <nd ref="3678002356"/>
    <nd ref="9499457696"/>
    <tag k="crossing" v="traffic_signals"/>
    <tag k="crossing:island" v="no"/>
    <tag k="footway" v="crossing"/>
    <tag k="highway" v="footway"/>
    <tag k="surface" v="asphalt"/>
    <tag k="tactile_paving" v="yes"/>
  </way>
  <way id="1060540769">
    <nd ref="6804262724"/>
    <nd ref="6649067573"/>
    <nd ref="65596348"/>
    <tag k="cycleway:left" v="no"/>
    <tag k="highway" v="secondary"/>
    <tag k="lanes" v="3"/>
    <tag k="maxspeed" v="35 mph"/>
    <tag k="name" v="Scott Boulevard"/>
    <tag k="oneway" v="yes"/>
    <tag k="surface" v="asphalt"/>
    <tag k="tiger:cfcc" v="A41"/>
    <tag k="tiger:county" v="Santa Clara, CA"/>
    <tag k="tiger:name_base" v="Scott"/>
    <tag k="tiger:name_type" v="Blvd"/>
    <tag k="turn:lanes" v="left||"/>
  </way>
  <way id="1061397254">
    <nd ref="1953986063"/>
    <nd ref="6685677677"/>
    <nd ref="65518421"/>
    <tag k="cycleway:both" v="no"/>
    <tag k="hgv" v="designated"/>
    <tag k="hgv:national_network" v="terminal_access"/>
    <tag k="highway" v="primary"/>
    <tag k="lanes" v="4"/>
    <tag k="maxspeed" v="40 mph"/>
    <tag k="name" v="El Camino Real"/>
    <tag k="old_ref" v="US 101"/>
    <tag k="oneway" v="yes"/>
    <tag k="ref" v="CA 82"/>
    <tag k="sidewalk:left" v="no"/>
    <tag k="sidewalk:right" v="separate"/>
    <tag k="source:hgv:national_network" v="Caltrans http://www.dot.ca.gov/hq/traffops/trucks/truckmap/"/>
    <tag k="source:maxspeed" v="survey"/>
    <tag k="surface" v="asphalt"/>
    <tag k="tiger:cfcc" v="A31"/>
    <tag k="tiger:county" v="Santa Clara, CA"/>
    <tag k="tiger:name_base" v="El Camino Real"/>
    <tag k="tiger:name_base_1" v="State Highway 82"/>
    <tag k="turn:lanes" v="left|||"/>
  </way>
  <way id="1061397255">
    <nd ref="9751765182"/>
    <nd ref="1953986063"/>
    <tag k="cycleway:both" v="no"/>
    <tag k="hgv" v="designated"/>
    <tag k="hgv:national_network" v="terminal_access"/>
    <tag k="highway" v="primary"/>
    <tag k="lanes" v="5"/>
    <tag k="maxspeed" v="40 mph"/>
    <tag k="name" v="El Camino Real"/>
    <tag k="old_ref" v="US 101"/>
    <tag k="oneway" v="yes"/>
    <tag k="ref" v="CA 82"/>
    <tag k="sidewalk:left" v="no"/>
    <tag k="sidewalk:right" v="separate"/>
    <tag k="source:hgv:national_network" v="Caltrans http://www.dot.ca.gov/hq/traffops/trucks/truckmap/"/>
    <tag k="source:maxspeed" v="survey"/>
    <tag k="surface" v="asphalt"/>
    <tag k="tiger:cfcc" v="A31"/>
    <tag k="tiger:county" v="Santa Clara, CA"/>
    <tag k="tiger:name_base" v="El Camino Real"/>
    <tag k="tiger:name_base_1" v="State Highway 82"/>
    <tag k="turn:lanes" v="left||||right"/>
  </way>
  <way id="1066402738">
    <nd ref="5041454462"/>
    <nd ref="9792434344"/>
    <tag k="HFCS" v="Collector"/>
    <tag k="cycleway:left" v="no"/>
    <tag k="highway" v="tertiary"/>
    <tag k="lanes" v="2"/>
    <tag k="name" v="Lincoln Street"/>
    <tag k="oneway" v="yes"/>
    <tag k="surface" v="asphalt"/>
    <tag k="tiger:cfcc" v="A41"/>
    <tag k="tiger:county" v="Santa Clara, CA"/>
    <tag k="tiger:name_base" v="Lincoln"/>
    <tag k="tiger:name_type" v="St"/>
  </way>
  <way id="1077942236">
    <nd ref="7094892719"/>
    <nd ref="7094892720"/>
    <tag k="highway" v="service"/>
  </way>
  <way id="1077942237">
    <nd ref="7094892723"/>
    <nd ref="7094892724"/>
    <tag k="highway" v="service"/>
    <tag k="oneway" v="yes"/>
  </way>
  <way id="1077942238">
    <nd ref="7094892722"/>
    <nd ref="7094892723"/>
    <tag k="highway" v="service"/>
  </way>
  <way id="1077942239">
    <nd ref="7094892724"/>
    <nd ref="7094892720"/>
    <tag k="highway" v="service"/>
    <tag k="oneway" v="yes"/>
  </way>
  <way id="1148901962">
    <nd ref="10688850361"/>
    <nd ref="10688850362"/>
    <nd ref="10688850363"/>
    <nd ref="10688850364"/>
    <tag k="footway" v="access_aisle"/>
    <tag k="highway" v="footway"/>
  </way>
  <way id="1148901963">
    <nd ref="10688850365"/>
    <nd ref="10688850366"/>
    <nd ref="10688850367"/>
    <nd ref="2330193354"/>
    <tag k="footway" v="access_aisle"/>
    <tag k="highway" v="footway"/>
  </way>
  <way id="1169015092">
    <nd ref="10870925526"/>
    <nd ref="10870925527"/>
    <nd ref="10870925528"/>
    <nd ref="10870925529"/>
    <nd ref="10870925530"/>
    <nd ref="10870925531"/>
    <nd ref="10870925532"/>
    <nd ref="10870925533"/>
    <nd ref="10870925534"/>
    <nd ref="10870925535"/>
    <nd ref="10870925536"/>
    <tag k="highway" v="service"/>
    <tag k="surface" v="paving_stones"/>
  </way>
  <way id="1176161573">
    <nd ref="10928142791"/>
    <nd ref="10928142790"/>
    <tag k="cycleway" v="lane"/>
    <tag k="highway" v="secondary"/>
    <tag k="lanes" v="2"/>
    <tag k="lanes:backward" v="1"/>
    <tag k="lanes:forward" v="1"/>
    <tag k="maxspeed" v="30 mph"/>
    <tag k="name" v="Monroe Street"/>
    <tag k="sidewalk" v="both"/>
    <tag k="surface" v="asphalt"/>
    <tag k="tiger:cfcc" v="A41"/>
    <tag k="tiger:county" v="Santa Clara, CA"/>
    <tag k="tiger:name_base" v="Monroe"/>
    <tag k="tiger:name_direction_prefix" v="N"/>
    <tag k="tiger:name_type" v="St"/>
  </way>
  <way id="1176161574">
    <nd ref="4181855198"/>
    <nd ref="10928142791"/>
    <tag k="cycleway" v="lane"/>
    <tag k="highway" v="secondary"/>
    <tag k="lanes" v="3"/>
    <tag k="lanes:backward" v="2"/>
    <tag k="lanes:forward" v="1"/>
    <tag k="maxspeed" v="30 mph"/>
    <tag k="name" v="Monroe Street"/>
    <tag k="sidewalk" v="both"/>
    <tag k="surface" v="asphalt"/>
    <tag k="tiger:cfcc" v="A41"/>
    <tag k="tiger:county" v="Santa Clara, CA"/>
    <tag k="tiger:name_base" v="Monroe"/>
    <tag k="tiger:name_direction_prefix" v="N"/>
    <tag k="tiger:name_type" v="St"/>
    <tag k="turn:lanes:backward" v="left|"/>
  </way>
  <way id="1176161575">
    <nd ref="10928142790"/>
    <nd ref="4951308914"/>
    <nd ref="10928142792"/>
    <tag k="cycleway" v="lane"/>
    <tag k="highway" v="secondary"/>
    <tag k="lanes" v="3"/>
    <tag k="lanes:backward" v="1"/>
    <tag k="lanes:both_ways" v="1"/>
    <tag k="lanes:forward" v="1"/>
    <tag k="maxspeed" v="30 mph"/>
    <tag k="name" v="Monroe Street"/>
    <tag k="sidewalk" v="both"/>
    <tag k="surface" v="asphalt"/>
    <tag k="tiger:cfcc" v="A41"/>
    <tag k="tiger:county" v="Santa Clara, CA"/>
    <tag k="tiger:name_base" v="Monroe"/>
    <tag k="tiger:name_direction_prefix" v="N"/>
    <tag k="tiger:name_type" v="St"/>
  </way>
  <way id="1176161576">
    <nd ref="10928142793"/>
    <nd ref="6804262709"/>
    <nd ref="668437492"/>
    <tag k="cycleway" v="lane"/>
    <tag k="highway" v="secondary"/>
    <tag k="lanes" v="3"/>
    <tag k="lanes:backward" v="1"/>
    <tag k="lanes:forward" v="2"/>
    <tag k="maxspeed" v="30 mph"/>
    <tag k="name" v="Monroe Street"/>
    <tag k="sidewalk" v="both"/>
    <tag k="surface" v="asphalt"/>
    <tag k="tiger:cfcc" v="A41"/>
    <tag k="tiger:county" v="Santa Clara, CA"/>
    <tag k="tiger:name_base" v="Monroe"/>
    <tag k="tiger:name_direction_prefix" v="N"/>
    <tag k="tiger:name_type" v="St"/>
    <tag k="turn:lanes:forward" v="left|"/>
  </way>
  <way id="1186968122">
    <nd ref="11023456208"/>
    <nd ref="6543822924"/>
    <nd ref="11023456209"/>
    <tag k="cycleway:both" v="no"/>
    <tag k="highway" v="primary_link"/>
    <tag k="lane_markings" v="no"/>
    <tag k="oneway" v="yes"/>
    <tag k="sidewalk:left" v="no"/>
    <tag k="sidewalk:right" v="separate"/>
    <tag k="surface" v="asphalt"/>
  </way>
  <way id="1186968123">
    <nd ref="11023456210"/>
    <nd ref="6543822933"/>
    <nd ref="4877499604"/>
    <tag k="cycleway:both" v="no"/>
    <tag k="highway" v="primary_link"/>
    <tag k="lane_markings" v="no"/>
    <tag k="oneway" v="yes"/>
    <tag k="sidewalk:left" v="no"/>
    <tag k="sidewalk:right" v="separate"/>
    <tag k="surface" v="asphalt"/>
  </way>
  <way id="1186968124">
    <nd ref="4877499600"/>
    <nd ref="6543822932"/>
    <nd ref="1107787949"/>
    <tag k="cycleway:both" v="no"/>
    <tag k="highway" v="primary_link"/>
    <tag k="lane_markings" v="no"/>
    <tag k="oneway" v="yes"/>
    <tag k="sidewalk:left" v="no"/>
    <tag k="sidewalk:right" v="separate"/>
    <tag k="surface" v="asphalt"/>
  </way>
  <way id="1209131696">
    <nd ref="11203040673"/>
    <nd ref="5057939928"/>
    <tag k="highway" v="service"/>
  </way>
  <way id="1214879410">
    <nd ref="11255876965"/>
    <nd ref="6634672660"/>
    <nd ref="6634620867"/>
    <nd ref="11255876629"/>
    <tag k="bicycle" v="no"/>
    <tag k="footway" v="sidewalk"/>
    <tag k="highway" v="footway"/>
    <tag k="surface" v="concrete"/>
  </way>
  <way id="1214879411">
    <nd ref="11255876959"/>
    <nd ref="6634672659"/>
    <nd ref="6634672660"/>
    <nd ref="11255876966"/>
    <tag k="bicycle" v="no"/>
    <tag k="footway" v="sidewalk"/>
    <tag k="highway" v="footway"/>
    <tag k="surface" v="concrete"/>
  </way>
  <way id="1214879419">
    <nd ref="6635688062"/>
    <nd ref="6634695196"/>
    <tag k="bicycle" v="no"/>
    <tag k="footway" v="sidewalk"/>
    <tag k="highway" v="footway"/>
    <tag k="surface" v="concrete"/>
  </way>
  <way id="1214879420">
    <nd ref="6635688061"/>
    <nd ref="6635688062"/>
    <tag k="bicycle" v="no"/>
    <tag k="footway" v="sidewalk"/>
    <tag k="highway" v="footway"/>
    <tag k="surface" v="concrete"/>
  </way>
  <way id="1214879421">
    <nd ref="11255876977"/>
    <nd ref="6635688060"/>
    <nd ref="6635688061"/>
    <tag k="bicycle" v="no"/>
    <tag k="footway" v="sidewalk"/>
    <tag k="highway" v="footway"/>
    <tag k="surface" v="concrete"/>
  </way>
  <way id="1214879422">
    <nd ref="11255876969"/>
    <nd ref="6635692947"/>
    <nd ref="6635692948"/>
    <nd ref="11255876991"/>
    <tag k="bicycle" v="no"/>
    <tag k="footway" v="sidewalk"/>
    <tag k="highway" v="footway"/>
    <tag k="surface" v="concrete"/>
  </way>
  <way id="1214879423">
    <nd ref="11255876963"/>
    <nd ref="6635692943"/>
    <nd ref="6635692947"/>
    <nd ref="11255876970"/>
    <tag k="bicycle" v="no"/>
    <tag k="footway" v="sidewalk"/>
    <tag k="highway" v="footway"/>
    <tag k="surface" v="concrete"/>
  </way>
  <way id="1214879424">
    <nd ref="11255876979"/>
    <nd ref="6635688058"/>
    <nd ref="6635692949"/>
    <nd ref="11255876971"/>
    <tag k="bicycle" v="no"/>
    <tag k="footway" v="sidewalk"/>
    <tag k="highway" v="footway"/>
    <tag k="surface" v="concrete"/>
  </way>
  <way id="1214879425">
    <nd ref="6635688057"/>
    <nd ref="6635688058"/>
    <nd ref="11255876978"/>
    <tag k="bicycle" v="no"/>
    <tag k="footway" v="sidewalk"/>
    <tag k="highway" v="footway"/>
    <tag k="surface" v="concrete"/>
  </way>
  <way id="1214879427">
    <nd ref="11255876982"/>
    <nd ref="6685713961"/>
    <nd ref="6685674162"/>
    <nd ref="6685674163"/>
    <nd ref="6685674164"/>
    <tag k="bicycle" v="no"/>
    <tag k="footway" v="sidewalk"/>
    <tag k="highway" v="footway"/>
    <tag k="surface" v="concrete"/>
  </way>
  <way id="1214879428">
    <nd ref="6677972443"/>
    <nd ref="13741753511"/>
    <nd ref="13741753510"/>
    <nd ref="13741753524"/>
    <nd ref="13741753519"/>
    <tag k="bicycle" v="no"/>
    <tag k="footway" v="sidewalk"/>
    <tag k="highway" v="footway"/>
    <tag k="surface" v="concrete"/>
  </way>
  <way id="1214879432">
    <nd ref="6685700799"/>
    <nd ref="6685700800"/>
    <tag k="bicycle" v="no"/>
    <tag k="footway" v="sidewalk"/>
    <tag k="highway" v="footway"/>
    <tag k="surface" v="concrete"/>
  </way>
  <way id="1214879433">
    <nd ref="6685700798"/>
    <nd ref="6685700799"/>
    <tag k="bicycle" v="no"/>
    <tag k="footway" v="sidewalk"/>
    <tag k="highway" v="footway"/>
    <tag k="surface" v="concrete"/>
  </way>
  <way id="1214879434">
    <nd ref="6685674169"/>
    <nd ref="13741753518"/>
    <nd ref="6685713958"/>
    <tag k="bicycle" v="no"/>
    <tag k="footway" v="sidewalk"/>
    <tag k="highway" v="footway"/>
    <tag k="surface" v="concrete"/>
  </way>
  <way id="1214879435">
    <nd ref="11255876987"/>
    <nd ref="6685713960"/>
    <nd ref="8410676611"/>
    <nd ref="13741753518"/>
    <nd ref="13741753517"/>
    <tag k="bicycle" v="no"/>
    <tag k="footway" v="sidewalk"/>
    <tag k="highway" v="footway"/>
    <tag k="surface" v="concrete"/>
  </way>
  <way id="1214879436">
    <nd ref="11255876989"/>
    <nd ref="6635688056"/>
    <nd ref="6635688057"/>
    <tag k="bicycle" v="no"/>
    <tag k="footway" v="sidewalk"/>
    <tag k="highway" v="footway"/>
    <tag k="surface" v="concrete"/>
  </way>
  <way id="1214879437">
    <nd ref="11255876992"/>
    <nd ref="6635692948"/>
    <nd ref="6635692946"/>
    <nd ref="11255876985"/>
    <tag k="bicycle" v="no"/>
    <tag k="footway" v="sidewalk"/>
    <tag k="highway" v="footway"/>
    <tag k="surface" v="concrete"/>
  </way>
  <way id="1214879438">
    <nd ref="11255876994"/>
    <nd ref="6685713959"/>
    <nd ref="6685713960"/>
    <nd ref="11255876988"/>
    <tag k="bicycle" v="no"/>
    <tag k="footway" v="sidewalk"/>
    <tag k="highway" v="footway"/>
    <tag k="surface" v="concrete"/>
  </way>
  <way id="1214879439">
    <nd ref="6685700800"/>
    <nd ref="11255876995"/>
    <nd ref="11255876996"/>
    <tag k="bicycle" v="no"/>
    <tag k="footway" v="sidewalk"/>
    <tag k="highway" v="footway"/>
    <tag k="surface" v="concrete"/>
  </way>
  <way id="1220035895">
    <nd ref="11304727625"/>
    <nd ref="1078266663"/>
    <nd ref="6546559140"/>
    <nd ref="1078266640"/>
    <tag k="highway" v="service"/>
    <tag k="surface" v="asphalt"/>
  </way>
  <way id="1220485176">
    <nd ref="11309360610"/>
    <nd ref="11309360609"/>
    <nd ref="11309360611"/>
    <tag k="highway" v="service"/>
    <tag k="oneway" v="yes"/>
    <tag k="service" v="drive-through"/>
    <tag k="surface" v="asphalt"/>
  </way>
  <way id="1220485177">
    <nd ref="7162653434"/>
    <nd ref="11309360613"/>
    <nd ref="11309360612"/>
    <tag k="highway" v="service"/>
    <tag k="oneway" v="yes"/>
    <tag k="service" v="drive-through"/>
    <tag k="surface" v="asphalt"/>
  </way>
  <way id="1246296804">
    <nd ref="7558397978"/>
    <nd ref="11586810860"/>
    <nd ref="11586836770"/>
    <tag k="highway" v="service"/>
    <tag k="service" v="parking_aisle"/>
    <tag k="surface" v="asphalt"/>
  </way>
  <way id="1246296805">
    <nd ref="7558397979"/>
    <nd ref="11586810859"/>
    <tag k="highway" v="service"/>
    <tag k="service" v="parking_aisle"/>
    <tag k="surface" v="asphalt"/>
  </way>
  <way id="1246296806">
    <nd ref="11586810861"/>
    <nd ref="11586810862"/>
    <tag k="highway" v="service"/>
    <tag k="service" v="parking_aisle"/>
    <tag k="surface" v="asphalt"/>
  </way>
  <way id="1246296807">
    <nd ref="7558397975"/>
    <nd ref="11586810863"/>
    <nd ref="11586810864"/>
    <nd ref="11586810865"/>
    <nd ref="11586810866"/>
    <nd ref="11586810867"/>
    <nd ref="11586810868"/>
    <nd ref="11586836769"/>
    <nd ref="7558397973"/>
    <tag k="highway" v="service"/>
    <tag k="oneway" v="yes"/>
    <tag k="service" v="drive-through"/>
    <tag k="surface" v="asphalt"/>
  </way>
  <way id="1257260299">
    <nd ref="6546454262"/>
    <nd ref="6009776894"/>
    <tag k="highway" v="footway"/>
    <tag k="surface" v="paving_stones"/>
  </way>
  <way id="1257264047">
    <nd ref="11586836770"/>
    <nd ref="11586810858"/>
    <tag k="highway" v="service"/>
    <tag k="service" v="parking_aisle"/>
    <tag k="surface" v="concrete:plates"/>
  </way>
  <way id="1289409484">
    <nd ref="11956215831"/>
    <nd ref="11956215832"/>
    <nd ref="12975337835"/>
    <tag k="access" v="private"/>
    <tag k="highway" v="residential"/>
    <tag k="name" v="Hicks Drive"/>
  </way>
  <way id="1349517318">
    <nd ref="12484071691"/>
    <nd ref="12484071692"/>
    <tag k="highway" v="service"/>
    <tag k="oneway" v="yes"/>
    <tag k="surface" v="asphalt"/>
  </way>
  <way id="1387105297">
    <nd ref="4951309145"/>
    <nd ref="12840892745"/>
    <tag k="highway" v="service"/>
  </way>
  <way id="1387105298">
    <nd ref="12840892745"/>
    <nd ref="12840892747"/>
    <nd ref="12840892748"/>
    <nd ref="12840892749"/>
    <nd ref="12840892750"/>
    <nd ref="12840892751"/>
    <nd ref="12840892752"/>
    <nd ref="12840892753"/>
    <tag k="highway" v="service"/>
    <tag k="oneway" v="yes"/>
    <tag k="service" v="drive-through"/>
  </way>
  <way id="1387105299">
    <nd ref="12840892746"/>
    <nd ref="12840892755"/>
    <nd ref="12840892745"/>
    <tag k="highway" v="service"/>
  </way>
  <way id="1387105300">
    <nd ref="12840892753"/>
    <nd ref="12840892754"/>
    <tag k="highway" v="service"/>
    <tag k="layer" v="-1"/>
    <tag k="oneway" v="yes"/>
    <tag k="service" v="drive-through"/>
    <tag k="tunnel" v="building_passage"/>
  </way>
  <way id="1387105301">
    <nd ref="12840892754"/>
    <nd ref="4951309148"/>
    <tag k="highway" v="service"/>
    <tag k="oneway" v="yes"/>
    <tag k="service" v="drive-through"/>
  </way>
  <way id="1387105302">
    <nd ref="12840892756"/>
    <nd ref="12840892757"/>
    <nd ref="12840892758"/>
    <nd ref="4951309148"/>
    <tag k="highway" v="service"/>
  </way>
  <way id="1389757481">
    <nd ref="12864291817"/>
    <nd ref="12864291818"/>
    <nd ref="12864291819"/>
    <nd ref="12864291820"/>
    <nd ref="12864291821"/>
    <nd ref="650850691"/>
    <tag k="highway" v="service"/>
  </way>
  <way id="1412028790">
    <nd ref="12975337828"/>
    <nd ref="12975337831"/>
    <nd ref="12975337832"/>
    <nd ref="12975337821"/>
    <nd ref="6649103466"/>
    <nd ref="12975337822"/>
    <tag k="bicycle" v="no"/>
    <tag k="crossing" v="unmarked"/>
    <tag k="crossing:markings" v="no"/>
    <tag k="footway" v="crossing"/>
    <tag k="highway" v="footway"/>
    <tag k="surface" v="concrete"/>
  </way>
  <way id="1412028791">
    <nd ref="12975337826"/>
    <nd ref="12975337822"/>
    <tag k="footway" v="sidewalk"/>
    <tag k="highway" v="footway"/>
  </way>
  <way id="1412028792">
    <nd ref="12975337819"/>
    <nd ref="12975337821"/>
    <tag k="bicycle" v="no"/>
    <tag k="footway" v="sidewalk"/>
    <tag k="highway" v="footway"/>
    <tag k="surface" v="concrete"/>
  </way>
  <way id="1415578696">
    <nd ref="2560365199"/>
    <nd ref="13008475195"/>
    <nd ref="13008475196"/>
    <nd ref="13008475197"/>
    <nd ref="13008475198"/>
    <nd ref="65454455"/>
    <tag k="bicycle" v="designated"/>
    <tag k="foot" v="designated"/>
    <tag k="highway" v="cycleway"/>
  </way>
  <way id="1415578697">
    <nd ref="9057890947"/>
    <nd ref="13008475199"/>
    <tag k="access" v="private"/>
    <tag k="highway" v="residential"/>
  </way>
  <way id="1447320379">
    <nd ref="13279151250"/>
    <nd ref="6543822930"/>
    <tag k="footway" v="traffic_island"/>
    <tag k="highway" v="footway"/>
    <tag k="surface" v="concrete"/>
  </way>
  <way id="1447320380">
    <nd ref="6543822930"/>
    <nd ref="13279151251"/>
    <tag k="footway" v="traffic_island"/>
    <tag k="highway" v="footway"/>
    <tag k="lit" v="yes"/>
    <tag k="surface" v="concrete"/>
  </way>
  <way id="1447320381">
    <nd ref="6543822930"/>
    <nd ref="13279151252"/>
    <tag k="footway" v="traffic_island"/>
    <tag k="highway" v="footway"/>
    <tag k="surface" v="concrete"/>
  </way>
  <way id="1447320382">
    <nd ref="6543822927"/>
    <nd ref="13279151253"/>
    <tag k="footway" v="traffic_island"/>
    <tag k="highway" v="footway"/>
    <tag k="surface" v="concrete"/>
  </way>
  <way id="1447320383">
    <nd ref="13279151254"/>
    <nd ref="6543822927"/>
    <tag k="footway" v="traffic_island"/>
    <tag k="highway" v="footway"/>
    <tag k="surface" v="concrete"/>
  </way>
  <way id="1447320384">
    <nd ref="6543822927"/>
    <nd ref="13279151255"/>
    <tag k="footway" v="traffic_island"/>
    <tag k="highway" v="footway"/>
    <tag k="surface" v="concrete"/>
  </way>
  <way id="1447320385">
    <nd ref="6543822925"/>
    <nd ref="13279151256"/>
    <tag k="footway" v="traffic_island"/>
    <tag k="highway" v="footway"/>
    <tag k="surface" v="concrete"/>
  </way>
  <way id="1447320386">
    <nd ref="6543822925"/>
    <nd ref="13279151257"/>
    <tag k="footway" v="traffic_island"/>
    <tag k="highway" v="footway"/>
    <tag k="surface" v="concrete"/>
  </way>
  <way id="1447320387">
    <nd ref="13279151258"/>
    <nd ref="6543822923"/>
    <nd ref="6543822925"/>
    <tag k="footway" v="traffic_island"/>
    <tag k="highway" v="footway"/>
    <tag k="lit" v="yes"/>
    <tag k="surface" v="concrete"/>
  </way>
  <way id="1447337213">
    <nd ref="6543794708"/>
    <nd ref="13279336949"/>
    <nd ref="13279336950"/>
    <nd ref="13279336951"/>
    <nd ref="13279336952"/>
    <nd ref="13279336953"/>
    <nd ref="13279336954"/>
    <nd ref="13279336955"/>
    <nd ref="13279336956"/>
    <nd ref="13279336960"/>
    <nd ref="13279336957"/>
    <nd ref="13279336958"/>
    <nd ref="13279336961"/>
    <nd ref="13279336962"/>
    <nd ref="13279336964"/>
    <nd ref="13279336974"/>
    <tag k="footway" v="sidewalk"/>
    <tag k="highway" v="footway"/>
  </way>
  <way id="1447340474">
    <nd ref="13279365659"/>
    <nd ref="6685677675"/>
    <tag k="footway" v="traffic_island"/>
    <tag k="highway" v="footway"/>
    <tag k="surface" v="concrete"/>
  </way>
  <way id="1447340475">
    <nd ref="6685677675"/>
    <nd ref="13279365660"/>
    <tag k="footway" v="traffic_island"/>
    <tag k="highway" v="footway"/>
  </way>
  <way id="1447340476">
    <nd ref="6685677675"/>
    <nd ref="13279365661"/>
    <tag k="footway" v="traffic_island"/>
    <tag k="highway" v="footway"/>
    <tag k="surface" v="asphalt"/>
  </way>
  <way id="1451028365">
    <nd ref="13307813797"/>
    <nd ref="6546454271"/>
    <nd ref="13307813798"/>
    <tag k="highway" v="service"/>
  </way>
  <way id="1476737506">
    <nd ref="13545265829"/>
    <nd ref="13545265830"/>
    <nd ref="13545265831"/>
    <nd ref="13545265832"/>
    <nd ref="13545265833"/>
    <nd ref="13545265834"/>
    <nd ref="13545265835"/>
    <nd ref="4104335662"/>
    <tag k="highway" v="service"/>
  </way>
  <way id="1500957617">
    <nd ref="6653798688"/>
    <nd ref="6653798689"/>
    <nd ref="6653798690"/>
    <nd ref="6653798691"/>
    <tag k="bicycle" v="no"/>
    <tag k="footway" v="sidewalk"/>
    <tag k="highway" v="footway"/>
    <tag k="surface" v="concrete"/>
  </way>
  <way id="1500957618">
    <nd ref="314511208"/>
    <nd ref="13741725987"/>
    <nd ref="13741725989"/>
    <nd ref="13741725988"/>
    <nd ref="667367325"/>
    <tag k="abutters" v="commercial"/>
    <tag k="cycleway:both" v="no"/>
    <tag k="highway" v="primary"/>
    <tag k="lanes" v="5"/>
    <tag k="lanes:backward" v="3"/>
    <tag k="lanes:forward" v="2"/>
    <tag k="maxspeed" v="30 mph"/>
    <tag k="name" v="Lafayette Street"/>
    <tag k="oneway" v="yes"/>
    <tag k="sidewalk:both" v="separate"/>
    <tag k="source:maxspeed" v="sign"/>
    <tag k="surface" v="asphalt"/>
    <tag k="tiger:cfcc" v="A41"/>
    <tag k="tiger:county" v="Santa Clara, CA"/>
    <tag k="tiger:name_base" v="Lafayette"/>
    <tag k="tiger:name_type" v="St"/>
    <tag k="turn:lanes:backward" v="left||"/>
  </way>
  <way id="1500957620">
    <nd ref="13741753504"/>
    <nd ref="13741753505"/>
    <nd ref="6678074381"/>
    <nd ref="6678074382"/>
    <nd ref="13741753506"/>
    <nd ref="7547149967"/>
    <nd ref="6678074383"/>
    <nd ref="6678074384"/>
    <nd ref="6678094985"/>
    <nd ref="6678094986"/>
    <nd ref="6678094987"/>
    <tag k="bicycle" v="no"/>
    <tag k="footway" v="sidewalk"/>
    <tag k="highway" v="footway"/>
    <tag k="surface" v="concrete"/>
  </way>
  <way id="1500957622">
    <nd ref="13741725983"/>
    <nd ref="6685677674"/>
    <nd ref="6653794882"/>
    <nd ref="6653794883"/>
    <nd ref="6653794884"/>
    <nd ref="6653798685"/>
    <nd ref="6653798696"/>
    <nd ref="6653798695"/>
    <nd ref="6653798686"/>
    <nd ref="6653798687"/>
    <nd ref="6653798688"/>
    <nd ref="13741726000"/>
    <tag k="bicycle" v="no"/>
    <tag k="footway" v="sidewalk"/>
    <tag k="highway" v="footway"/>
    <tag k="surface" v="concrete"/>
  </way>
  <way id="1500957623">
    <nd ref="13741753501"/>
    <nd ref="6653794163"/>
    <nd ref="6653794164"/>
    <nd ref="6653794165"/>
    <nd ref="6653794166"/>
    <nd ref="6653889003"/>
    <nd ref="6653794167"/>
    <nd ref="6653794159"/>
    <tag k="bicycle" v="no"/>
    <tag k="footway" v="sidewalk"/>
    <tag k="highway" v="footway"/>
    <tag k="surface" v="concrete"/>
  </way>
  <way id="1500957624">
    <nd ref="13741753520"/>
    <nd ref="13741753521"/>
    <nd ref="7547149980"/>
    <nd ref="6678074377"/>
    <nd ref="6678074378"/>
    <nd ref="6678074379"/>
    <nd ref="6678074380"/>
    <nd ref="13741753505"/>
    <tag k="bicycle" v="no"/>
    <tag k="footway" v="sidewalk"/>
    <tag k="highway" v="footway"/>
    <tag k="surface" v="concrete"/>
  </way>
  <way id="1500957629">
    <nd ref="13741753502"/>
    <nd ref="6685674149"/>
    <nd ref="6685674150"/>
    <nd ref="13741753523"/>
    <nd ref="13741753522"/>
    <tag k="bicycle" v="no"/>
    <tag k="footway" v="sidewalk"/>
    <tag k="highway" v="footway"/>
    <tag k="surface" v="concrete"/>
  </way>
  <way id="1510432241">
    <nd ref="13807615206"/>
    <nd ref="13807615207"/>
    <nd ref="13807615208"/>
    <tag k="highway" v="service"/>
    <tag k="service" v="driveway"/>
  </way>
  <way id="1510432242">
    <nd ref="13807615207"/>
    <nd ref="13807615209"/>
    <tag k="highway" v="service"/>
    <tag k="service" v="driveway"/>
  </way>
  <relation id="452267">
    <member type="way" ref="52512136" role="from"/>
    <member type="node" ref="667367317" role="via"/>
    <member type="way" ref="52512130" role="to"/>
    <tag k="restriction" v="only_straight_on"/>
    <tag k="type" v="restriction"/>
  </relation>
  <relation id="452268">
    <member type="way" ref="52512137" role="from"/>
    <member type="way" ref="52512138" role="to"/>
    <member type="node" ref="667367317" role="via"/>
    <tag k="restriction" v="only_straight_on"/>
    <tag k="type" v="restriction"/>
  </relation>
  <relation id="6865401">
    <member type="way" ref="416151864" role="from"/>
    <member type="way" ref="416151864" role="to"/>
    <member type="node" ref="282813043" role="via"/>
    <tag k="restriction" v="no_u_turn"/>
    <tag k="type" v="restriction"/>
  </relation>
  <relation id="6868729">
    <member type="way" ref="369618701" role="from"/>
    <member type="way" ref="408449670" role="to"/>
    <member type="node" ref="65574658" role="via"/>
    <tag k="restriction" v="no_left_turn"/>
    <tag k="type" v="restriction"/>
  </relation>
  <relation id="6868768">
    <member type="way" ref="52512129" role="from"/>
    <member type="way" ref="52512129" role="to"/>
    <member type="node" ref="314511208" role="via"/>
    <tag k="restriction" v="no_u_turn"/>
    <tag k="type" v="restriction"/>
  </relation>
  <relation id="7378230">
    <member type="way" ref="1060540769" role="from"/>
    <member type="way" ref="52637310" role="to"/>
    <member type="node" ref="65596348" role="via"/>
    <tag k="restriction" v="no_u_turn"/>
    <tag k="type" v="restriction"/>
  </relation>
  <relation id="7481764">
    <member type="way" ref="417682619" role="from"/>
    <member type="way" ref="417682619" role="to"/>
    <member type="node" ref="282813023" role="via"/>
    <tag k="restriction" v="no_u_turn"/>
    <tag k="type" v="restriction"/>
  </relation>
  <relation id="7481846">
    <member type="way" ref="416223566" role="from"/>
    <member type="way" ref="516434371" role="via"/>
    <member type="way" ref="516434373" role="to"/>
    <tag k="restriction" v="no_u_turn"/>
    <tag k="type" v="restriction"/>
  </relation>
  <relation id="7481847">
    <member type="way" ref="516434373" role="from"/>
    <member type="way" ref="516434372" role="via"/>
    <member type="way" ref="416223566" role="to"/>
    <tag k="restriction" v="no_u_turn"/>
    <tag k="type" v="restriction"/>
  </relation>
  <relation id="7481914">
    <member type="way" ref="516435973" role="from"/>
    <member type="way" ref="279805029" role="to"/>
    <member type="node" ref="282813089" role="via"/>
    <tag k="restriction" v="no_u_turn"/>
    <tag k="type" v="restriction"/>
  </relation>
  <relation id="7481915">
    <member type="way" ref="417073172" role="from"/>
    <member type="way" ref="417073172" role="to"/>
    <member type="node" ref="282813059" role="via"/>
    <tag k="restriction" v="no_u_turn"/>
    <tag k="type" v="restriction"/>
  </relation>
  <relation id="7508118">
    <member type="way" ref="8937826" role="from"/>
    <member type="node" ref="650853961" role="via"/>
    <member type="way" ref="518543247" role="to"/>
    <tag k="restriction" v="no_u_turn"/>
    <tag k="type" v="restriction"/>
  </relation>
  <relation id="7523658">
    <member type="way" ref="416223561" role="from"/>
    <member type="node" ref="282813089" role="via"/>
    <member type="way" ref="416223561" role="to"/>
    <tag k="restriction" v="no_u_turn"/>
    <tag k="type" v="restriction"/>
  </relation>
  <relation id="7523659">
    <member type="way" ref="416223561" role="from"/>
    <member type="node" ref="282813059" role="via"/>
    <member type="way" ref="416223561" role="to"/>
    <tag k="restriction" v="no_u_turn"/>
    <tag k="type" v="restriction"/>
  </relation>
  <relation id="7531914">
    <member type="way" ref="417682607" role="from"/>
    <member type="way" ref="417682607" role="to"/>
    <member type="node" ref="282813043" role="via"/>
    <tag k="restriction" v="no_u_turn"/>
    <tag k="type" v="restriction"/>
  </relation>
  <relation id="7531915">
    <member type="way" ref="417682607" role="from"/>
    <member type="way" ref="417682607" role="to"/>
    <member type="node" ref="282813023" role="via"/>
    <tag k="restriction" v="no_u_turn"/>
    <tag k="type" v="restriction"/>
  </relation>
  <relation id="7677197">
    <member type="way" ref="184853234" role="from"/>
    <member type="node" ref="667360788" role="via"/>
    <member type="way" ref="358444829" role="to"/>
    <tag k="implicit" v="yes"/>
    <tag k="restriction" v="no_left_turn"/>
    <tag k="type" v="restriction"/>
  </relation>
  <relation id="7677198">
    <member type="way" ref="184853234" role="from"/>
    <member type="node" ref="667360788" role="via"/>
    <member type="way" ref="184853236" role="to"/>
    <tag k="implicit" v="yes"/>
    <tag k="restriction" v="no_left_turn"/>
    <tag k="type" v="restriction"/>
  </relation>
  <relation id="7677244">
    <member type="way" ref="416143548" role="from"/>
    <member type="node" ref="314511208" role="via"/>
    <member type="way" ref="52512129" role="to"/>
    <tag k="implicit" v="yes"/>
    <tag k="restriction" v="no_right_turn"/>
    <tag k="type" v="restriction"/>
  </relation>
  <relation id="7677245">
    <member type="way" ref="1061397254" role="from"/>
    <member type="node" ref="65518421" role="via"/>
    <member type="way" ref="358444829" role="to"/>
    <tag k="implicit" v="yes"/>
    <tag k="restriction" v="no_right_turn"/>
    <tag k="type" v="restriction"/>
  </relation>
  <relation id="7677246">
    <member type="way" ref="184853234" role="from"/>
    <member type="way" ref="93014925" role="to"/>
    <member type="node" ref="667360788" role="via"/>
    <tag k="implicit" v="yes"/>
    <tag k="restriction" v="only_straight_on"/>
    <tag k="type" v="restriction"/>
  </relation>
  <relation id="19176445">
    <member type="way" ref="416227651" role="from"/>
    <member type="way" ref="505549548" role="via"/>
    <member type="way" ref="496032369" role="to"/>
    <tag k="restriction" v="no_u_turn"/>
    <tag k="type" v="restriction"/>
  </relation>
  <node id="65448969" lat="37.3448863" lon="-121.9488986"/>
  <node id="65539435" lat="37.3430100" lon="-121.9478676"/>
  <node id="65541011" lat="37.3439647" lon="-121.9483790"/>
  <node id="5990801732" lat="37.3430859" lon="-121.9479016"/>
  <node id="5990962163" lat="37.3438898" lon="-121.9483368"/>
  <node id="5990962164" lat="37.3440505" lon="-121.9484274"/>
  <node id="6575755782" lat="37.3440473" lon="-121.9484256"/>
  <node id="6575755783" lat="37.3438940" lon="-121.9483392"/>
  <node id="6630577848" lat="37.3449496" lon="-121.9489342"/>
  <node id="6630577850" lat="37.3448172" lon="-121.9488596"/>
  <node id="8652602727" lat="37.3430748" lon="-121.9478938"/>
  <node id="65428614" lat="37.3574046" lon="-121.9629882"/>
  <node id="65428617" lat="37.3574315" lon="-121.9649804"/>
  <node id="65428741" lat="37.3534472" lon="-121.9632363"/>
  <node id="65428743" lat="37.3534571" lon="-121.9640573"/>
  <node id="65428744" lat="37.3532634" lon="-121.9649386"/>
  <node id="65428746" lat="37.3533219" lon="-121.9677966"/>
  <node id="65492909" lat="37.3557781" lon="-121.9632170"/>
  <node id="65492917" lat="37.3557802" lon="-121.9640429"/>
  <node id="65492923" lat="37.3557807" lon="-121.9649704"/>
  <node id="65511212" lat="37.3587961" lon="-121.9644044"/>
  <node id="650837381" lat="37.3532733" lon="-121.9676777"/>
  <node id="650837385" lat="37.3532590" lon="-121.9646173"/>
  <node id="650837388" lat="37.3533159" lon="-121.9643628"/>
  <node id="3245616956" lat="37.3533944" lon="-121.9641903"/>
  <node id="4618697057" lat="37.3574078" lon="-121.9636827"/>
  <node id="6546439883" lat="37.3534015" lon="-121.9629090"/>
  <node id="6546439884" lat="37.3533955" lon="-121.9632207"/>
  <node id="6546454185" lat="37.3533979" lon="-121.9637601"/>
  <node id="6546454186" lat="37.3533967" lon="-121.9639444"/>
  <node id="6546454187" lat="37.3533908" lon="-121.9640028"/>
  <node id="6546454188" lat="37.3533753" lon="-121.9640733"/>
  <node id="6546454189" lat="37.3533526" lon="-121.9641407"/>
  <node id="6546454190" lat="37.3533217" lon="-121.9642171"/>
  <node id="6546454191" lat="37.3532776" lon="-121.9643295"/>
  <node id="6546454192" lat="37.3532454" lon="-121.9644029"/>
  <node id="6546454193" lat="37.3532228" lon="-121.9644898"/>
  <node id="6546454194" lat="37.3532109" lon="-121.9645438"/>
  <node id="6546454195" lat="37.3532109" lon="-121.9647445"/>
  <node id="6546454196" lat="37.3532073" lon="-121.9647865"/>
  <node id="6546454197" lat="37.3531907" lon="-121.9648285"/>
  <node id="6546454198" lat="37.3531704" lon="-121.9648584"/>
  <node id="6546454199" lat="37.3531347" lon="-121.9648749"/>
  <node id="6546454200" lat="37.3529977" lon="-121.9648689"/>
  <node id="6546454201" lat="37.3527916" lon="-121.9648644"/>
  <node id="6546454202" lat="37.3526070" lon="-121.9648644"/>
  <node id="6546454203" lat="37.3525737" lon="-121.9648629"/>
  <node id="6546454204" lat="37.3525522" lon="-121.9648314"/>
  <node id="6546454205" lat="37.3525296" lon="-121.9647760"/>
  <node id="6546454206" lat="37.3525284" lon="-121.9636222"/>
  <node id="6546454219" lat="37.3525285" lon="-121.9636901"/>
  <node id="6685707157" lat="37.3532752" lon="-121.9644871"/>
  <node id="6685707182" lat="37.3531793" lon="-121.9648467"/>
  <node id="6685707183" lat="37.3532622" lon="-121.9648507"/>
  <node id="6685707184" lat="37.3532621" lon="-121.9648435"/>
  <node id="6685760396" lat="37.3564731" lon="-121.9628839"/>
  <node id="6685760397" lat="37.3564695" lon="-121.9629051"/>
  <node id="6685760398" lat="37.3564603" lon="-121.9629248"/>
  <node id="6685760399" lat="37.3564483" lon="-121.9629551"/>
  <node id="6685760400" lat="37.3564418" lon="-121.9629910"/>
  <node id="6685760401" lat="37.3564438" lon="-121.9630233"/>
  <node id="6685760402" lat="37.3564559" lon="-121.9630556"/>
  <node id="6685760403" lat="37.3564812" lon="-121.9630930"/>
  <node id="6685760404" lat="37.3565137" lon="-121.9631132"/>
  <node id="6685760405" lat="37.3565466" lon="-121.9631172"/>
  <node id="6685760406" lat="37.3565707" lon="-121.9631122"/>
  <node id="6685760407" lat="37.3565980" lon="-121.9630935"/>
  <node id="6685760408" lat="37.3566249" lon="-121.9630773"/>
  <node id="6685760409" lat="37.3566413" lon="-121.9630728"/>
  <node id="6685760410" lat="37.3572599" lon="-121.9630707"/>
  <node id="6685760411" lat="37.3572804" lon="-121.9630743"/>
  <node id="6685760412" lat="37.3573113" lon="-121.9630879"/>
  <node id="6685760413" lat="37.3573337" lon="-121.9631127"/>
  <node id="6685760414" lat="37.3573502" lon="-121.9631465"/>
  <node id="6685760415" lat="37.3573610" lon="-121.9631803"/>
  <node id="6685760416" lat="37.3573610" lon="-121.9632020"/>
  <node id="6685760417" lat="37.3573614" lon="-121.9639792"/>
  <node id="6685760418" lat="37.3573630" lon="-121.9645054"/>
  <node id="6685760419" lat="37.3573590" lon="-121.9647826"/>
  <node id="6685760420" lat="37.3573563" lon="-121.9648189"/>
  <node id="6685760421" lat="37.3573338" lon="-121.9648589"/>
  <node id="6685760422" lat="37.3573111" lon="-121.9648835"/>
  <node id="6685760423" lat="37.3572743" lon="-121.9648907"/>
  <node id="6685760424" lat="37.3568902" lon="-121.9648892"/>
  <node id="6685760425" lat="37.3559220" lon="-121.9648877"/>
  <node id="6685760426" lat="37.3558955" lon="-121.9648826"/>
  <node id="6685760427" lat="37.3558746" lon="-121.9648695"/>
  <node id="6685760428" lat="37.3558594" lon="-121.9648549"/>
  <node id="6685760429" lat="37.3558478" lon="-121.9648357"/>
  <node id="6685760430" lat="37.3558441" lon="-121.9648033"/>
  <node id="6685760431" lat="37.3558353" lon="-121.9625506"/>
  <node id="6685760437" lat="37.3573613" lon="-121.9636819"/>
  <node id="6689766393" lat="37.3525574" lon="-121.9648391"/>
  <node id="6689766399" lat="37.3525462" lon="-121.9648166"/>
  <node id="6689904566" lat="37.3532639" lon="-121.9650686"/>
  <node id="6689904567" lat="37.3532640" lon="-121.9650910"/>
  <node id="6698257846" lat="37.3558634" lon="-121.9648588"/>
  <node id="6698257851" lat="37.3558506" lon="-121.9648404"/>
  <node id="6698257852" lat="37.3557806" lon="-121.9648395"/>
  <node id="6698261369" lat="37.3575312" lon="-121.9648702"/>
  <node id="6698261374" lat="37.3574942" lon="-121.9648140"/>
  <node id="6698261375" lat="37.3574301" lon="-121.9648163"/>
  <node id="6698262090" lat="37.3557806" lon="-121.9648378"/>
  <node id="6698262100" lat="37.3564968" lon="-121.9648886"/>
  <node id="6698262104" lat="37.3563512" lon="-121.9648884"/>
  <node id="6698263448" lat="37.3580676" lon="-121.9648906"/>
  <node id="6698269995" lat="37.3574294" lon="-121.9648026"/>
  <node id="6698280540" lat="37.3574879" lon="-121.9647886"/>
  <node id="6698280542" lat="37.3575172" lon="-121.9648564"/>
  <node id="6698280543" lat="37.3575521" lon="-121.9648852"/>
  <node id="6698280544" lat="37.3575744" lon="-121.9648938"/>
  <node id="6698280545" lat="37.3580555" lon="-121.9648953"/>
  <node id="6698280546" lat="37.3580847" lon="-121.9648809"/>
  <node id="6698280547" lat="37.3581030" lon="-121.9648628"/>
  <node id="6698280548" lat="37.3581145" lon="-121.9648211"/>
  <node id="9240205323" lat="37.3525277" lon="-121.9629074"/>
  <node id="9240205325" lat="37.3525276" lon="-121.9628011"/>
  <node id="11270635555" lat="37.3573622" lon="-121.9645611"/>
  <node id="11270635560" lat="37.3573613" lon="-121.9637937"/>
  <node id="11270635568" lat="37.3565441" lon="-121.9648881"/>
  <node id="13470273699" lat="37.3574050" lon="-121.9625443"/>
  <node id="13470320401" lat="37.3574851" lon="-121.9625453"/>
  <node id="65433076" lat="37.3511960" lon="-121.9565691"/>
  <node id="65433077" lat="37.3511569" lon="-121.9594946"/>
  <node id="65568795" lat="37.3506641" lon="-121.9562848"/>
  <node id="288057569" lat="37.3512824" lon="-121.9567595"/>
  <node id="288057570" lat="37.3513320" lon="-121.9571002"/>
  <node id="288057571" lat="37.3513314" lon="-121.9584004"/>
  <node id="288057572" lat="37.3511976" lon="-121.9588148"/>
  <node id="444989304" lat="37.3518617" lon="-121.9568721"/>
  <node id="2619191071" lat="37.3521985" lon="-121.9571387"/>
  <node id="3216814861" lat="37.3511946" lon="-121.9564559"/>
  <node id="3216814862" lat="37.3512498" lon="-121.9566973"/>
  <node id="4170447856" lat="37.3514443" lon="-121.9594952"/>
  <node id="4877499563" lat="37.3511595" lon="-121.9593688"/>
  <node id="4877499565" lat="37.3516219" lon="-121.9593628"/>
  <node id="4927079882" lat="37.3511706" lon="-121.9589442"/>
  <node id="4927079883" lat="37.3512653" lon="-121.9586344"/>
  <node id="4927079884" lat="37.3513117" lon="-121.9584969"/>
  <node id="4927079885" lat="37.3513085" lon="-121.9569010"/>
  <node id="5915034692" lat="37.3517684" lon="-121.9593688"/>
  <node id="6543170122" lat="37.3510858" lon="-121.9595856"/>
  <node id="6543783222" lat="37.3510651" lon="-121.9593040"/>
  <node id="6543783223" lat="37.3510854" lon="-121.9592888"/>
  <node id="6543783224" lat="37.3511016" lon="-121.9592573"/>
  <node id="6543783225" lat="37.3511079" lon="-121.9592099"/>
  <node id="6543783226" lat="37.3511079" lon="-121.9591501"/>
  <node id="6543783227" lat="37.3511063" lon="-121.9590293"/>
  <node id="6543783228" lat="37.3511127" lon="-121.9589746"/>
  <node id="6543783229" lat="37.3511196" lon="-121.9589356"/>
  <node id="6543783230" lat="37.3511415" lon="-121.9588391"/>
  <node id="6543783231" lat="37.3511551" lon="-121.9587868"/>
  <node id="6543783232" lat="37.3511976" lon="-121.9586756"/>
  <node id="6543783233" lat="37.3512284" lon="-121.9585963"/>
  <node id="6543783234" lat="37.3512502" lon="-121.9585313"/>
  <node id="6543783235" lat="37.3512667" lon="-121.9584639"/>
  <node id="6543783236" lat="37.3512753" lon="-121.9584013"/>
  <node id="6543783237" lat="37.3512810" lon="-121.9583327"/>
  <node id="6543783238" lat="37.3512819" lon="-121.9581385"/>
  <node id="6543783239" lat="37.3512841" lon="-121.9577386"/>
  <node id="6543783240" lat="37.3512860" lon="-121.9574747"/>
  <node id="6543783241" lat="37.3512860" lon="-121.9573012"/>
  <node id="6543783242" lat="37.3512857" lon="-121.9572686"/>
  <node id="6543783243" lat="37.3512822" lon="-121.9572147"/>
  <node id="6543783244" lat="37.3512759" lon="-121.9571366"/>
  <node id="6543783245" lat="37.3512635" lon="-121.9570684"/>
  <node id="6543783246" lat="37.3512496" lon="-121.9569922"/>
  <node id="6543783247" lat="37.3512290" lon="-121.9569249"/>
  <node id="6543783248" lat="37.3512036" lon="-121.9568475"/>
  <node id="6543783249" lat="37.3511710" lon="-121.9567658"/>
  <node id="6543783250" lat="37.3511425" lon="-121.9567096"/>
  <node id="6543783251" lat="37.3511025" lon="-121.9566430"/>
  <node id="6543783252" lat="37.3510737" lon="-121.9566067"/>
  <node id="6543783253" lat="37.3510502" lon="-121.9565879"/>
  <node id="6543783254" lat="37.3508591" lon="-121.9564851"/>
  <node id="6543783255" lat="37.3508287" lon="-121.9564715"/>
  <node id="6543783256" lat="37.3508002" lon="-121.9564687"/>
  <node id="6543783257" lat="37.3507647" lon="-121.9564783"/>
  <node id="6543783258" lat="37.3507396" lon="-121.9564994"/>
  <node id="6543783259" lat="37.3507212" lon="-121.9565313"/>
  <node id="6543783260" lat="37.3507092" lon="-121.9565736"/>
  <node id="6543783261" lat="37.3507095" lon="-121.9569273"/>
  <node id="6543783262" lat="37.3507070" lon="-121.9573894"/>
  <node id="6543783263" lat="37.3507051" lon="-121.9578020"/>
  <node id="6543783264" lat="37.3507035" lon="-121.9580951"/>
  <node id="6543783265" lat="37.3507019" lon="-121.9586987"/>
  <node id="6543783266" lat="37.3506978" lon="-121.9591800"/>
  <node id="6543783267" lat="37.3507019" lon="-121.9592139"/>
  <node id="6543783268" lat="37.3507155" lon="-121.9592537"/>
  <node id="6543783269" lat="37.3507384" lon="-121.9592801"/>
  <node id="6543783270" lat="37.3507669" lon="-121.9592992"/>
  <node id="6543783271" lat="37.3508128" lon="-121.9593020"/>
  <node id="6543794708" lat="37.3512407" lon="-121.9595852"/>
  <node id="6543794709" lat="37.3515290" lon="-121.9595882"/>
  <node id="6543794710" lat="37.3516608" lon="-121.9595917"/>
  <node id="6543794711" lat="37.3521148" lon="-121.9596097"/>
  <node id="6543794712" lat="37.3521579" lon="-121.9596262"/>
  <node id="6543794713" lat="37.3521875" lon="-121.9596420"/>
  <node id="6543794714" lat="37.3522084" lon="-121.9596856"/>
  <node id="6543794715" lat="37.3522091" lon="-121.9597719"/>
  <node id="6543794716" lat="37.3522133" lon="-121.9606144"/>
  <node id="6543794717" lat="37.3521989" lon="-121.9606141"/>
  <node id="6543794718" lat="37.3521996" lon="-121.9606874"/>
  <node id="6543822885" lat="37.3522154" lon="-121.9590310"/>
  <node id="6543822886" lat="37.3522154" lon="-121.9590912"/>
  <node id="6543822887" lat="37.3522047" lon="-121.9591582"/>
  <node id="6543822888" lat="37.3521700" lon="-121.9592432"/>
  <node id="6543822889" lat="37.3521379" lon="-121.9592676"/>
  <node id="6543822890" lat="37.3520924" lon="-121.9592921"/>
  <node id="6543822891" lat="37.3520433" lon="-121.9592981"/>
  <node id="6543822892" lat="37.3513466" lon="-121.9592787"/>
  <node id="6543822893" lat="37.3513176" lon="-121.9592981"/>
  <node id="6543822894" lat="37.3512862" lon="-121.9593085"/>
  <node id="6543822895" lat="37.3512561" lon="-121.9592988"/>
  <node id="6543822896" lat="37.3512407" lon="-121.9592832"/>
  <node id="6543822897" lat="37.3512306" lon="-121.9592356"/>
  <node id="6543822898" lat="37.3512218" lon="-121.9591694"/>
  <node id="6543822899" lat="37.3512241" lon="-121.9590228"/>
  <node id="6543822900" lat="37.3512348" lon="-121.9589149"/>
  <node id="6543822901" lat="37.3512697" lon="-121.9588003"/>
  <node id="6543822902" lat="37.3513217" lon="-121.9586761"/>
  <node id="6543822903" lat="37.3513513" lon="-121.9585898"/>
  <node id="6543822904" lat="37.3513755" lon="-121.9584730"/>
  <node id="6543822905" lat="37.3513886" lon="-121.9583852"/>
  <node id="6543822906" lat="37.3513927" lon="-121.9582490"/>
  <node id="6543822907" lat="37.3513945" lon="-121.9577922"/>
  <node id="6543822908" lat="37.3513974" lon="-121.9569834"/>
  <node id="6543822909" lat="37.3514051" lon="-121.9569366"/>
  <node id="6543822910" lat="37.3514258" lon="-121.9568927"/>
  <node id="6543822911" lat="37.3514578" lon="-121.9568681"/>
  <node id="6543822912" lat="37.3515039" lon="-121.9568577"/>
  <node id="6543822913" lat="37.3515376" lon="-121.9568666"/>
  <node id="6543822914" lat="37.3516529" lon="-121.9569343"/>
  <node id="6543822915" lat="37.3521785" lon="-121.9572286"/>
  <node id="6543822916" lat="37.3521925" lon="-121.9572405"/>
  <node id="6543822917" lat="37.3522117" lon="-121.9572653"/>
  <node id="6543822918" lat="37.3522205" lon="-121.9572814"/>
  <node id="6543822919" lat="37.3522256" lon="-121.9573176"/>
  <node id="6543822920" lat="37.3522215" lon="-121.9577138"/>
  <node id="6543822921" lat="37.3521954" lon="-121.9595330"/>
  <node id="6543822922" lat="37.3522048" lon="-121.9593860"/>
  <node id="6543822923" lat="37.3522112" lon="-121.9593130"/>
  <node id="6543822924" lat="37.3521913" lon="-121.9592751"/>
  <node id="6543822925" lat="37.3522095" lon="-121.9593097"/>
  <node id="6553226741" lat="37.3512676" lon="-121.9567313"/>
  <node id="6553226742" lat="37.3522225" lon="-121.9571498"/>
  <node id="6553226748" lat="37.3512407" lon="-121.9594910"/>
  <node id="6573297133" lat="37.3522214" lon="-121.9569774"/>
  <node id="6573297134" lat="37.3522268" lon="-121.9569526"/>
  <node id="6573297135" lat="37.3522266" lon="-121.9567950"/>
  <node id="6573297136" lat="37.3522296" lon="-121.9559719"/>
  <node id="6573297148" lat="37.3512799" lon="-121.9564643"/>
  <node id="6573297149" lat="37.3512751" lon="-121.9564918"/>
  <node id="6573297150" lat="37.3512795" lon="-121.9565146"/>
  <node id="6573297151" lat="37.3512864" lon="-121.9565390"/>
  <node id="6573297152" lat="37.3513021" lon="-121.9565604"/>
  <node id="6573297153" lat="37.3513171" lon="-121.9565705"/>
  <node id="6573297154" lat="37.3521206" lon="-121.9570162"/>
  <node id="6573297155" lat="37.3521594" lon="-121.9570233"/>
  <node id="6573297156" lat="37.3521804" lon="-121.9570172"/>
  <node id="6573297157" lat="37.3522098" lon="-121.9570005"/>
  <node id="6644792904" lat="37.3511673" lon="-121.9563992"/>
  <node id="6644792905" lat="37.3511527" lon="-121.9564220"/>
  <node id="6644792906" lat="37.3511276" lon="-121.9564411"/>
  <node id="6644792907" lat="37.3510937" lon="-121.9564455"/>
  <node id="6644792908" lat="37.3501185" lon="-121.9559713"/>
  <node id="6644792910" lat="37.3511949" lon="-121.9564826"/>
  <node id="6644792911" lat="37.3510756" lon="-121.9565047"/>
  <node id="6644792912" lat="37.3515083" lon="-121.9568589"/>
  <node id="6644792913" lat="37.3515410" lon="-121.9566947"/>
  <node id="6644792914" lat="37.3515284" lon="-121.9567579"/>
  <node id="6878671378" lat="37.3519316" lon="-121.9563999"/>
  <node id="6878671380" lat="37.3519302" lon="-121.9560320"/>
  <node id="7162653433" lat="37.3522158" lon="-121.9589350"/>
  <node id="7162653434" lat="37.3520175" lon="-121.9589811"/>
  <node id="7162653435" lat="37.3520168" lon="-121.9591095"/>
  <node id="7162653436" lat="37.3518986" lon="-121.9591103"/>
  <node id="7162653437" lat="37.3518934" lon="-121.9584390"/>
  <node id="7162653441" lat="37.3520322" lon="-121.9584425"/>
  <node id="7162653443" lat="37.3518904" lon="-121.9589326"/>
  <node id="8395240126" lat="37.3522279" lon="-121.9564452"/>
  <node id="8395240145" lat="37.3522291" lon="-121.9561019"/>
  <node id="8395240146" lat="37.3521734" lon="-121.9561009"/>
  <node id="8395240150" lat="37.3522294" lon="-121.9560367"/>
  <node id="8557900548" lat="37.3512407" lon="-121.9593669"/>
  <node id="8557900549" lat="37.3511617" lon="-121.9592855"/>
  <node id="8557900552" lat="37.3511586" lon="-121.9595850"/>
  <node id="11023456208" lat="37.3520949" lon="-121.9593815"/>
  <node id="11309360606" lat="37.3517910" lon="-121.9593697"/>
  <node id="11309360607" lat="37.3517749" lon="-121.9591232"/>
  <node id="11309360608" lat="37.3517797" lon="-121.9584534"/>
  <node id="11309360609" lat="37.3519271" lon="-121.9589744"/>
  <node id="11309360610" lat="37.3519266" lon="-121.9584398"/>
  <node id="11309360611" lat="37.3518983" lon="-121.9590277"/>
  <node id="11309360612" lat="37.3519983" lon="-121.9584416"/>
  <node id="11309360613" lat="37.3519972" lon="-121.9589248"/>
  <node id="11309360614" lat="37.3520332" lon="-121.9589234"/>
  <node id="11882469166" lat="37.3517859" lon="-121.9592909"/>
  <node id="11882469167" lat="37.3522181" lon="-121.9584470"/>
  <node id="13279151256" lat="37.3522282" lon="-121.9593122"/>
  <node id="13279151257" lat="37.3522053" lon="-121.9593017"/>
  <node id="13279151258" lat="37.3522083" lon="-121.9593456"/>
  <node id="13279336949" lat="37.3512256" lon="-121.9596469"/>
  <node id="13279336950" lat="37.3512201" lon="-121.9597130"/>
  <node id="13279336951" lat="37.3512180" lon="-121.9598353"/>
  <node id="13279336952" lat="37.3512193" lon="-121.9599953"/>
  <node id="13279336953" lat="37.3512295" lon="-121.9600148"/>
  <node id="13279336954" lat="37.3512341" lon="-121.9600478"/>
  <node id="13279336955" lat="37.3512344" lon="-121.9600821"/>
  <node id="13279336956" lat="37.3512333" lon="-121.9600951"/>
  <node id="13279336957" lat="37.3512254" lon="-121.9601157"/>
  <node id="13279336958" lat="37.3512163" lon="-121.9601341"/>
  <node id="13279336960" lat="37.3512298" lon="-121.9601042"/>
  <node id="13279336961" lat="37.3512169" lon="-121.9603157"/>
  <node id="13279336962" lat="37.3512176" lon="-121.9605129"/>
  <node id="13279336964" lat="37.3512180" lon="-121.9606424"/>
  <node id="13279336974" lat="37.3511946" lon="-121.9606425"/>
  <node id="65433070" lat="37.3519817" lon="-121.9543316"/>
  <node id="65433073" lat="37.3515829" lon="-121.9554286"/>
  <node id="65434009" lat="37.3476706" lon="-121.9504681"/>
  <node id="65434011" lat="37.3472652" lon="-121.9516548"/>
  <node id="65438682" lat="37.3514541" lon="-121.9526010"/>
  <node id="65438684" lat="37.3510286" lon="-121.9537764"/>
  <node id="65452744" lat="37.3467469" lon="-121.9499474"/>
  <node id="65465745" lat="37.3509406" lon="-121.9509000"/>
  <node id="65499781" lat="37.3496938" lon="-121.9543719"/>
  <node id="65499783" lat="37.3503643" lon="-121.9547553"/>
  <node id="65541013" lat="37.3458012" lon="-121.9494143"/>
  <node id="65541015" lat="37.3486243" lon="-121.9510057"/>
  <node id="65541017" lat="37.3495528" lon="-121.9515292"/>
  <node id="65541020" lat="37.3505071" lon="-121.9520671"/>
  <node id="65541114" lat="37.3482063" lon="-121.9521984"/>
  <node id="65541116" lat="37.3474236" lon="-121.9543905"/>
  <node id="65575671" lat="37.3491437" lon="-121.9527270"/>
  <node id="65575673" lat="37.3483544" lon="-121.9549269"/>
  <node id="65596341" lat="37.3513445" lon="-121.9496924"/>
  <node id="65644073" lat="37.3500819" lon="-121.9532426"/>
  <node id="65645287" lat="37.3493023" lon="-121.9554825"/>
  <node id="65645289" lat="37.3499711" lon="-121.9558865"/>
  <node id="283534572" lat="37.3507748" lon="-121.9536423"/>
  <node id="431739752" lat="37.3518644" lon="-121.9514268"/>
  <node id="444989298" lat="37.3518434" lon="-121.9555032"/>
  <node id="650853515" lat="37.3492659" lon="-121.9557276"/>
  <node id="2839948302" lat="37.3522013" lon="-121.9544577"/>
  <node id="3642886163" lat="37.3513057" lon="-121.9552744"/>
  <node id="3642886164" lat="37.3515785" lon="-121.9545659"/>
  <node id="3642886165" lat="37.3518388" lon="-121.9547018"/>
  <node id="4176992226" lat="37.3466494" lon="-121.9513429"/>
  <node id="4176992228" lat="37.3520266" lon="-121.9543561"/>
  <node id="4927079861" lat="37.3493922" lon="-121.9555579"/>
  <node id="4927079869" lat="37.3491433" lon="-121.9553668"/>
  <node id="5910844207" lat="37.3509933" lon="-121.9523412"/>
  <node id="6447653009" lat="37.3468295" lon="-121.9514357"/>
  <node id="6473973252" lat="37.3522187" lon="-121.9542114"/>
  <node id="6473973253" lat="37.3522320" lon="-121.9541756"/>
  <node id="6473973254" lat="37.3522359" lon="-121.9541298"/>
  <node id="6473973255" lat="37.3522463" lon="-121.9536418"/>
  <node id="6473973256" lat="37.3522362" lon="-121.9535823"/>
  <node id="6473973257" lat="37.3522488" lon="-121.9534033"/>
  <node id="6473973261" lat="37.3522446" lon="-121.9531659"/>
  <node id="6473973262" lat="37.3515005" lon="-121.9527508"/>
  <node id="6473973263" lat="37.3514896" lon="-121.9527487"/>
  <node id="6473973264" lat="37.3514845" lon="-121.9527594"/>
  <node id="6473973265" lat="37.3511406" lon="-121.9537340"/>
  <node id="6473973266" lat="37.3512188" lon="-121.9537792"/>
  <node id="6473973267" lat="37.3516467" lon="-121.9540171"/>
  <node id="6473973268" lat="37.3519261" lon="-121.9541767"/>
  <node id="6473973269" lat="37.3519638" lon="-121.9541990"/>
  <node id="6473973270" lat="37.3520027" lon="-121.9541975"/>
  <node id="6473973271" lat="37.3521066" lon="-121.9542536"/>
  <node id="6473973272" lat="37.3521443" lon="-121.9542622"/>
  <node id="6473973273" lat="37.3521763" lon="-121.9542514"/>
  <node id="6473973274" lat="37.3521957" lon="-121.9542349"/>
  <node id="6473973275" lat="37.3522305" lon="-121.9555998"/>
  <node id="6473973276" lat="37.3522145" lon="-121.9556386"/>
  <node id="6473973277" lat="37.3521940" lon="-121.9556594"/>
  <node id="6473973278" lat="37.3521620" lon="-121.9556645"/>
  <node id="6473973279" lat="37.3521385" lon="-121.9556609"/>
  <node id="6473973280" lat="37.3517307" lon="-121.9554405"/>
  <node id="6473973281" lat="37.3517055" lon="-121.9554144"/>
  <node id="6473973282" lat="37.3516969" lon="-121.9553914"/>
  <node id="6473973283" lat="37.3516918" lon="-121.9553468"/>
  <node id="6473973284" lat="37.3517021" lon="-121.9553202"/>
  <node id="6473973585" lat="37.3520089" lon="-121.9544765"/>
  <node id="6473973586" lat="37.3521654" lon="-121.9545599"/>
  <node id="6473973587" lat="37.3521900" lon="-121.9545786"/>
  <node id="6473973588" lat="37.3522151" lon="-121.9546102"/>
  <node id="6473973589" lat="37.3522260" lon="-121.9546440"/>
  <node id="6473973656" lat="37.3522124" lon="-121.9544632"/>
  <node id="6473973657" lat="37.3522085" lon="-121.9542218"/>
  <node id="6473979417" lat="37.3522291" lon="-121.9529470"/>
  <node id="6473979418" lat="37.3515587" lon="-121.9525636"/>
  <node id="6473979419" lat="37.3519083" lon="-121.9515730"/>
  <node id="6473979430" lat="37.3515272" lon="-121.9526422"/>
  <node id="6473979435" lat="37.3519802" lon="-121.9513812"/>
  <node id="6473979446" lat="37.3519459" lon="-121.9514726"/>
  <node id="6553226745" lat="37.3493742" lon="-121.9555428"/>
  <node id="6571815525" lat="37.3492787" lon="-121.9556414"/>
  <node id="6571815526" lat="37.3493295" lon="-121.9554054"/>
  <node id="6571815528" lat="37.3492247" lon="-121.9554260"/>
  <node id="6571815530" lat="37.3474846" lon="-121.9544257"/>
  <node id="6571815532" lat="37.3484176" lon="-121.9549621"/>
  <node id="6571815536" lat="37.3483076" lon="-121.9548999"/>
  <node id="6573297137" lat="37.3522268" lon="-121.9559307"/>
  <node id="6573297138" lat="37.3522147" lon="-121.9558982"/>
  <node id="6573297139" lat="37.3521929" lon="-121.9558777"/>
  <node id="6573297140" lat="37.3519198" lon="-121.9557427"/>
  <node id="6573297141" lat="37.3516754" lon="-121.9555821"/>
  <node id="6573297142" lat="37.3516487" lon="-121.9555709"/>
  <node id="6573297143" lat="37.3516289" lon="-121.9555714"/>
  <node id="6573297144" lat="37.3516104" lon="-121.9555781"/>
  <node id="6573297145" lat="37.3515954" lon="-121.9555892"/>
  <node id="6573297146" lat="37.3515829" lon="-121.9556080"/>
  <node id="6573297147" lat="37.3515752" lon="-121.9556243"/>
  <node id="6634305569" lat="37.3458979" lon="-121.9494688"/>
  <node id="6634318347" lat="37.3477734" lon="-121.9505261"/>
  <node id="6634337008" lat="37.3469567" lon="-121.9515013"/>
  <node id="6634337023" lat="37.3474965" lon="-121.9517863"/>
  <node id="6634345801" lat="37.3476041" lon="-121.9504306"/>
  <node id="6634345802" lat="37.3475955" lon="-121.9504258"/>
  <node id="6634345803" lat="37.3477810" lon="-121.9505303"/>
  <node id="6634345817" lat="37.3466701" lon="-121.9499041"/>
  <node id="6634345818" lat="37.3458913" lon="-121.9494651"/>
  <node id="6634345819" lat="37.3468194" lon="-121.9499882"/>
  <node id="6634379024" lat="37.3471652" lon="-121.9516050"/>
  <node id="6634664096" lat="37.3487076" lon="-121.9510527"/>
  <node id="6634664098" lat="37.3485577" lon="-121.9509681"/>
  <node id="6634664106" lat="37.3494943" lon="-121.9514962"/>
  <node id="6634664107" lat="37.3490758" lon="-121.9526887"/>
  <node id="6634668431" lat="37.3510182" lon="-121.9503818"/>
  <node id="6634668432" lat="37.3512168" lon="-121.9498156"/>
  <node id="6634668433" lat="37.3512197" lon="-121.9497912"/>
  <node id="6634668434" lat="37.3512133" lon="-121.9497719"/>
  <node id="6634668435" lat="37.3507825" lon="-121.9495302"/>
  <node id="6634668436" lat="37.3507132" lon="-121.9494903"/>
  <node id="6634668437" lat="37.3507020" lon="-121.9494659"/>
  <node id="6634668438" lat="37.3505651" lon="-121.9493942"/>
  <node id="6634695194" lat="37.3503037" lon="-121.9497263"/>
  <node id="6635688062" lat="37.3513025" lon="-121.9495955"/>
  <node id="6635688063" lat="37.3512319" lon="-121.9497825"/>
  <node id="6635688064" lat="37.3512796" lon="-121.9496561"/>
  <node id="6641870850" lat="37.3504406" lon="-121.9520296"/>
  <node id="6641870851" lat="37.3504349" lon="-121.9520264"/>
  <node id="6641870852" lat="37.3496460" lon="-121.9515817"/>
  <node id="6641870856" lat="37.3492168" lon="-121.9527668"/>
  <node id="6641870861" lat="37.3500093" lon="-121.9532027"/>
  <node id="6641894489" lat="37.3497673" lon="-121.9544139"/>
  <node id="6641894491" lat="37.3497167" lon="-121.9543053"/>
  <node id="6641894493" lat="37.3496646" lon="-121.9544546"/>
  <node id="6641894496" lat="37.3498997" lon="-121.9558460"/>
  <node id="6641894497" lat="37.3498916" lon="-121.9558413"/>
  <node id="6641894498" lat="37.3500516" lon="-121.9559328"/>
  <node id="6644792889" lat="37.3501174" lon="-121.9558916"/>
  <node id="6644792890" lat="37.3500958" lon="-121.9558703"/>
  <node id="6644792891" lat="37.3500782" lon="-121.9558343"/>
  <node id="6644792892" lat="37.3500730" lon="-121.9558042"/>
  <node id="6644792893" lat="37.3500747" lon="-121.9557719"/>
  <node id="6644792894" lat="37.3503749" lon="-121.9549286"/>
  <node id="6644792895" lat="37.3503936" lon="-121.9549085"/>
  <node id="6644792896" lat="37.3504181" lon="-121.9548956"/>
  <node id="6644792897" lat="37.3504438" lon="-121.9548911"/>
  <node id="6644792898" lat="37.3504695" lon="-121.9548963"/>
  <node id="6644792899" lat="37.3514371" lon="-121.9554465"/>
  <node id="6644792900" lat="37.3514534" lon="-121.9554685"/>
  <node id="6644792901" lat="37.3514645" lon="-121.9554950"/>
  <node id="6644792902" lat="37.3514698" lon="-121.9555339"/>
  <node id="6644792903" lat="37.3514627" lon="-121.9555662"/>
  <node id="6644792916" lat="37.3502979" lon="-121.9547173"/>
  <node id="6644792917" lat="37.3502887" lon="-121.9547121"/>
  <node id="6644792918" lat="37.3504807" lon="-121.9547174"/>
  <node id="6644792919" lat="37.3504506" lon="-121.9548029"/>
  <node id="6644792920" lat="37.3504479" lon="-121.9548014"/>
  <node id="6644792922" lat="37.3515413" lon="-121.9555387"/>
  <node id="6644792923" lat="37.3516798" lon="-121.9554852"/>
  <node id="6644792924" lat="37.3515385" lon="-121.9555462"/>
  <node id="6644792925" lat="37.3516187" lon="-121.9553269"/>
  <node id="6645718935" lat="37.3482775" lon="-121.9522385"/>
  <node id="6645718937" lat="37.3481371" lon="-121.9521582"/>
  <node id="6659072507" lat="37.3522170" lon="-121.9559043"/>
  <node id="6659072508" lat="37.3522160" lon="-121.9557987"/>
  <node id="6659072509" lat="37.3522074" lon="-121.9557936"/>
  <node id="6659077225" lat="37.3504746" lon="-121.9546874"/>
  <node id="6659077226" lat="37.3504736" lon="-121.9546569"/>
  <node id="6659077227" lat="37.3507841" lon="-121.9537699"/>
  <node id="6659077228" lat="37.3518418" lon="-121.9543702"/>
  <node id="6659077229" lat="37.3518600" lon="-121.9543953"/>
  <node id="6659077230" lat="37.3518558" lon="-121.9544235"/>
  <node id="6659077231" lat="37.3515633" lon="-121.9552729"/>
  <node id="6659077232" lat="37.3515548" lon="-121.9552857"/>
  <node id="6659077233" lat="37.3515366" lon="-121.9553023"/>
  <node id="6659077234" lat="37.3515137" lon="-121.9553097"/>
  <node id="6659077235" lat="37.3514942" lon="-121.9553092"/>
  <node id="6659077236" lat="37.3505066" lon="-121.9547552"/>
  <node id="6659077237" lat="37.3504930" lon="-121.9547371"/>
  <node id="6659077238" lat="37.3517720" lon="-121.9546669"/>
  <node id="6659077239" lat="37.3513282" lon="-121.9552161"/>
  <node id="6659077240" lat="37.3516125" lon="-121.9553445"/>
  <node id="6659077241" lat="37.3515055" lon="-121.9553855"/>
  <node id="6659461535" lat="37.3509937" lon="-121.9536587"/>
  <node id="6659461536" lat="37.3513344" lon="-121.9526690"/>
  <node id="6659461537" lat="37.3505467" lon="-121.9522252"/>
  <node id="6659461538" lat="37.3502035" lon="-121.9532081"/>
  <node id="6659461539" lat="37.3510590" lon="-121.9536923"/>
  <node id="6659461540" lat="37.3510701" lon="-121.9539322"/>
  <node id="6659461541" lat="37.3509281" lon="-121.9538516"/>
  <node id="6659461542" lat="37.3509651" lon="-121.9537428"/>
  <node id="6659461543" lat="37.3511089" lon="-121.9538232"/>
  <node id="6659461544" lat="37.3510614" lon="-121.9536857"/>
  <node id="6659461545" lat="37.3508450" lon="-121.9535739"/>
  <node id="6659461546" lat="37.3508169" lon="-121.9536645"/>
  <node id="6659461549" lat="37.3507405" lon="-121.9535143"/>
  <node id="6659461550" lat="37.3507092" lon="-121.9536044"/>
  <node id="6659461551" lat="37.3501697" lon="-121.9532932"/>
  <node id="6659461552" lat="37.3500447" lon="-121.9533508"/>
  <node id="6659461553" lat="37.3500398" lon="-121.9533650"/>
  <node id="6659461554" lat="37.3501206" lon="-121.9531355"/>
  <node id="6659461555" lat="37.3501160" lon="-121.9531482"/>
  <node id="6659461556" lat="37.3504679" lon="-121.9521755"/>
  <node id="6659461557" lat="37.3514146" lon="-121.9527102"/>
  <node id="6659487643" lat="37.3514063" lon="-121.9524834"/>
  <node id="6659487644" lat="37.3517588" lon="-121.9514837"/>
  <node id="6659487645" lat="37.3509688" lon="-121.9510444"/>
  <node id="6659487646" lat="37.3506150" lon="-121.9520263"/>
  <node id="6659487647" lat="37.3510218" lon="-121.9522610"/>
  <node id="6659487648" lat="37.3513775" lon="-121.9525578"/>
  <node id="6659487649" lat="37.3514814" lon="-121.9525229"/>
  <node id="6659487650" lat="37.3513718" lon="-121.9525546"/>
  <node id="6659487651" lat="37.3515358" lon="-121.9526471"/>
  <node id="6659487652" lat="37.3519554" lon="-121.9514780"/>
  <node id="6659487653" lat="37.3518297" lon="-121.9515261"/>
  <node id="6659487654" lat="37.3518260" lon="-121.9513004"/>
  <node id="6659487655" lat="37.3517943" lon="-121.9513868"/>
  <node id="6659487656" lat="37.3518964" lon="-121.9513373"/>
  <node id="6659487657" lat="37.3517874" lon="-121.9513829"/>
  <node id="6659487658" lat="37.3505859" lon="-121.9521115"/>
  <node id="6659487659" lat="37.3505376" lon="-121.9519851"/>
  <node id="6659487660" lat="37.3505992" lon="-121.9521190"/>
  <node id="6659506052" lat="37.3521814" lon="-121.9503046"/>
  <node id="6659506053" lat="37.3513917" lon="-121.9498496"/>
  <node id="6659506054" lat="37.3510347" lon="-121.9508542"/>
  <node id="6659506055" lat="37.3510059" lon="-121.9509372"/>
  <node id="6659506057" lat="37.3508729" lon="-121.9508052"/>
  <node id="6659506058" lat="37.3509016" lon="-121.9510051"/>
  <node id="6659506059" lat="37.3509622" lon="-121.9508337"/>
  <node id="6659506060" lat="37.3522539" lon="-121.9503467"/>
  <node id="6659506061" lat="37.3513042" lon="-121.9498128"/>
  <node id="6659525809" lat="37.3512996" lon="-121.9498265"/>
  <node id="6659525810" lat="37.3514502" lon="-121.9496806"/>
  <node id="6659525813" lat="37.3522456" lon="-121.9501276"/>
  <node id="6659525814" lat="37.3514292" lon="-121.9497411"/>
  <node id="6659525815" lat="37.3513658" lon="-121.9496320"/>
  <node id="6659525816" lat="37.3513691" lon="-121.9496226"/>
  <node id="6659525817" lat="37.3522107" lon="-121.9502214"/>
  <node id="6806187901" lat="37.3511173" lon="-121.9495655"/>
  <node id="6878671382" lat="37.3517807" lon="-121.9559411"/>
  <node id="6878671383" lat="37.3518622" lon="-121.9557048"/>
  <node id="6878671384" lat="37.3518959" lon="-121.9556115"/>
  <node id="6908919971" lat="37.3502598" lon="-121.9498331"/>
  <node id="7087874116" lat="37.3517126" lon="-121.9503005"/>
  <node id="7087874117" lat="37.3517886" lon="-121.9500783"/>
  <node id="7087874118" lat="37.3518169" lon="-121.9499973"/>
  <node id="7111503586" lat="37.3502567" lon="-121.9527594"/>
  <node id="7200636110" lat="37.3477239" lon="-121.9519183"/>
  <node id="7249358192" lat="37.3512073" lon="-121.9552202"/>
  <node id="7249358193" lat="37.3511784" lon="-121.9552994"/>
  <node id="7249358194" lat="37.3510219" lon="-121.9557719"/>
  <node id="7249358195" lat="37.3510140" lon="-121.9557875"/>
  <node id="7249358196" lat="37.3509963" lon="-121.9557908"/>
  <node id="7249358197" lat="37.3509786" lon="-121.9557886"/>
  <node id="7249358198" lat="37.3508212" lon="-121.9556973"/>
  <node id="7298609749" lat="37.3520312" lon="-121.9528338"/>
  <node id="7298609750" lat="37.3520070" lon="-121.9529127"/>
  <node id="7558397971" lat="37.3522286" lon="-121.9552042"/>
  <node id="7558397972" lat="37.3521454" lon="-121.9552005"/>
  <node id="7558397973" lat="37.3520658" lon="-121.9552042"/>
  <node id="7558397974" lat="37.3520163" lon="-121.9551908"/>
  <node id="7558397975" lat="37.3519190" lon="-121.9551344"/>
  <node id="7558397977" lat="37.3519125" lon="-121.9550951"/>
  <node id="7558397978" lat="37.3519724" lon="-121.9549215"/>
  <node id="7558397979" lat="37.3520262" lon="-121.9549271"/>
  <node id="7558397981" lat="37.3520995" lon="-121.9549718"/>
  <node id="7558397982" lat="37.3522276" lon="-121.9549759"/>
  <node id="8395240149" lat="37.3517700" lon="-121.9556438"/>
  <node id="8448379241" lat="37.3512578" lon="-121.9531428"/>
  <node id="8448379242" lat="37.3508862" lon="-121.9529383"/>
  <node id="8448379243" lat="37.3511850" lon="-121.9531028"/>
  <node id="8608487178" lat="37.3519401" lon="-121.9544386"/>
  <node id="8608487179" lat="37.3519383" lon="-121.9544432"/>
  <node id="11586798818" lat="37.3507092" lon="-121.9549449"/>
  <node id="11586798825" lat="37.3506838" lon="-121.9550178"/>
  <node id="11586798826" lat="37.3502712" lon="-121.9552193"/>
  <node id="11586810858" lat="37.3518085" lon="-121.9547870"/>
  <node id="11586810859" lat="37.3521089" lon="-121.9546895"/>
  <node id="11586810860" lat="37.3519670" lon="-121.9548831"/>
  <node id="11586810861" lat="37.3519568" lon="-121.9551586"/>
  <node id="11586810862" lat="37.3518728" lon="-121.9554017"/>
  <node id="11586810863" lat="37.3518056" lon="-121.9551721"/>
  <node id="11586810864" lat="37.3517652" lon="-121.9553057"/>
  <node id="11586810865" lat="37.3517652" lon="-121.9553631"/>
  <node id="11586810866" lat="37.3517829" lon="-121.9554002"/>
  <node id="11586810867" lat="37.3519207" lon="-121.9554770"/>
  <node id="11586810868" lat="37.3519538" lon="-121.9554724"/>
  <node id="11586836769" lat="37.3519760" lon="-121.9554511"/>
  <node id="11586836770" lat="37.3518801" lon="-121.9548304"/>
  <node id="65428612" lat="37.3574207" lon="-121.9595803"/>
  <node id="65428613" lat="37.3574062" lon="-121.9612877"/>
  <node id="65428730" lat="37.3534334" lon="-121.9595369"/>
  <node id="65428733" lat="37.3534390" lon="-121.9605141"/>
  <node id="65428736" lat="37.3534391" lon="-121.9615736"/>
  <node id="65428739" lat="37.3534446" lon="-121.9623841"/>
  <node id="65454455" lat="37.3539805" lon="-121.9567916"/>
  <node id="65454456" lat="37.3543091" lon="-121.9567962"/>
  <node id="65454459" lat="37.3545510" lon="-121.9567985"/>
  <node id="65454461" lat="37.3542927" lon="-121.9572292"/>
  <node id="65492872" lat="37.3561612" lon="-121.9560964"/>
  <node id="65492879" lat="37.3561931" lon="-121.9563505"/>
  <node id="65492882" lat="37.3561963" lon="-121.9573436"/>
  <node id="65492885" lat="37.3557806" lon="-121.9587859"/>
  <node id="65492888" lat="37.3557684" lon="-121.9595549"/>
  <node id="65492889" lat="37.3557709" lon="-121.9604910"/>
  <node id="65492894" lat="37.3557742" lon="-121.9615680"/>
  <node id="65492898" lat="37.3557770" lon="-121.9623899"/>
  <node id="65493359" lat="37.3534618" lon="-121.9570440"/>
  <node id="65670926" lat="37.3557252" lon="-121.9563458"/>
  <node id="282813104" lat="37.3522983" lon="-121.9593905"/>
  <node id="282813107" lat="37.3523080" lon="-121.9571894"/>
  <node id="282813108" lat="37.3524469" lon="-121.9571849"/>
  <node id="282813137" lat="37.3524373" lon="-121.9594037"/>
  <node id="288057507" lat="37.3560722" lon="-121.9578750"/>
  <node id="615638764" lat="37.3559130" lon="-121.9582399"/>
  <node id="650850681" lat="37.3528153" lon="-121.9601950"/>
  <node id="650850682" lat="37.3526633" lon="-121.9601865"/>
  <node id="650850683" lat="37.3528162" lon="-121.9600341"/>
  <node id="650850684" lat="37.3528136" lon="-121.9601279"/>
  <node id="650850685" lat="37.3524381" lon="-121.9601824"/>
  <node id="650850687" lat="37.3528575" lon="-121.9599865"/>
  <node id="650850688" lat="37.3534348" lon="-121.9599866"/>
  <node id="650850689" lat="37.3533086" lon="-121.9598078"/>
  <node id="650850690" lat="37.3533468" lon="-121.9599835"/>
  <node id="650850691" lat="37.3529205" lon="-121.9598014"/>
  <node id="816127951" lat="37.3538789" lon="-121.9587434"/>
  <node id="816127955" lat="37.3538719" lon="-121.9595494"/>
  <node id="1078266594" lat="37.3554945" lon="-121.9565423"/>
  <node id="1078266603" lat="37.3535395" lon="-121.9572087"/>
  <node id="1078266605" lat="37.3535143" lon="-121.9586228"/>
  <node id="1078266609" lat="37.3556278" lon="-121.9571949"/>
  <node id="1078266630" lat="37.3534452" lon="-121.9574693"/>
  <node id="1078266632" lat="37.3554834" lon="-121.9573260"/>
  <node id="1078266634" lat="37.3538037" lon="-121.9586368"/>
  <node id="1078266640" lat="37.3562027" lon="-121.9566100"/>
  <node id="1078266653" lat="37.3557685" lon="-121.9571929"/>
  <node id="1078266658" lat="37.3538650" lon="-121.9587068"/>
  <node id="1078266660" lat="37.3550596" lon="-121.9565339"/>
  <node id="1078266663" lat="37.3560911" lon="-121.9566193"/>
  <node id="1078266678" lat="37.3556313" lon="-121.9573353"/>
  <node id="1078266684" lat="37.3557662" lon="-121.9566825"/>
  <node id="1078266692" lat="37.3550504" lon="-121.9572884"/>
  <node id="1078266707" lat="37.3558119" lon="-121.9566189"/>
  <node id="1078266715" lat="37.3556238" lon="-121.9566839"/>
  <node id="1078266770" lat="37.3554880" lon="-121.9571914"/>
  <node id="1078266794" lat="37.3534475" lon="-121.9585318"/>
  <node id="1107726935" lat="37.3534580" lon="-121.9586741"/>
  <node id="1107726936" lat="37.3536617" lon="-121.9587774"/>
  <node id="1107726938" lat="37.3542192" lon="-121.9575955"/>
  <node id="1107726941" lat="37.3530562" lon="-121.9591084"/>
  <node id="1107726942" lat="37.3545734" lon="-121.9581823"/>
  <node id="1107726943" lat="37.3540635" lon="-121.9587064"/>
  <node id="1107726944" lat="37.3540749" lon="-121.9583360"/>
  <node id="1107726948" lat="37.3536532" lon="-121.9591476"/>
  <node id="1107726949" lat="37.3530166" lon="-121.9579301"/>
  <node id="1107726950" lat="37.3530251" lon="-121.9574816"/>
  <node id="1107726951" lat="37.3542277" lon="-121.9587097"/>
  <node id="1107726954" lat="37.3542192" lon="-121.9580441"/>
  <node id="1107726955" lat="37.3530930" lon="-121.9583858"/>
  <node id="1107726956" lat="37.3534472" lon="-121.9583858"/>
  <node id="1107726957" lat="37.3534462" lon="-121.9579266"/>
  <node id="1107726958" lat="37.3538753" lon="-121.9591519"/>
  <node id="1107726962" lat="37.3534464" lon="-121.9580405"/>
  <node id="1107726963" lat="37.3530449" lon="-121.9584427"/>
  <node id="1107726967" lat="37.3542277" lon="-121.9591654"/>
  <node id="1107726969" lat="37.3530487" lon="-121.9586705"/>
  <node id="1107726971" lat="37.3534454" lon="-121.9575742"/>
  <node id="1107726972" lat="37.3549753" lon="-121.9581816"/>
  <node id="1107726974" lat="37.3545727" lon="-121.9572533"/>
  <node id="1107787855" lat="37.3529376" lon="-121.9594340"/>
  <node id="1107787949" lat="37.3524397" lon="-121.9598639"/>
  <node id="1123102907" lat="37.3584326" lon="-121.9595747"/>
  <node id="1123102916" lat="37.3584159" lon="-121.9587711"/>
  <node id="1123102918" lat="37.3581606" lon="-121.9583167"/>
  <node id="1123102930" lat="37.3583222" lon="-121.9583156"/>
  <node id="1123102934" lat="37.3582854" lon="-121.9587745"/>
  <node id="1123102935" lat="37.3586601" lon="-121.9583729"/>
  <node id="1123102940" lat="37.3582129" lon="-121.9587963"/>
  <node id="1123102956" lat="37.3580673" lon="-121.9585842"/>
  <node id="1123102964" lat="37.3580944" lon="-121.9583705"/>
  <node id="1123102965" lat="37.3586854" lon="-121.9587331"/>
  <node id="1123102975" lat="37.3586269" lon="-121.9587696"/>
  <node id="2560365196" lat="37.3534611" lon="-121.9567803"/>
  <node id="2560365199" lat="37.3538650" lon="-121.9567848"/>
  <node id="2560365201" lat="37.3550511" lon="-121.9571573"/>
  <node id="2560365204" lat="37.3554958" lon="-121.9564394"/>
  <node id="2857450009" lat="37.3524471" lon="-121.9571110"/>
  <node id="2857450010" lat="37.3524484" lon="-121.9565329"/>
  <node id="2857450036" lat="37.3526541" lon="-121.9565334"/>
  <node id="2857450076" lat="37.3529195" lon="-121.9571193"/>
  <node id="2857450077" lat="37.3529196" lon="-121.9565341"/>
  <node id="2857450912" lat="37.3530765" lon="-121.9565345"/>
  <node id="2857450918" lat="37.3530921" lon="-121.9571223"/>
  <node id="2857450919" lat="37.3530948" lon="-121.9565345"/>
  <node id="2857450922" lat="37.3532504" lon="-121.9565349"/>
  <node id="2857450933" lat="37.3534603" lon="-121.9565354"/>
  <node id="2857450934" lat="37.3534793" lon="-121.9571290"/>
  <node id="2857450935" lat="37.3536318" lon="-121.9572277"/>
  <node id="2933573106" lat="37.3534330" lon="-121.9597349"/>
  <node id="2933573107" lat="37.3534703" lon="-121.9585956"/>
  <node id="2933573108" lat="37.3534919" lon="-121.9573321"/>
  <node id="2933573109" lat="37.3538732" lon="-121.9593985"/>
  <node id="2933573114" lat="37.3553450" lon="-121.9595526"/>
  <node id="2933573115" lat="37.3558341" lon="-121.9584788"/>
  <node id="2933573116" lat="37.3561068" lon="-121.9573467"/>
  <node id="2933573117" lat="37.3561308" lon="-121.9576896"/>
  <node id="2933573118" lat="37.3561692" lon="-121.9575347"/>
  <node id="2933573119" lat="37.3564937" lon="-121.9595603"/>
  <node id="2933577337" lat="37.3551554" lon="-121.9595522"/>
  <node id="2933577338" lat="37.3551573" lon="-121.9593303"/>
  <node id="2933577339" lat="37.3551687" lon="-121.9584260"/>
  <node id="3643144313" lat="37.3558222" lon="-121.9585389"/>
  <node id="3643144314" lat="37.3571669" lon="-121.9585598"/>
  <node id="3643144315" lat="37.3572109" lon="-121.9585507"/>
  <node id="3643144316" lat="37.3572497" lon="-121.9584871"/>
  <node id="3643144317" lat="37.3572351" lon="-121.9576787"/>
  <node id="3643144318" lat="37.3572967" lon="-121.9572756"/>
  <node id="3643144319" lat="37.3573070" lon="-121.9572072"/>
  <node id="3643144320" lat="37.3573548" lon="-121.9561643"/>
  <node id="3749664351" lat="37.3524429" lon="-121.9608675"/>
  <node id="4104335662" lat="37.3557706" lon="-121.9590448"/>
  <node id="4169821892" lat="37.3587962" lon="-121.9595747"/>
  <node id="4170423431" lat="37.3523003" lon="-121.9604266"/>
  <node id="4170423432" lat="37.3523061" lon="-121.9577213"/>
  <node id="4170423435" lat="37.3524433" lon="-121.9581411"/>
  <node id="4170423436" lat="37.3524483" lon="-121.9565971"/>
  <node id="4181885889" lat="37.3530088" lon="-121.9595189"/>
  <node id="4181885890" lat="37.3531557" lon="-121.9595251"/>
  <node id="4618708205" lat="37.3574025" lon="-121.9601378"/>
  <node id="4772457993" lat="37.3581649" lon="-121.9582723"/>
  <node id="4877499569" lat="37.3522986" lon="-121.9593215"/>
  <node id="4877499600" lat="37.3526602" lon="-121.9595680"/>
  <node id="4877499604" lat="37.3526807" lon="-121.9594172"/>
  <node id="4877499722" lat="37.3535225" lon="-121.9595469"/>
  <node id="4913409617" lat="37.3540659" lon="-121.9564417"/>
  <node id="4951308870" lat="37.3574043" lon="-121.9607051"/>
  <node id="4951308874" lat="37.3574048" lon="-121.9608352"/>
  <node id="4951309155" lat="37.3563930" lon="-121.9563331"/>
  <node id="4951309156" lat="37.3563861" lon="-121.9569648"/>
  <node id="5000958021" lat="37.3556831" lon="-121.9604328"/>
  <node id="5000958022" lat="37.3535564" lon="-121.9604405"/>
  <node id="5000958023" lat="37.3535181" lon="-121.9604216"/>
  <node id="5041442783" lat="37.3524393" lon="-121.9595503"/>
  <node id="5041442784" lat="37.3522928" lon="-121.9595384"/>
  <node id="5041442786" lat="37.3529273" lon="-121.9595801"/>
  <node id="5915034700" lat="37.3523004" lon="-121.9589398"/>
  <node id="5930370493" lat="37.3550610" lon="-121.9564859"/>
  <node id="5930370494" lat="37.3548512" lon="-121.9564784"/>
  <node id="5930370495" lat="37.3544083" lon="-121.9564716"/>
  <node id="6009776761" lat="37.3556791" lon="-121.9595521"/>
  <node id="6009776765" lat="37.3557241" lon="-121.9559723"/>
  <node id="6009776766" lat="37.3557257" lon="-121.9565221"/>
  <node id="6009776768" lat="37.3557643" lon="-121.9597058"/>
  <node id="6009776769" lat="37.3557658" lon="-121.9593572"/>
  <node id="6009776774" lat="37.3558838" lon="-121.9595579"/>
  <node id="6009776778" lat="37.3559994" lon="-121.9580419"/>
  <node id="6009776783" lat="37.3560367" lon="-121.9563489"/>
  <node id="6009776887" lat="37.3561226" lon="-121.9581097"/>
  <node id="6009776888" lat="37.3561263" lon="-121.9585456"/>
  <node id="6009776893" lat="37.3561996" lon="-121.9569668"/>
  <node id="6009776894" lat="37.3562010" lon="-121.9565628"/>
  <node id="6009776900" lat="37.3562626" lon="-121.9585486"/>
  <node id="6009776901" lat="37.3562659" lon="-121.9585487"/>
  <node id="6009776908" lat="37.3563905" lon="-121.9565591"/>
  <node id="6009776915" lat="37.3568161" lon="-121.9585555"/>
  <node id="6009776927" lat="37.3571217" lon="-121.9585592"/>
  <node id="6009776931" lat="37.3572431" lon="-121.9582380"/>
  <node id="6009776934" lat="37.3573254" lon="-121.9570605"/>
  <node id="6009776938" lat="37.3573422" lon="-121.9565476"/>
  <node id="6009776939" lat="37.3573755" lon="-121.9560226"/>
  <node id="6473973601" lat="37.3525341" lon="-121.9576597"/>
  <node id="6473973602" lat="37.3525280" lon="-121.9591103"/>
  <node id="6473973603" lat="37.3525403" lon="-121.9591716"/>
  <node id="6473973604" lat="37.3525559" lon="-121.9592170"/>
  <node id="6473973605" lat="37.3525884" lon="-121.9592717"/>
  <node id="6473973606" lat="37.3526291" lon="-121.9593071"/>
  <node id="6473973607" lat="37.3526756" lon="-121.9593368"/>
  <node id="6473973608" lat="37.3527402" lon="-121.9593457"/>
  <node id="6473973609" lat="37.3535303" lon="-121.9594106"/>
  <node id="6473973610" lat="37.3540857" lon="-121.9594227"/>
  <node id="6473973611" lat="37.3544033" lon="-121.9594281"/>
  <node id="6473973612" lat="37.3550565" lon="-121.9594210"/>
  <node id="6473973613" lat="37.3555495" lon="-121.9594217"/>
  <node id="6473973614" lat="37.3555912" lon="-121.9594102"/>
  <node id="6473973615" lat="37.3556426" lon="-121.9593764"/>
  <node id="6473973616" lat="37.3556712" lon="-121.9593354"/>
  <node id="6473973617" lat="37.3556917" lon="-121.9592880"/>
  <node id="6473973618" lat="37.3556986" lon="-121.9592212"/>
  <node id="6473973619" lat="37.3557009" lon="-121.9588503"/>
  <node id="6473973620" lat="37.3557249" lon="-121.9586354"/>
  <node id="6473973621" lat="37.3557711" lon="-121.9584148"/>
  <node id="6473973622" lat="37.3558368" lon="-121.9582280"/>
  <node id="6473973623" lat="37.3559105" lon="-121.9580591"/>
  <node id="6473973624" lat="37.3559717" lon="-121.9579326"/>
  <node id="6473973625" lat="37.3560179" lon="-121.9578248"/>
  <node id="6473973626" lat="37.3560665" lon="-121.9576695"/>
  <node id="6473973627" lat="37.3560870" lon="-121.9575747"/>
  <node id="6473973628" lat="37.3560910" lon="-121.9575337"/>
  <node id="6473973629" lat="37.3560876" lon="-121.9575014"/>
  <node id="6473973630" lat="37.3560728" lon="-121.9574697"/>
  <node id="6473973631" lat="37.3560602" lon="-121.9574561"/>
  <node id="6473973632" lat="37.3560236" lon="-121.9574424"/>
  <node id="6473973633" lat="37.3554581" lon="-121.9574317"/>
  <node id="6473973634" lat="37.3552324" lon="-121.9574094"/>
  <node id="6473973635" lat="37.3550102" lon="-121.9573900"/>
  <node id="6473973636" lat="37.3549205" lon="-121.9573835"/>
  <node id="6473973637" lat="37.3545858" lon="-121.9573512"/>
  <node id="6473973638" lat="37.3542801" lon="-121.9573181"/>
  <node id="6473973639" lat="37.3537808" lon="-121.9573174"/>
  <node id="6473973640" lat="37.3536277" lon="-121.9573167"/>
  <node id="6473973641" lat="37.3535689" lon="-121.9573102"/>
  <node id="6473973642" lat="37.3535092" lon="-121.9572874"/>
  <node id="6473973643" lat="37.3534586" lon="-121.9572326"/>
  <node id="6473973644" lat="37.3534255" lon="-121.9571830"/>
  <node id="6473973645" lat="37.3534026" lon="-121.9571277"/>
  <node id="6473973646" lat="37.3533912" lon="-121.9570687"/>
  <node id="6473973647" lat="37.3533912" lon="-121.9565352"/>
  <node id="6473973649" lat="37.3525349" lon="-121.9571125"/>
  <node id="6473973651" lat="37.3525358" lon="-121.9565331"/>
  <node id="6473973653" lat="37.3551565" lon="-121.9594211"/>
  <node id="6473973654" lat="37.3545728" lon="-121.9573498"/>
  <node id="6543794736" lat="37.3525253" lon="-121.9617960"/>
  <node id="6543822926" lat="37.3524376" lon="-121.9593300"/>
  <node id="6543822927" lat="37.3525330" lon="-121.9593450"/>
  <node id="6543822928" lat="37.3525324" lon="-121.9594150"/>
  <node id="6543822929" lat="37.3525346" lon="-121.9595560"/>
  <node id="6543822930" lat="37.3525343" lon="-121.9596346"/>
  <node id="6543822931" lat="37.3525842" lon="-121.9597014"/>
  <node id="6543822932" lat="37.3525589" lon="-121.9596682"/>
  <node id="6543822933" lat="37.3525602" lon="-121.9593094"/>
  <node id="6543822934" lat="37.3524402" lon="-121.9596280"/>
  <node id="6543822935" lat="37.3523862" lon="-121.9596246"/>
  <node id="6543822936" lat="37.3522936" lon="-121.9596300"/>
  <node id="6546454207" lat="37.3525272" lon="-121.9623816"/>
  <node id="6546454208" lat="37.3525272" lon="-121.9610884"/>
  <node id="6546454209" lat="37.3525272" lon="-121.9606029"/>
  <node id="6546454210" lat="37.3525248" lon="-121.9598927"/>
  <node id="6546454211" lat="37.3525355" lon="-121.9597998"/>
  <node id="6546454212" lat="37.3525594" lon="-121.9597339"/>
  <node id="6546454213" lat="37.3526249" lon="-121.9596664"/>
  <node id="6546454214" lat="37.3526904" lon="-121.9596574"/>
  <node id="6546454215" lat="37.3528333" lon="-121.9596649"/>
  <node id="6546454216" lat="37.3529244" lon="-121.9596753"/>
  <node id="6546454217" lat="37.3530846" lon="-121.9596889"/>
  <node id="6546454218" lat="37.3533681" lon="-121.9597054"/>
  <node id="6546454220" lat="37.3525271" lon="-121.9623494"/>
  <node id="6546454221" lat="37.3525258" lon="-121.9601840"/>
  <node id="6546454222" lat="37.3534972" lon="-121.9603779"/>
  <node id="6546454223" lat="37.3534972" lon="-121.9601907"/>
  <node id="6546454224" lat="37.3534963" lon="-121.9599847"/>
  <node id="6546454225" lat="37.3534950" lon="-121.9597484"/>
  <node id="6546454226" lat="37.3535073" lon="-121.9597152"/>
  <node id="6546454227" lat="37.3535192" lon="-121.9596981"/>
  <node id="6546454228" lat="37.3535433" lon="-121.9596953"/>
  <node id="6546454229" lat="37.3536566" lon="-121.9596920"/>
  <node id="6546454230" lat="37.3545964" lon="-121.9596992"/>
  <node id="6546454231" lat="37.3554860" lon="-121.9597046"/>
  <node id="6546454232" lat="37.3556536" lon="-121.9596943"/>
  <node id="6546454233" lat="37.3556792" lon="-121.9596991"/>
  <node id="6546454234" lat="37.3557082" lon="-121.9597221"/>
  <node id="6546454235" lat="37.3557223" lon="-121.9597682"/>
  <node id="6546454236" lat="37.3557246" lon="-121.9603472"/>
  <node id="6546454237" lat="37.3557208" lon="-121.9603731"/>
  <node id="6546454238" lat="37.3557086" lon="-121.9604091"/>
  <node id="6546454239" lat="37.3556978" lon="-121.9604234"/>
  <node id="6546454240" lat="37.3557174" lon="-121.9603897"/>
  <node id="6546454241" lat="37.3556938" lon="-121.9597107"/>
  <node id="6546454242" lat="37.3556599" lon="-121.9593516"/>
  <node id="6546454243" lat="37.3558530" lon="-121.9597111"/>
  <node id="6546454244" lat="37.3559167" lon="-121.9593894"/>
  <node id="6546454245" lat="37.3558960" lon="-121.9593581"/>
  <node id="6546454246" lat="37.3558728" lon="-121.9593200"/>
  <node id="6546454247" lat="37.3558597" lon="-121.9592667"/>
  <node id="6546454248" lat="37.3558597" lon="-121.9590286"/>
  <node id="6546454249" lat="37.3558607" lon="-121.9589171"/>
  <node id="6546454250" lat="37.3558657" lon="-121.9588195"/>
  <node id="6546454251" lat="37.3559010" lon="-121.9585889"/>
  <node id="6546454252" lat="37.3559609" lon="-121.9583585"/>
  <node id="6546454253" lat="37.3560303" lon="-121.9581760"/>
  <node id="6546454254" lat="37.3561137" lon="-121.9579919"/>
  <node id="6546454255" lat="37.3561879" lon="-121.9578117"/>
  <node id="6546454256" lat="37.3562300" lon="-121.9576549"/>
  <node id="6546454257" lat="37.3562486" lon="-121.9575669"/>
  <node id="6546454258" lat="37.3562764" lon="-121.9573874"/>
  <node id="6546454259" lat="37.3562796" lon="-121.9571921"/>
  <node id="6546454260" lat="37.3562815" lon="-121.9569659"/>
  <node id="6546454261" lat="37.3562801" lon="-121.9567451"/>
  <node id="6546454262" lat="37.3562810" lon="-121.9565612"/>
  <node id="6546454263" lat="37.3562704" lon="-121.9563533"/>
  <node id="6546454264" lat="37.3562439" lon="-121.9561033"/>
  <node id="6546454265" lat="37.3562435" lon="-121.9560333"/>
  <node id="6546454266" lat="37.3562574" lon="-121.9560013"/>
  <node id="6546454267" lat="37.3562856" lon="-121.9559710"/>
  <node id="6546454271" lat="37.3569367" lon="-121.9559439"/>
  <node id="6546454272" lat="37.3573490" lon="-121.9559471"/>
  <node id="6546454358" lat="37.3559135" lon="-121.9585409"/>
  <node id="6546454359" lat="37.3560728" lon="-121.9580823"/>
  <node id="6546454369" lat="37.3584340" lon="-121.9594609"/>
  <node id="6546454370" lat="37.3578305" lon="-121.9594701"/>
  <node id="6546454371" lat="37.3576955" lon="-121.9594673"/>
  <node id="6546454372" lat="37.3576189" lon="-121.9594626"/>
  <node id="6546454373" lat="37.3573225" lon="-121.9594664"/>
  <node id="6546454374" lat="37.3573095" lon="-121.9594265"/>
  <node id="6546454375" lat="37.3568326" lon="-121.9594310"/>
  <node id="6546454376" lat="37.3562856" lon="-121.9594319"/>
  <node id="6546454377" lat="37.3559768" lon="-121.9594265"/>
  <node id="6546454378" lat="37.3559385" lon="-121.9594101"/>
  <node id="6546454379" lat="37.3560996" lon="-121.9573465"/>
  <node id="6546454380" lat="37.3561058" lon="-121.9572447"/>
  <node id="6546559138" lat="37.3561253" lon="-121.9572091"/>
  <node id="6546559139" lat="37.3561301" lon="-121.9571435"/>
  <node id="6546559140" lat="37.3561295" lon="-121.9566161"/>
  <node id="6546559141" lat="37.3561264" lon="-121.9564750"/>
  <node id="6546559142" lat="37.3561168" lon="-121.9563497"/>
  <node id="6546559143" lat="37.3560902" lon="-121.9561320"/>
  <node id="6546559144" lat="37.3560748" lon="-121.9560551"/>
  <node id="6546559173" lat="37.3535399" lon="-121.9564476"/>
  <node id="6546559174" lat="37.3535394" lon="-121.9567812"/>
  <node id="6546559175" lat="37.3535404" lon="-121.9570540"/>
  <node id="6546559176" lat="37.3535516" lon="-121.9570927"/>
  <node id="6546559177" lat="37.3535601" lon="-121.9571068"/>
  <node id="6546559178" lat="37.3535840" lon="-121.9571248"/>
  <node id="6546559179" lat="37.3537094" lon="-121.9571315"/>
  <node id="6546559180" lat="37.3542440" lon="-121.9571328"/>
  <node id="6546559181" lat="37.3543849" lon="-121.9571462"/>
  <node id="6546559182" lat="37.3550508" lon="-121.9572097"/>
  <node id="6546559183" lat="37.3553585" lon="-121.9572385"/>
  <node id="6546559184" lat="37.3555631" lon="-121.9572579"/>
  <node id="6546561885" lat="37.3556284" lon="-121.9572572"/>
  <node id="6546561886" lat="37.3560695" lon="-121.9572552"/>
  <node id="6546561887" lat="37.3554860" lon="-121.9572506"/>
  <node id="6546561888" lat="37.3542962" lon="-121.9571378"/>
  <node id="6630619988" lat="37.3535281" lon="-121.9604265"/>
  <node id="6630619989" lat="37.3534341" lon="-121.9596805"/>
  <node id="6630619990" lat="37.3535113" lon="-121.9597094"/>
  <node id="6685748171" lat="37.3558826" lon="-121.9597003"/>
  <node id="6685748172" lat="37.3572390" lon="-121.9596949"/>
  <node id="6685748173" lat="37.3572747" lon="-121.9596980"/>
  <node id="6685748174" lat="37.3572952" lon="-121.9597035"/>
  <node id="6685748175" lat="37.3573265" lon="-121.9597479"/>
  <node id="6685748176" lat="37.3573382" lon="-121.9597823"/>
  <node id="6685748177" lat="37.3573450" lon="-121.9598181"/>
  <node id="6685748178" lat="37.3573538" lon="-121.9610902"/>
  <node id="6685748179" lat="37.3573478" lon="-121.9611291"/>
  <node id="6685748180" lat="37.3573277" lon="-121.9611675"/>
  <node id="6685748181" lat="37.3573048" lon="-121.9611887"/>
  <node id="6685748182" lat="37.3572763" lon="-121.9612043"/>
  <node id="6685748183" lat="37.3566273" lon="-121.9612033"/>
  <node id="6685748184" lat="37.3565932" lon="-121.9611866"/>
  <node id="6685760385" lat="37.3565538" lon="-121.9611639"/>
  <node id="6685760386" lat="37.3565185" lon="-121.9611644"/>
  <node id="6685760387" lat="37.3564852" lon="-121.9611811"/>
  <node id="6685760388" lat="37.3564563" lon="-121.9612109"/>
  <node id="6685760389" lat="37.3564414" lon="-121.9612528"/>
  <node id="6685760390" lat="37.3564390" lon="-121.9612846"/>
  <node id="6685760391" lat="37.3564410" lon="-121.9613129"/>
  <node id="6685760392" lat="37.3564474" lon="-121.9613402"/>
  <node id="6685760393" lat="37.3564599" lon="-121.9613634"/>
  <node id="6685760394" lat="37.3564679" lon="-121.9613902"/>
  <node id="6685760395" lat="37.3564747" lon="-121.9614240"/>
  <node id="6685760432" lat="37.3558293" lon="-121.9601635"/>
  <node id="6685760433" lat="37.3558297" lon="-121.9597777"/>
  <node id="6685760434" lat="37.3558397" lon="-121.9597348"/>
  <node id="6685760435" lat="37.3573520" lon="-121.9608355"/>
  <node id="6685760436" lat="37.3573472" lon="-121.9601367"/>
  <node id="6685760460" lat="37.3573349" lon="-121.9611537"/>
  <node id="6685760462" lat="37.3573215" lon="-121.9597409"/>
  <node id="6685760463" lat="37.3573222" lon="-121.9595787"/>
  <node id="6698263454" lat="37.3587312" lon="-121.9603077"/>
  <node id="6698280527" lat="37.3587779" lon="-121.9602690"/>
  <node id="6698280535" lat="37.3575630" lon="-121.9596912"/>
  <node id="6698280536" lat="37.3575309" lon="-121.9597042"/>
  <node id="6698280537" lat="37.3575023" lon="-121.9597316"/>
  <node id="6698280538" lat="37.3574879" lon="-121.9597539"/>
  <node id="6698280539" lat="37.3574776" lon="-121.9597921"/>
  <node id="6698280549" lat="37.3581167" lon="-121.9606870"/>
  <node id="6698280550" lat="37.3581196" lon="-121.9606185"/>
  <node id="6698280551" lat="37.3581356" lon="-121.9605558"/>
  <node id="6698280552" lat="37.3581631" lon="-121.9604996"/>
  <node id="6698280553" lat="37.3581923" lon="-121.9604607"/>
  <node id="6698280554" lat="37.3582256" lon="-121.9604269"/>
  <node id="6698280555" lat="37.3582765" lon="-121.9603980"/>
  <node id="6698280556" lat="37.3583235" lon="-121.9603858"/>
  <node id="6698280557" lat="37.3584621" lon="-121.9603858"/>
  <node id="6698280558" lat="37.3585228" lon="-121.9603836"/>
  <node id="6698280559" lat="37.3585938" lon="-121.9603728"/>
  <node id="6698280560" lat="37.3586590" lon="-121.9603461"/>
  <node id="6698280561" lat="37.3587076" lon="-121.9603236"/>
  <node id="6698280562" lat="37.3574795" lon="-121.9607024"/>
  <node id="6698280563" lat="37.3575294" lon="-121.9594575"/>
  <node id="6698280564" lat="37.3575287" lon="-121.9595795"/>
  <node id="6698280565" lat="37.3574142" lon="-121.9597321"/>
  <node id="6703688685" lat="37.3524400" lon="-121.9604503"/>
  <node id="6860605036" lat="37.3524450" lon="-121.9577015"/>
  <node id="6860605037" lat="37.3529288" lon="-121.9577011"/>
  <node id="6860605038" lat="37.3529288" lon="-121.9579620"/>
  <node id="6860605039" lat="37.3525343" lon="-121.9577014"/>
  <node id="6878214642" lat="37.3571991" lon="-121.9595803"/>
  <node id="6878214643" lat="37.3571963" lon="-121.9594276"/>
  <node id="6878214644" lat="37.3571812" lon="-121.9587467"/>
  <node id="6878214645" lat="37.3563046" lon="-121.9595569"/>
  <node id="6878214646" lat="37.3563044" lon="-121.9594319"/>
  <node id="6878214647" lat="37.3563035" lon="-121.9587441"/>
  <node id="6878214648" lat="37.3563043" lon="-121.9593045"/>
  <node id="6878214649" lat="37.3571937" lon="-121.9593128"/>
  <node id="6878671349" lat="37.3524403" lon="-121.9587754"/>
  <node id="6878671350" lat="37.3525295" lon="-121.9587670"/>
  <node id="6878671351" lat="37.3528776" lon="-121.9587718"/>
  <node id="6878671352" lat="37.3529137" lon="-121.9588100"/>
  <node id="6878671353" lat="37.3529174" lon="-121.9593603"/>
  <node id="6878671354" lat="37.3529175" lon="-121.9594327"/>
  <node id="6878671355" lat="37.3524430" lon="-121.9582123"/>
  <node id="6878671356" lat="37.3525665" lon="-121.9582236"/>
  <node id="6878671357" lat="37.3526420" lon="-121.9581670"/>
  <node id="6878671358" lat="37.3529115" lon="-121.9581721"/>
  <node id="6878671359" lat="37.3529282" lon="-121.9581872"/>
  <node id="6878671360" lat="37.3529411" lon="-121.9582317"/>
  <node id="6878671361" lat="37.3529377" lon="-121.9583233"/>
  <node id="6878671362" lat="37.3529187" lon="-121.9583430"/>
  <node id="6878671363" lat="37.3526376" lon="-121.9583421"/>
  <node id="6878671364" lat="37.3525320" lon="-121.9582204"/>
  <node id="6878671365" lat="37.3527389" lon="-121.9581688"/>
  <node id="6878671366" lat="37.3527817" lon="-121.9581432"/>
  <node id="6878671367" lat="37.3529395" lon="-121.9581400"/>
  <node id="6878671368" lat="37.3529777" lon="-121.9581698"/>
  <node id="6878671369" lat="37.3529818" lon="-121.9585752"/>
  <node id="6878671370" lat="37.3529668" lon="-121.9586064"/>
  <node id="6878671371" lat="37.3529369" lon="-121.9586219"/>
  <node id="6878671372" lat="37.3526946" lon="-121.9586258"/>
  <node id="6878671373" lat="37.3526642" lon="-121.9586012"/>
  <node id="6878671374" lat="37.3526528" lon="-121.9585415"/>
  <node id="6878671375" lat="37.3524463" lon="-121.9573358"/>
  <node id="6878671376" lat="37.3525346" lon="-121.9573334"/>
  <node id="6878671377" lat="37.3529887" lon="-121.9573302"/>
  <node id="6933480438" lat="37.3581401" lon="-121.9587564"/>
  <node id="6933480439" lat="37.3580814" lon="-121.9586894"/>
  <node id="6933480440" lat="37.3580667" lon="-121.9584665"/>
  <node id="6933480441" lat="37.3583783" lon="-121.9583591"/>
  <node id="6933480442" lat="37.3583799" lon="-121.9586936"/>
  <node id="6933480443" lat="37.3585438" lon="-121.9587702"/>
  <node id="6933480444" lat="37.3585409" lon="-121.9583685"/>
  <node id="6933480445" lat="37.3582059" lon="-121.9583164"/>
  <node id="6933480446" lat="37.3586348" lon="-121.9593198"/>
  <node id="6933480482" lat="37.3584356" lon="-121.9591637"/>
  <node id="6933480483" lat="37.3584370" lon="-121.9589229"/>
  <node id="6933490188" lat="37.3585350" lon="-121.9593332"/>
  <node id="6933490189" lat="37.3584793" lon="-121.9593330"/>
  <node id="6933490190" lat="37.3584803" lon="-121.9588602"/>
  <node id="6933490191" lat="37.3583967" lon="-121.9588629"/>
  <node id="6933490192" lat="37.3584373" lon="-121.9588616"/>
  <node id="6933490193" lat="37.3583738" lon="-121.9594618"/>
  <node id="6933490194" lat="37.3583848" lon="-121.9594416"/>
  <node id="6933490195" lat="37.3583998" lon="-121.9593423"/>
  <node id="6933490196" lat="37.3584014" lon="-121.9593155"/>
  <node id="6933490197" lat="37.3583904" lon="-121.9588411"/>
  <node id="6933490198" lat="37.3583825" lon="-121.9588282"/>
  <node id="6933490199" lat="37.3583732" lon="-121.9588204"/>
  <node id="6933490200" lat="37.3583604" lon="-121.9588154"/>
  <node id="6933490201" lat="37.3583461" lon="-121.9588117"/>
  <node id="6933490202" lat="37.3583293" lon="-121.9588129"/>
  <node id="6933490203" lat="37.3582645" lon="-121.9588545"/>
  <node id="6933490204" lat="37.3582417" lon="-121.9588583"/>
  <node id="6933490205" lat="37.3582179" lon="-121.9588595"/>
  <node id="6933490206" lat="37.3581967" lon="-121.9588595"/>
  <node id="6933490207" lat="37.3581742" lon="-121.9588537"/>
  <node id="6933490208" lat="37.3581547" lon="-121.9588404"/>
  <node id="6933490209" lat="37.3581385" lon="-121.9588283"/>
  <node id="6933490210" lat="37.3581230" lon="-121.9588158"/>
  <node id="6933490211" lat="37.3580989" lon="-121.9587909"/>
  <node id="6933490212" lat="37.3580830" lon="-121.9587655"/>
  <node id="6933490213" lat="37.3580645" lon="-121.9587339"/>
  <node id="6933490214" lat="37.3580486" lon="-121.9586894"/>
  <node id="6933490215" lat="37.3580367" lon="-121.9586437"/>
  <node id="6933490216" lat="37.3580304" lon="-121.9585921"/>
  <node id="6933490217" lat="37.3580308" lon="-121.9585633"/>
  <node id="6933490218" lat="37.3580308" lon="-121.9584653"/>
  <node id="6933490219" lat="37.3580357" lon="-121.9584303"/>
  <node id="6933490220" lat="37.3580526" lon="-121.9583808"/>
  <node id="6933490221" lat="37.3580698" lon="-121.9583417"/>
  <node id="6933490222" lat="37.3580890" lon="-121.9583180"/>
  <node id="6933490223" lat="37.3581177" lon="-121.9582927"/>
  <node id="6933490224" lat="37.3581471" lon="-121.9582769"/>
  <node id="6933490225" lat="37.3581417" lon="-121.9587818"/>
  <node id="6933490226" lat="37.3581298" lon="-121.9587084"/>
  <node id="6933490227" lat="37.3581172" lon="-121.9586627"/>
  <node id="6933490228" lat="37.3581125" lon="-121.9586211"/>
  <node id="6933490229" lat="37.3581085" lon="-121.9585049"/>
  <node id="6933490230" lat="37.3581109" lon="-121.9584761"/>
  <node id="6933490231" lat="37.3581156" lon="-121.9584345"/>
  <node id="6933490232" lat="37.3581235" lon="-121.9583977"/>
  <node id="6933490233" lat="37.3581440" lon="-121.9583739"/>
  <node id="6933490234" lat="37.3581543" lon="-121.9583799"/>
  <node id="6933490235" lat="37.3583373" lon="-121.9582713"/>
  <node id="6933490236" lat="37.3583460" lon="-121.9584007"/>
  <node id="6933490237" lat="37.3583413" lon="-121.9583304"/>
  <node id="6933490245" lat="37.3586059" lon="-121.9583722"/>
  <node id="6933490246" lat="37.3586114" lon="-121.9583187"/>
  <node id="6933490247" lat="37.3586213" lon="-121.9582951"/>
  <node id="6933490248" lat="37.3586257" lon="-121.9582704"/>
  <node id="6933490249" lat="37.3586275" lon="-121.9581164"/>
  <node id="6933490250" lat="37.3586266" lon="-121.9580265"/>
  <node id="6933490251" lat="37.3586177" lon="-121.9579759"/>
  <node id="6933490252" lat="37.3585971" lon="-121.9579422"/>
  <node id="6933490253" lat="37.3585775" lon="-121.9579366"/>
  <node id="6933490254" lat="37.3583113" lon="-121.9579298"/>
  <node id="6933490255" lat="37.3583980" lon="-121.9579320"/>
  <node id="6933490256" lat="37.3583953" lon="-121.9577354"/>
  <node id="6933490257" lat="37.3584122" lon="-121.9577095"/>
  <node id="6933490258" lat="37.3584649" lon="-121.9577084"/>
  <node id="6933490436" lat="37.3584012" lon="-121.9592906"/>
  <node id="6933490437" lat="37.3573906" lon="-121.9592893"/>
  <node id="6933490438" lat="37.3576223" lon="-121.9592896"/>
  <node id="6933490439" lat="37.3581220" lon="-121.9592903"/>
  <node id="6933490440" lat="37.3581209" lon="-121.9594657"/>
  <node id="7162653440" lat="37.3523030" lon="-121.9584490"/>
  <node id="7199575560" lat="37.3557775" lon="-121.9588605"/>
  <node id="7199575561" lat="37.3561167" lon="-121.9588584"/>
  <node id="7199575562" lat="37.3558636" lon="-121.9588609"/>
  <node id="7199575563" lat="37.3557691" lon="-121.9591459"/>
  <node id="7199575564" lat="37.3558597" lon="-121.9591517"/>
  <node id="7199575565" lat="37.3559232" lon="-121.9591517"/>
  <node id="7199575566" lat="37.3559636" lon="-121.9591597"/>
  <node id="7199575567" lat="37.3560127" lon="-121.9591801"/>
  <node id="7199575568" lat="37.3560565" lon="-121.9592476"/>
  <node id="7199575569" lat="37.3560762" lon="-121.9593181"/>
  <node id="7199575570" lat="37.3560761" lon="-121.9594282"/>
  <node id="7199575571" lat="37.3560727" lon="-121.9595579"/>
  <node id="7199575572" lat="37.3559518" lon="-121.9591574"/>
  <node id="7199575573" lat="37.3559505" lon="-121.9590792"/>
  <node id="7199575574" lat="37.3559502" lon="-121.9589854"/>
  <node id="7199575575" lat="37.3559491" lon="-121.9588600"/>
  <node id="7223827688" lat="37.3575723" lon="-121.9559518"/>
  <node id="7223827689" lat="37.3575815" lon="-121.9559911"/>
  <node id="7223827690" lat="37.3575937" lon="-121.9562191"/>
  <node id="7330843727" lat="37.3543455" lon="-121.9595504"/>
  <node id="7330843728" lat="37.3543455" lon="-121.9594271"/>
  <node id="7330843729" lat="37.3543451" lon="-121.9589184"/>
  <node id="7358477166" lat="37.3573382" lon="-121.9595803"/>
  <node id="7358477167" lat="37.3573386" lon="-121.9594657"/>
  <node id="7358477168" lat="37.3573430" lon="-121.9592769"/>
  <node id="7358477169" lat="37.3573361" lon="-121.9584705"/>
  <node id="7605140198" lat="37.3553296" lon="-121.9588408"/>
  <node id="7605140199" lat="37.3553374" lon="-121.9585008"/>
  <node id="7714867094" lat="37.3534806" lon="-121.9596818"/>
  <node id="7714867095" lat="37.3533911" lon="-121.9596818"/>
  <node id="7714867096" lat="37.3537184" lon="-121.9595490"/>
  <node id="7714867097" lat="37.3539609" lon="-121.9594250"/>
  <node id="7714867098" lat="37.3538047" lon="-121.9594270"/>
  <node id="7714867099" lat="37.3538729" lon="-121.9594326"/>
  <node id="7904840836" lat="37.3547483" lon="-121.9572662"/>
  <node id="7904840837" lat="37.3547525" lon="-121.9571246"/>
  <node id="7904840838" lat="37.3547539" lon="-121.9570518"/>
  <node id="7904840839" lat="37.3547739" lon="-121.9569629"/>
  <node id="7904840840" lat="37.3547932" lon="-121.9568497"/>
  <node id="7904840841" lat="37.3547932" lon="-121.9567930"/>
  <node id="7904840842" lat="37.3547996" lon="-121.9567724"/>
  <node id="7904840843" lat="37.3548075" lon="-121.9567634"/>
  <node id="7904840844" lat="37.3548160" lon="-121.9567571"/>
  <node id="7904840845" lat="37.3549417" lon="-121.9567625"/>
  <node id="7904840846" lat="37.3547508" lon="-121.9571811"/>
  <node id="8395240127" lat="37.3523079" lon="-121.9564459"/>
  <node id="8409478476" lat="37.3550523" lon="-121.9570662"/>
  <node id="8409478477" lat="37.3554891" lon="-121.9570772"/>
  <node id="8409478478" lat="37.3554908" lon="-121.9569075"/>
  <node id="8409478479" lat="37.3550546" lon="-121.9569025"/>
  <node id="8409478480" lat="37.3550571" lon="-121.9567198"/>
  <node id="8409478481" lat="37.3554927" lon="-121.9567185"/>
  <node id="8482666199" lat="37.3546251" lon="-121.9595507"/>
  <node id="8482666200" lat="37.3546262" lon="-121.9593456"/>
  <node id="8482666201" lat="37.3546392" lon="-121.9593022"/>
  <node id="8482666202" lat="37.3546557" lon="-121.9592757"/>
  <node id="8482666203" lat="37.3548490" lon="-121.9592631"/>
  <node id="8482666204" lat="37.3549021" lon="-121.9592751"/>
  <node id="8482666205" lat="37.3549191" lon="-121.9593085"/>
  <node id="8482666206" lat="37.3549207" lon="-121.9595514"/>
  <node id="8482666207" lat="37.3549199" lon="-121.9594225"/>
  <node id="8482666208" lat="37.3546258" lon="-121.9594256"/>
  <node id="8577144222" lat="37.3567482" lon="-121.9595755"/>
  <node id="8608701196" lat="37.3560774" lon="-121.9560679"/>
  <node id="8608701197" lat="37.3561519" lon="-121.9560522"/>
  <node id="10870925526" lat="37.3561916" lon="-121.9599786"/>
  <node id="10870925527" lat="37.3561916" lon="-121.9599151"/>
  <node id="10870925528" lat="37.3561926" lon="-121.9598849"/>
  <node id="10870925529" lat="37.3561967" lon="-121.9598586"/>
  <node id="10870925530" lat="37.3562028" lon="-121.9598316"/>
  <node id="10870925531" lat="37.3562161" lon="-121.9597995"/>
  <node id="10870925532" lat="37.3562212" lon="-121.9597846"/>
  <node id="10870925533" lat="37.3562246" lon="-121.9597591"/>
  <node id="10870925534" lat="37.3562279" lon="-121.9597293"/>
  <node id="10870925535" lat="37.3562283" lon="-121.9596985"/>
  <node id="10870925536" lat="37.3562319" lon="-121.9595563"/>
  <node id="11023456209" lat="37.3522995" lon="-121.9591367"/>
  <node id="11023456210" lat="37.3524385" lon="-121.9591375"/>
  <node id="11304727625" lat="37.3560201" lon="-121.9566187"/>
  <node id="11304727626" lat="37.3559464" lon="-121.9566185"/>
  <node id="12484071688" lat="37.3534390" lon="-121.9609644"/>
  <node id="12484071691" lat="37.3532877" lon="-121.9606776"/>
  <node id="12484071692" lat="37.3532924" lon="-121.9599838"/>
  <node id="12484071697" lat="37.3534391" lon="-121.9612864"/>
  <node id="12484071699" lat="37.3533210" lon="-121.9598297"/>
  <node id="12864291817" lat="37.3526170" lon="-121.9601857"/>
  <node id="12864291818" lat="37.3526246" lon="-121.9599693"/>
  <node id="12864291819" lat="37.3526739" lon="-121.9599207"/>
  <node id="12864291820" lat="37.3527415" lon="-121.9598540"/>
  <node id="12864291821" lat="37.3527999" lon="-121.9597964"/>
  <node id="12886393472" lat="37.3586594" lon="-121.9587607"/>
  <node id="12886393473" lat="37.3586827" lon="-121.9583814"/>
  <node id="12886393474" lat="37.3586923" lon="-121.9584082"/>
  <node id="13008475195" lat="37.3538942" lon="-121.9567923"/>
  <node id="13008475196" lat="37.3539230" lon="-121.9568030"/>
  <node id="13008475197" lat="37.3539464" lon="-121.9568097"/>
  <node id="13008475198" lat="37.3539645" lon="-121.9568084"/>
  <node id="13279151250" lat="37.3525344" lon="-121.9596041"/>
  <node id="13279151251" lat="37.3525160" lon="-121.9596333"/>
  <node id="13279151252" lat="37.3525439" lon="-121.9596477"/>
  <node id="13279151253" lat="37.3525327" lon="-121.9593775"/>
  <node id="13279151254" lat="37.3525149" lon="-121.9593422"/>
  <node id="13279151255" lat="37.3525393" lon="-121.9593367"/>
  <node id="13307813798" lat="37.3569325" lon="-121.9570675"/>
  <node id="13545265829" lat="37.3553161" lon="-121.9595525"/>
  <node id="13545265830" lat="37.3553132" lon="-121.9594213"/>
  <node id="13545265831" lat="37.3553147" lon="-121.9592522"/>
  <node id="13545265832" lat="37.3555411" lon="-121.9592521"/>
  <node id="13545265833" lat="37.3555782" lon="-121.9591840"/>
  <node id="13545265834" lat="37.3555760" lon="-121.9590439"/>
  <node id="13545265835" lat="37.3556997" lon="-121.9590430"/>
  <node id="26374416" lat="37.3526838" lon="-121.9518915"/>
  <node id="65438676" lat="37.3522859" lon="-121.9502609"/>
  <node id="65460301" lat="37.3558637" lon="-121.9493905"/>
  <node id="65460303" lat="37.3567421" lon="-121.9498756"/>
  <node id="65460305" lat="37.3576172" lon="-121.9503711"/>
  <node id="65460307" lat="37.3587565" lon="-121.9509801"/>
  <node id="65492859" lat="37.3562950" lon="-121.9510936"/>
  <node id="65492862" lat="37.3558874" lon="-121.9522443"/>
  <node id="65492865" lat="37.3555630" lon="-121.9531584"/>
  <node id="65492867" lat="37.3554899" lon="-121.9542247"/>
  <node id="65492869" lat="37.3558804" lon="-121.9553235"/>
  <node id="65492871" lat="37.3561227" lon="-121.9559149"/>
  <node id="65493361" lat="37.3534558" lon="-121.9551689"/>
  <node id="65493364" lat="37.3533098" lon="-121.9543268"/>
  <node id="65493370" lat="37.3541348" lon="-121.9512842"/>
  <node id="65493374" lat="37.3545362" lon="-121.9501219"/>
  <node id="65532721" lat="37.3586502" lon="-121.9499215"/>
  <node id="65572027" lat="37.3579046" lon="-121.9544649"/>
  <node id="65572028" lat="37.3586282" lon="-121.9548869"/>
  <node id="65574616" lat="37.3573674" lon="-121.9511014"/>
  <node id="65574619" lat="37.3571871" lon="-121.9515966"/>
  <node id="65574622" lat="37.3568268" lon="-121.9527716"/>
  <node id="65574624" lat="37.3565354" lon="-121.9536988"/>
  <node id="65576991" lat="37.3554244" lon="-121.9506031"/>
  <node id="65576993" lat="37.3550105" lon="-121.9517461"/>
  <node id="65576995" lat="37.3542209" lon="-121.9539471"/>
  <node id="65585226" lat="37.3579520" lon="-121.9514257"/>
  <node id="65595826" lat="37.3581903" lon="-121.9534814"/>
  <node id="65595827" lat="37.3578758" lon="-121.9551717"/>
  <node id="65595830" lat="37.3578460" lon="-121.9554386"/>
  <node id="65595832" lat="37.3575230" lon="-121.9558382"/>
  <node id="65654490" lat="37.3573647" lon="-121.9541166"/>
  <node id="65670923" lat="37.3557311" lon="-121.9559206"/>
  <node id="282812927" lat="37.3584665" lon="-121.9495200"/>
  <node id="282813008" lat="37.3535181" lon="-121.9495313"/>
  <node id="282813023" lat="37.3531040" lon="-121.9507053"/>
  <node id="282813027" lat="37.3536526" lon="-121.9496032"/>
  <node id="282813043" lat="37.3532309" lon="-121.9507733"/>
  <node id="282813048" lat="37.3523779" lon="-121.9531218"/>
  <node id="282813059" lat="37.3523143" lon="-121.9545140"/>
  <node id="282813078" lat="37.3523079" lon="-121.9558524"/>
  <node id="282813089" lat="37.3524571" lon="-121.9546106"/>
  <node id="282818670" lat="37.3572428" lon="-121.9530059"/>
  <node id="282818671" lat="37.3578064" lon="-121.9531814"/>
  <node id="282818692" lat="37.3581104" lon="-121.9544877"/>
  <node id="282818693" lat="37.3583779" lon="-121.9546875"/>
  <node id="282818712" lat="37.3580069" lon="-121.9538127"/>
  <node id="282818713" lat="37.3579334" lon="-121.9540586"/>
  <node id="282818851" lat="37.3554777" lon="-121.9536173"/>
  <node id="282818902" lat="37.3540193" lon="-121.9554679"/>
  <node id="282818903" lat="37.3543965" lon="-121.9556103"/>
  <node id="282818904" lat="37.3547917" lon="-121.9556982"/>
  <node id="282818905" lat="37.3551175" lon="-121.9556859"/>
  <node id="282818906" lat="37.3554283" lon="-121.9555977"/>
  <node id="650853959" lat="37.3555945" lon="-121.9546547"/>
  <node id="1078231518" lat="37.3543352" lon="-121.9536091"/>
  <node id="1078266598" lat="37.3557629" lon="-121.9543933"/>
  <node id="1078266599" lat="37.3534748" lon="-121.9532189"/>
  <node id="1078266601" lat="37.3561120" lon="-121.9545153"/>
  <node id="1078266607" lat="37.3552455" lon="-121.9538801"/>
  <node id="1078266612" lat="37.3535117" lon="-121.9539119"/>
  <node id="1078266614" lat="37.3542840" lon="-121.9537600"/>
  <node id="1078266616" lat="37.3558817" lon="-121.9539470"/>
  <node id="1078266626" lat="37.3558425" lon="-121.9546914"/>
  <node id="1078266628" lat="37.3562367" lon="-121.9543898"/>
  <node id="1078266638" lat="37.3553376" lon="-121.9545362"/>
  <node id="1078266639" lat="37.3535244" lon="-121.9546170"/>
  <node id="1078266641" lat="37.3533628" lon="-121.9535841"/>
  <node id="1078266642" lat="37.3537928" lon="-121.9538250"/>
  <node id="1078266643" lat="37.3556798" lon="-121.9538355"/>
  <node id="1078266649" lat="37.3543167" lon="-121.9536636"/>
  <node id="1078266651" lat="37.3560095" lon="-121.9545919"/>
  <node id="1078266655" lat="37.3563642" lon="-121.9542135"/>
  <node id="1078266657" lat="37.3555015" lon="-121.9555638"/>
  <node id="1078266659" lat="37.3555498" lon="-121.9545027"/>
  <node id="1078266661" lat="37.3533594" lon="-121.9546864"/>
  <node id="1078266662" lat="37.3554710" lon="-121.9537263"/>
  <node id="1078266674" lat="37.3532315" lon="-121.9547950"/>
  <node id="1078266677" lat="37.3539923" lon="-121.9539436"/>
  <node id="1078266682" lat="37.3574157" lon="-121.9547941"/>
  <node id="1078266686" lat="37.3553293" lon="-121.9550904"/>
  <node id="1078266694" lat="37.3533342" lon="-121.9545607"/>
  <node id="1078266696" lat="37.3534137" lon="-121.9533981"/>
  <node id="1078266709" lat="37.3531711" lon="-121.9548203"/>
  <node id="1078266711" lat="37.3559402" lon="-121.9543723"/>
  <node id="1078266713" lat="37.3573983" lon="-121.9558664"/>
  <node id="1078266717" lat="37.3542626" lon="-121.9538231"/>
  <node id="1078266718" lat="37.3557504" lon="-121.9550225"/>
  <node id="1078266720" lat="37.3557130" lon="-121.9541353"/>
  <node id="1078266796" lat="37.3533360" lon="-121.9537342"/>
  <node id="1078266798" lat="37.3532883" lon="-121.9547347"/>
  <node id="1078266804" lat="37.3554676" lon="-121.9538396"/>
  <node id="1078266808" lat="37.3530210" lon="-121.9548481"/>
  <node id="1078266810" lat="37.3558987" lon="-121.9541597"/>
  <node id="1078266813" lat="37.3556257" lon="-121.9547453"/>
  <node id="1108397537" lat="37.3569276" lon="-121.9522899"/>
  <node id="1108397541" lat="37.3568140" lon="-121.9529279"/>
  <node id="1108397545" lat="37.3552247" lon="-121.9511552"/>
  <node id="1108397551" lat="37.3560824" lon="-121.9516798"/>
  <node id="1108397571" lat="37.3543218" lon="-121.9507428"/>
  <node id="1123102952" lat="37.3579526" lon="-121.9554600"/>
  <node id="1123102960" lat="37.3584632" lon="-121.9554292"/>
  <node id="1123102971" lat="37.3586625" lon="-121.9553621"/>
  <node id="1123102976" lat="37.3587297" lon="-121.9553393"/>
  <node id="1700444480" lat="37.3523222" lon="-121.9537711"/>
  <node id="1700444482" lat="37.3524643" lon="-121.9526643"/>
  <node id="1700444491" lat="37.3524785" lon="-121.9535889"/>
  <node id="1700444493" lat="37.3525471" lon="-121.9523292"/>
  <node id="1700444496" lat="37.3525450" lon="-121.9530165"/>
  <node id="1700444498" lat="37.3526401" lon="-121.9525568"/>
  <node id="1700444501" lat="37.3528399" lon="-121.9518898"/>
  <node id="2565123124" lat="37.3529830" lon="-121.9506404"/>
  <node id="2619191085" lat="37.3523447" lon="-121.9534499"/>
  <node id="2619191100" lat="37.3524544" lon="-121.9541021"/>
  <node id="2619191104" lat="37.3524994" lon="-121.9533251"/>
  <node id="2619191127" lat="37.3525781" lon="-121.9518294"/>
  <node id="2619191135" lat="37.3533522" lon="-121.9508383"/>
  <node id="2619191137" lat="37.3534200" lon="-121.9494780"/>
  <node id="2619191141" lat="37.3537522" lon="-121.9496640"/>
  <node id="2839948309" lat="37.3523092" lon="-121.9542726"/>
  <node id="2839948310" lat="37.3523119" lon="-121.9546801"/>
  <node id="2839948312" lat="37.3524534" lon="-121.9543934"/>
  <node id="2839948316" lat="37.3525793" lon="-121.9546019"/>
  <node id="2839948317" lat="37.3525913" lon="-121.9547434"/>
  <node id="2839948320" lat="37.3533181" lon="-121.9550043"/>
  <node id="2839948321" lat="37.3532978" lon="-121.9551408"/>
  <node id="2857450011" lat="37.3524498" lon="-121.9559146"/>
  <node id="2857450012" lat="37.3524642" lon="-121.9538963"/>
  <node id="2857450014" lat="37.3525630" lon="-121.9544736"/>
  <node id="2857450026" lat="37.3526099" lon="-121.9540081"/>
  <node id="2857450028" lat="37.3526301" lon="-121.9544108"/>
  <node id="2857450030" lat="37.3526347" lon="-121.9540140"/>
  <node id="2857450035" lat="37.3526541" lon="-121.9558780"/>
  <node id="2857450063" lat="37.3528883" lon="-121.9542492"/>
  <node id="2857450064" lat="37.3528888" lon="-121.9543121"/>
  <node id="2857450065" lat="37.3528895" lon="-121.9544082"/>
  <node id="2857450066" lat="37.3528907" lon="-121.9545604"/>
  <node id="2857450069" lat="37.3529047" lon="-121.9543119"/>
  <node id="2857450080" lat="37.3530500" lon="-121.9536507"/>
  <node id="2857450081" lat="37.3530295" lon="-121.9536428"/>
  <node id="2857450085" lat="37.3529437" lon="-121.9543115"/>
  <node id="2857450089" lat="37.3529534" lon="-121.9540201"/>
  <node id="2857450090" lat="37.3530671" lon="-121.9536668"/>
  <node id="2857450091" lat="37.3529571" lon="-121.9543115"/>
  <node id="2857450092" lat="37.3529576" lon="-121.9543520"/>
  <node id="2857450095" lat="37.3530082" lon="-121.9536441"/>
  <node id="2857450097" lat="37.3529874" lon="-121.9540208"/>
  <node id="2857450098" lat="37.3529934" lon="-121.9543513"/>
  <node id="2857450100" lat="37.3530789" lon="-121.9536892"/>
  <node id="2857450902" lat="37.3530521" lon="-121.9537897"/>
  <node id="2857450905" lat="37.3530841" lon="-121.9537152"/>
  <node id="2857450907" lat="37.3530820" lon="-121.9537420"/>
  <node id="2857450914" lat="37.3530778" lon="-121.9558829"/>
  <node id="2857450915" lat="37.3530856" lon="-121.9543494"/>
  <node id="2857450916" lat="37.3530871" lon="-121.9544594"/>
  <node id="2857450917" lat="37.3530878" lon="-121.9545576"/>
  <node id="2857450923" lat="37.3532505" lon="-121.9559237"/>
  <node id="2857450926" lat="37.3533235" lon="-121.9544566"/>
  <node id="2857450927" lat="37.3533342" lon="-121.9537861"/>
  <node id="2857450932" lat="37.3534583" lon="-121.9559261"/>
  <node id="4169819680" lat="37.3528700" lon="-121.9513659"/>
  <node id="4169819681" lat="37.3534503" lon="-121.9501645"/>
  <node id="4169819682" lat="37.3538958" lon="-121.9511558"/>
  <node id="4169819684" lat="37.3542791" lon="-121.9513603"/>
  <node id="4169819685" lat="37.3547919" lon="-121.9516308"/>
  <node id="4169819686" lat="37.3551924" lon="-121.9518491"/>
  <node id="4169819687" lat="37.3556779" lon="-121.9521239"/>
  <node id="4169819688" lat="37.3560458" lon="-121.9523317"/>
  <node id="4169821889" lat="37.3566307" lon="-121.9526611"/>
  <node id="4169821890" lat="37.3570283" lon="-121.9528851"/>
  <node id="4169821891" lat="37.3580403" lon="-121.9533642"/>
  <node id="4170423433" lat="37.3523089" lon="-121.9552858"/>
  <node id="4170423437" lat="37.3524683" lon="-121.9538002"/>
  <node id="4181855191" lat="37.3528404" lon="-121.9505488"/>
  <node id="4181855192" lat="37.3537596" lon="-121.9510762"/>
  <node id="4181885891" lat="37.3576821" lon="-121.9531200"/>
  <node id="4605791136" lat="37.3586957" lon="-121.9515209"/>
  <node id="4877499608" lat="37.3524560" lon="-121.9548116"/>
  <node id="4877499609" lat="37.3527123" lon="-121.9522702"/>
  <node id="4877499610" lat="37.3525894" lon="-121.9527719"/>
  <node id="4913409615" lat="37.3536587" lon="-121.9555834"/>
  <node id="4913409616" lat="37.3536588" lon="-121.9558230"/>
  <node id="4913409618" lat="37.3540595" lon="-121.9558382"/>
  <node id="4913409619" lat="37.3534580" lon="-121.9558248"/>
  <node id="4951308909" lat="37.3564698" lon="-121.9518524"/>
  <node id="4951308910" lat="37.3565380" lon="-121.9516607"/>
  <node id="4951308911" lat="37.3561738" lon="-121.9514277"/>
  <node id="4951309126" lat="37.3539348" lon="-121.9511768"/>
  <node id="4951309127" lat="37.3538527" lon="-121.9513822"/>
  <node id="4951309128" lat="37.3531071" lon="-121.9511269"/>
  <node id="4951309129" lat="37.3532941" lon="-121.9512476"/>
  <node id="4951309130" lat="37.3534273" lon="-121.9512972"/>
  <node id="4951309131" lat="37.3534758" lon="-121.9513006"/>
  <node id="4951309132" lat="37.3535281" lon="-121.9512798"/>
  <node id="4951309133" lat="37.3535638" lon="-121.9512510"/>
  <node id="4951309134" lat="37.3535952" lon="-121.9512349"/>
  <node id="4951309135" lat="37.3536299" lon="-121.9512402"/>
  <node id="4951309136" lat="37.3577298" lon="-121.9556437"/>
  <node id="4951309150" lat="37.3582233" lon="-121.9545494"/>
  <node id="4951309152" lat="37.3581775" lon="-121.9554453"/>
  <node id="4951309153" lat="37.3580496" lon="-121.9554681"/>
  <node id="4951309154" lat="37.3563930" lon="-121.9558677"/>
  <node id="5041454462" lat="37.3529741" lon="-121.9549587"/>
  <node id="5053172377" lat="37.3556013" lon="-121.9555086"/>
  <node id="5053172378" lat="37.3537945" lon="-121.9553486"/>
  <node id="5097171656" lat="37.3533090" lon="-121.9540505"/>
  <node id="6009776756" lat="37.3554700" lon="-121.9540309"/>
  <node id="6009776757" lat="37.3554784" lon="-121.9541131"/>
  <node id="6009776758" lat="37.3555153" lon="-121.9533704"/>
  <node id="6009776760" lat="37.3556272" lon="-121.9538261"/>
  <node id="6009776762" lat="37.3557064" lon="-121.9540760"/>
  <node id="6009776763" lat="37.3557206" lon="-121.9541744"/>
  <node id="6009776764" lat="37.3557211" lon="-121.9547021"/>
  <node id="6009776767" lat="37.3557630" lon="-121.9559059"/>
  <node id="6009776771" lat="37.3557865" lon="-121.9553858"/>
  <node id="6009776772" lat="37.3558000" lon="-121.9521941"/>
  <node id="6009776773" lat="37.3558384" lon="-121.9523823"/>
  <node id="6009776775" lat="37.3558927" lon="-121.9546854"/>
  <node id="6009776777" lat="37.3559541" lon="-121.9559069"/>
  <node id="6009776780" lat="37.3560115" lon="-121.9556208"/>
  <node id="6009776782" lat="37.3560130" lon="-121.9559072"/>
  <node id="6009776895" lat="37.3562014" lon="-121.9559207"/>
  <node id="6343298020" lat="37.3527745" lon="-121.9556112"/>
  <node id="6343298021" lat="37.3531876" lon="-121.9556226"/>
  <node id="6343298022" lat="37.3531891" lon="-121.9554708"/>
  <node id="6343298023" lat="37.3530293" lon="-121.9553893"/>
  <node id="6343298024" lat="37.3530172" lon="-121.9552319"/>
  <node id="6343298025" lat="37.3527775" lon="-121.9552319"/>
  <node id="6343298026" lat="37.3524537" lon="-121.9552252"/>
  <node id="6470168176" lat="37.3546018" lon="-121.9528737"/>
  <node id="6470168177" lat="37.3542589" lon="-121.9526802"/>
  <node id="6470168178" lat="37.3544497" lon="-121.9521511"/>
  <node id="6470168179" lat="37.3543223" lon="-121.9525045"/>
  <node id="6470168180" lat="37.3546689" lon="-121.9526855"/>
  <node id="6470168181" lat="37.3547934" lon="-121.9523451"/>
  <node id="6470168182" lat="37.3546801" lon="-121.9524939"/>
  <node id="6470168183" lat="37.3545419" lon="-121.9524178"/>
  <node id="6470168486" lat="37.3546214" lon="-121.9526597"/>
  <node id="6470168487" lat="37.3547434" lon="-121.9523169"/>
  <node id="6470168488" lat="37.3548951" lon="-121.9518508"/>
  <node id="6473973258" lat="37.3522826" lon="-121.9532569"/>
  <node id="6473973259" lat="37.3522785" lon="-121.9532169"/>
  <node id="6473973260" lat="37.3522642" lon="-121.9531833"/>
  <node id="6473973590" lat="37.3533922" lon="-121.9553217"/>
  <node id="6473973591" lat="37.3533884" lon="-121.9553034"/>
  <node id="6473973592" lat="37.3533769" lon="-121.9552800"/>
  <node id="6473973593" lat="37.3532298" lon="-121.9551960"/>
  <node id="6473973594" lat="37.3526608" lon="-121.9548782"/>
  <node id="6473973595" lat="37.3526322" lon="-121.9548729"/>
  <node id="6473973596" lat="37.3526159" lon="-121.9548768"/>
  <node id="6473973597" lat="37.3525882" lon="-121.9548902"/>
  <node id="6473973598" lat="37.3525644" lon="-121.9549123"/>
  <node id="6473973599" lat="37.3525462" lon="-121.9549577"/>
  <node id="6473973600" lat="37.3525382" lon="-121.9549990"/>
  <node id="6473973648" lat="37.3533912" lon="-121.9559253"/>
  <node id="6473973650" lat="37.3526019" lon="-121.9548836"/>
  <node id="6473973652" lat="37.3525368" lon="-121.9558990"/>
  <node id="6473973655" lat="37.3525379" lon="-121.9552269"/>
  <node id="6473979413" lat="37.3523295" lon="-121.9529051"/>
  <node id="6473979414" lat="37.3523185" lon="-121.9529328"/>
  <node id="6473979415" lat="37.3522992" lon="-121.9529544"/>
  <node id="6473979416" lat="37.3522631" lon="-121.9529609"/>
  <node id="6473979420" lat="37.3525443" lon="-121.9519009"/>
  <node id="6473979421" lat="37.3525677" lon="-121.9519196"/>
  <node id="6473979422" lat="37.3525724" lon="-121.9519598"/>
  <node id="6473979423" lat="37.3524975" lon="-121.9521935"/>
  <node id="6473979424" lat="37.3524655" lon="-121.9522887"/>
  <node id="6473979425" lat="37.3524460" lon="-121.9523770"/>
  <node id="6473979426" lat="37.3524031" lon="-121.9525528"/>
  <node id="6473979427" lat="37.3523875" lon="-121.9526480"/>
  <node id="6473979428" lat="37.3523573" lon="-121.9527843"/>
  <node id="6473979429" lat="37.3522981" lon="-121.9530768"/>
  <node id="6473979431" lat="37.3526644" lon="-121.9516976"/>
  <node id="6473979432" lat="37.3526505" lon="-121.9517239"/>
  <node id="6473979433" lat="37.3526187" lon="-121.9517389"/>
  <node id="6473979434" lat="37.3525887" lon="-121.9517286"/>
  <node id="6473979436" lat="37.3523315" lon="-121.9503918"/>
  <node id="6473979437" lat="37.3527305" lon="-121.9506194"/>
  <node id="6473979438" lat="37.3527467" lon="-121.9506138"/>
  <node id="6473979439" lat="37.3528227" lon="-121.9506565"/>
  <node id="6473979440" lat="37.3529413" lon="-121.9507709"/>
  <node id="6473979441" lat="37.3529489" lon="-121.9507857"/>
  <node id="6473979442" lat="37.3529530" lon="-121.9508032"/>
  <node id="6473979443" lat="37.3529555" lon="-121.9508208"/>
  <node id="6473979444" lat="37.3529549" lon="-121.9508618"/>
  <node id="6473979445" lat="37.3526396" lon="-121.9517290"/>
  <node id="6473985543" lat="37.3525452" lon="-121.9539585"/>
  <node id="6473985544" lat="37.3525513" lon="-121.9537157"/>
  <node id="6473985545" lat="37.3525631" lon="-121.9535314"/>
  <node id="6473985546" lat="37.3525905" lon="-121.9533122"/>
  <node id="6473985547" lat="37.3526322" lon="-121.9530165"/>
  <node id="6473985548" lat="37.3526622" lon="-121.9528440"/>
  <node id="6473985549" lat="37.3527153" lon="-121.9525831"/>
  <node id="6473985550" lat="37.3527596" lon="-121.9524287"/>
  <node id="6473985551" lat="37.3528487" lon="-121.9521240"/>
  <node id="6473985552" lat="37.3529536" lon="-121.9518171"/>
  <node id="6473985553" lat="37.3530748" lon="-121.9514845"/>
  <node id="6473985554" lat="37.3532002" lon="-121.9511237"/>
  <node id="6473985555" lat="37.3532268" lon="-121.9510552"/>
  <node id="6473985556" lat="37.3532434" lon="-121.9510195"/>
  <node id="6473985557" lat="37.3532641" lon="-121.9509958"/>
  <node id="6473985558" lat="37.3532955" lon="-121.9509759"/>
  <node id="6473985559" lat="37.3533395" lon="-121.9509806"/>
  <node id="6473985560" lat="37.3535457" lon="-121.9510961"/>
  <node id="6473985561" lat="37.3536484" lon="-121.9511611"/>
  <node id="6473985562" lat="37.3538759" lon="-121.9512835"/>
  <node id="6473985563" lat="37.3539365" lon="-121.9513166"/>
  <node id="6473985564" lat="37.3539688" lon="-121.9513465"/>
  <node id="6473985565" lat="37.3539799" lon="-121.9513645"/>
  <node id="6473985566" lat="37.3539865" lon="-121.9513920"/>
  <node id="6473985567" lat="37.3539954" lon="-121.9514366"/>
  <node id="6473985568" lat="37.3539900" lon="-121.9514765"/>
  <node id="6473985569" lat="37.3534486" lon="-121.9530069"/>
  <node id="6473985570" lat="37.3533842" lon="-121.9531971"/>
  <node id="6473985571" lat="37.3533456" lon="-121.9533323"/>
  <node id="6473985572" lat="37.3533174" lon="-121.9534491"/>
  <node id="6473985573" lat="37.3532857" lon="-121.9536102"/>
  <node id="6473985574" lat="37.3532537" lon="-121.9538263"/>
  <node id="6473985575" lat="37.3532445" lon="-121.9539124"/>
  <node id="6473985576" lat="37.3532340" lon="-121.9540818"/>
  <node id="6473985577" lat="37.3532346" lon="-121.9542856"/>
  <node id="6473985578" lat="37.3532448" lon="-121.9544427"/>
  <node id="6473985579" lat="37.3532597" lon="-121.9545762"/>
  <node id="6473985580" lat="37.3532657" lon="-121.9546133"/>
  <node id="6473985581" lat="37.3532663" lon="-121.9546528"/>
  <node id="6473985582" lat="37.3532613" lon="-121.9546927"/>
  <node id="6473985583" lat="37.3532400" lon="-121.9547361"/>
  <node id="6473985584" lat="37.3532172" lon="-121.9547652"/>
  <node id="6473985885" lat="37.3531766" lon="-121.9547888"/>
  <node id="6473985886" lat="37.3531383" lon="-121.9547975"/>
  <node id="6473985887" lat="37.3531060" lon="-121.9547923"/>
  <node id="6473985888" lat="37.3530616" lon="-121.9547700"/>
  <node id="6473985889" lat="37.3527528" lon="-121.9545960"/>
  <node id="6473985890" lat="37.3526078" lon="-121.9545182"/>
  <node id="6473985891" lat="37.3525865" lon="-121.9545018"/>
  <node id="6473985892" lat="37.3525481" lon="-121.9544443"/>
  <node id="6473985893" lat="37.3525411" lon="-121.9544116"/>
  <node id="6473985894" lat="37.3531823" lon="-121.9511754"/>
  <node id="6473985895" lat="37.3538892" lon="-121.9512908"/>
  <node id="6473985896" lat="37.3532628" lon="-121.9537647"/>
  <node id="6473985897" lat="37.3532464" lon="-121.9544575"/>
  <node id="6511788699" lat="37.3546289" lon="-121.9526372"/>
  <node id="6511788704" lat="37.3546680" lon="-121.9525276"/>
  <node id="6511788710" lat="37.3546939" lon="-121.9524551"/>
  <node id="6511788711" lat="37.3547352" lon="-121.9523399"/>
  <node id="6511788719" lat="37.3543659" lon="-121.9523832"/>
  <node id="6511788720" lat="37.3544018" lon="-121.9524026"/>
  <node id="6511788721" lat="37.3544396" lon="-121.9522950"/>
  <node id="6511788722" lat="37.3544053" lon="-121.9522750"/>
  <node id="6546454268" lat="37.3564103" lon="-121.9559377"/>
  <node id="6546454269" lat="37.3566280" lon="-121.9559395"/>
  <node id="6546454270" lat="37.3567809" lon="-121.9559412"/>
  <node id="6546454273" lat="37.3573873" lon="-121.9559420"/>
  <node id="6546454274" lat="37.3574708" lon="-121.9559243"/>
  <node id="6546454275" lat="37.3575204" lon="-121.9559004"/>
  <node id="6546454276" lat="37.3576332" lon="-121.9558416"/>
  <node id="6546454277" lat="37.3577011" lon="-121.9557907"/>
  <node id="6546454278" lat="37.3577552" lon="-121.9557262"/>
  <node id="6546454279" lat="37.3578130" lon="-121.9556354"/>
  <node id="6546454280" lat="37.3578599" lon="-121.9555391"/>
  <node id="6546454281" lat="37.3578894" lon="-121.9554473"/>
  <node id="6546454282" lat="37.3579090" lon="-121.9553592"/>
  <node id="6546454283" lat="37.3579169" lon="-121.9552889"/>
  <node id="6546454284" lat="37.3579203" lon="-121.9552223"/>
  <node id="6546454285" lat="37.3579242" lon="-121.9550822"/>
  <node id="6546454286" lat="37.3579365" lon="-121.9548206"/>
  <node id="6546454287" lat="37.3579415" lon="-121.9546934"/>
  <node id="6546454288" lat="37.3579437" lon="-121.9546253"/>
  <node id="6546454289" lat="37.3579589" lon="-121.9545862"/>
  <node id="6546454290" lat="37.3579812" lon="-121.9545590"/>
  <node id="6546454291" lat="37.3580036" lon="-121.9545535"/>
  <node id="6546454292" lat="37.3580325" lon="-121.9545544"/>
  <node id="6546454293" lat="37.3581235" lon="-121.9545789"/>
  <node id="6546454294" lat="37.3581783" lon="-121.9546089"/>
  <node id="6546454295" lat="37.3583314" lon="-121.9547279"/>
  <node id="6546454296" lat="37.3584939" lon="-121.9548551"/>
  <node id="6546454297" lat="37.3585177" lon="-121.9548751"/>
  <node id="6546454298" lat="37.3585343" lon="-121.9548987"/>
  <node id="6546454299" lat="37.3585408" lon="-121.9549296"/>
  <node id="6546454300" lat="37.3585588" lon="-121.9549668"/>
  <node id="6546454301" lat="37.3585827" lon="-121.9549968"/>
  <node id="6546454302" lat="37.3586159" lon="-121.9550068"/>
  <node id="6546454303" lat="37.3586563" lon="-121.9549986"/>
  <node id="6546454304" lat="37.3586888" lon="-121.9549777"/>
  <node id="6546454305" lat="37.3587061" lon="-121.9549532"/>
  <node id="6546454306" lat="37.3587264" lon="-121.9548960"/>
  <node id="6546454307" lat="37.3587242" lon="-121.9548524"/>
  <node id="6546454308" lat="37.3587018" lon="-121.9547969"/>
  <node id="6546454309" lat="37.3586765" lon="-121.9547679"/>
  <node id="6546454310" lat="37.3586318" lon="-121.9547588"/>
  <node id="6546454311" lat="37.3585841" lon="-121.9547661"/>
  <node id="6546454312" lat="37.3582794" lon="-121.9545272"/>
  <node id="6546454313" lat="37.3582332" lon="-121.9544926"/>
  <node id="6546454314" lat="37.3581957" lon="-121.9544663"/>
  <node id="6546454315" lat="37.3581451" lon="-121.9544436"/>
  <node id="6546454316" lat="37.3581083" lon="-121.9544318"/>
  <node id="6546454317" lat="37.3580462" lon="-121.9544191"/>
  <node id="6546454318" lat="37.3580101" lon="-121.9544127"/>
  <node id="6546454319" lat="37.3579856" lon="-121.9543982"/>
  <node id="6546454320" lat="37.3579682" lon="-121.9543700"/>
  <node id="6546454321" lat="37.3579617" lon="-121.9543391"/>
  <node id="6546454322" lat="37.3579690" lon="-121.9541820"/>
  <node id="6546454323" lat="37.3579791" lon="-121.9540966"/>
  <node id="6546454324" lat="37.3579986" lon="-121.9540221"/>
  <node id="6546454325" lat="37.3580159" lon="-121.9539640"/>
  <node id="6546454326" lat="37.3580491" lon="-121.9538959"/>
  <node id="6546454327" lat="37.3581639" lon="-121.9536733"/>
  <node id="6546454328" lat="37.3581892" lon="-121.9536506"/>
  <node id="6546454329" lat="37.3582217" lon="-121.9536451"/>
  <node id="6546454330" lat="37.3582599" lon="-121.9536624"/>
  <node id="6546454331" lat="37.3583639" lon="-121.9537423"/>
  <node id="6546454332" lat="37.3586347" lon="-121.9539603"/>
  <node id="6546454360" lat="37.3563930" lon="-121.9559424"/>
  <node id="6546559145" lat="37.3560367" lon="-121.9559089"/>
  <node id="6546559146" lat="37.3559935" lon="-121.9557690"/>
  <node id="6546559147" lat="37.3559282" lon="-121.9556098"/>
  <node id="6546559148" lat="37.3559053" lon="-121.9555644"/>
  <node id="6546559149" lat="37.3558708" lon="-121.9555343"/>
  <node id="6546559150" lat="37.3558522" lon="-121.9555269"/>
  <node id="6546559151" lat="37.3558224" lon="-121.9555229"/>
  <node id="6546559152" lat="37.3557889" lon="-121.9555330"/>
  <node id="6546559153" lat="37.3556571" lon="-121.9556232"/>
  <node id="6546559154" lat="37.3556268" lon="-121.9556439"/>
  <node id="6546559155" lat="37.3555006" lon="-121.9557075"/>
  <node id="6546559156" lat="37.3553856" lon="-121.9557576"/>
  <node id="6546559157" lat="37.3552235" lon="-121.9558024"/>
  <node id="6546559158" lat="37.3550959" lon="-121.9558218"/>
  <node id="6546559159" lat="37.3548212" lon="-121.9558358"/>
  <node id="6546559160" lat="37.3547064" lon="-121.9558218"/>
  <node id="6546559161" lat="37.3545555" lon="-121.9557970"/>
  <node id="6546559162" lat="37.3542058" lon="-121.9556887"/>
  <node id="6546559163" lat="37.3539034" lon="-121.9555443"/>
  <node id="6546559164" lat="37.3536653" lon="-121.9554160"/>
  <node id="6546559165" lat="37.3536414" lon="-121.9554039"/>
  <node id="6546559166" lat="37.3536180" lon="-121.9554073"/>
  <node id="6546559167" lat="37.3535904" lon="-121.9554200"/>
  <node id="6546559168" lat="37.3535808" lon="-121.9554307"/>
  <node id="6546559169" lat="37.3535680" lon="-121.9554507"/>
  <node id="6546559170" lat="37.3535521" lon="-121.9554842"/>
  <node id="6546559171" lat="37.3535431" lon="-121.9555216"/>
  <node id="6546559172" lat="37.3535414" lon="-121.9558241"/>
  <node id="6546593805" lat="37.3556577" lon="-121.9553211"/>
  <node id="6546593806" lat="37.3556851" lon="-121.9552723"/>
  <node id="6546593807" lat="37.3557083" lon="-121.9552036"/>
  <node id="6546593808" lat="37.3557056" lon="-121.9551266"/>
  <node id="6546593809" lat="37.3556709" lon="-121.9550353"/>
  <node id="6546593810" lat="37.3555915" lon="-121.9548631"/>
  <node id="6546593811" lat="37.3555302" lon="-121.9546939"/>
  <node id="6546593812" lat="37.3554944" lon="-121.9545846"/>
  <node id="6546593813" lat="37.3554772" lon="-121.9545142"/>
  <node id="6546593814" lat="37.3554501" lon="-121.9544004"/>
  <node id="6546593815" lat="37.3554161" lon="-121.9541883"/>
  <node id="6546593816" lat="37.3554003" lon="-121.9539226"/>
  <node id="6546593817" lat="37.3554002" lon="-121.9538519"/>
  <node id="6546593818" lat="37.3554042" lon="-121.9537517"/>
  <node id="6546593819" lat="37.3554100" lon="-121.9537280"/>
  <node id="6546593820" lat="37.3554539" lon="-121.9534080"/>
  <node id="6546593821" lat="37.3554845" lon="-121.9532395"/>
  <node id="6546593822" lat="37.3555642" lon="-121.9529774"/>
  <node id="6546593823" lat="37.3556841" lon="-121.9526382"/>
  <node id="6546593824" lat="37.3557673" lon="-121.9524014"/>
  <node id="6546593825" lat="37.3557691" lon="-121.9523672"/>
  <node id="6546593826" lat="37.3557577" lon="-121.9523342"/>
  <node id="6546593827" lat="37.3557332" lon="-121.9523111"/>
  <node id="6546593828" lat="37.3553217" lon="-121.9520765"/>
  <node id="6546593829" lat="37.3550924" lon="-121.9519455"/>
  <node id="6546593830" lat="37.3550644" lon="-121.9519399"/>
  <node id="6546593831" lat="37.3550398" lon="-121.9519432"/>
  <node id="6546593832" lat="37.3550118" lon="-121.9519664"/>
  <node id="6546593833" lat="37.3546293" lon="-121.9530324"/>
  <node id="6546593834" lat="37.3544077" lon="-121.9536487"/>
  <node id="6546593835" lat="37.3556708" lon="-121.9546142"/>
  <node id="6556805409" lat="37.3582723" lon="-121.9535455"/>
  <node id="6556805410" lat="37.3583211" lon="-121.9534470"/>
  <node id="6556805411" lat="37.3580707" lon="-121.9536092"/>
  <node id="6556805412" lat="37.3580776" lon="-121.9535781"/>
  <node id="6556805413" lat="37.3580759" lon="-121.9535455"/>
  <node id="6556805414" lat="37.3580644" lon="-121.9535179"/>
  <node id="6556805415" lat="37.3579723" lon="-121.9534397"/>
  <node id="6556805416" lat="37.3578698" lon="-121.9533615"/>
  <node id="6556805417" lat="37.3578007" lon="-121.9533166"/>
  <node id="6556805418" lat="37.3577317" lon="-121.9532724"/>
  <node id="6556805419" lat="37.3576626" lon="-121.9532435"/>
  <node id="6556805420" lat="37.3575440" lon="-121.9532094"/>
  <node id="6556805421" lat="37.3573552" lon="-121.9531667"/>
  <node id="6556805422" lat="37.3572959" lon="-121.9531479"/>
  <node id="6556805423" lat="37.3571353" lon="-121.9530856"/>
  <node id="6556805424" lat="37.3570570" lon="-121.9530450"/>
  <node id="6556805425" lat="37.3569413" lon="-121.9529820"/>
  <node id="6556805426" lat="37.3569183" lon="-121.9529733"/>
  <node id="6556805427" lat="37.3568941" lon="-121.9529762"/>
  <node id="6556805428" lat="37.3568745" lon="-121.9529871"/>
  <node id="6556805429" lat="37.3568567" lon="-121.9530067"/>
  <node id="6556805430" lat="37.3566437" lon="-121.9535875"/>
  <node id="6556805431" lat="37.3566368" lon="-121.9536309"/>
  <node id="6556805432" lat="37.3566431" lon="-121.9536722"/>
  <node id="6556805433" lat="37.3566627" lon="-121.9537041"/>
  <node id="6556805434" lat="37.3566897" lon="-121.9537214"/>
  <node id="6556805435" lat="37.3571940" lon="-121.9539988"/>
  <node id="6556805436" lat="37.3572781" lon="-121.9540372"/>
  <node id="6556805437" lat="37.3573201" lon="-121.9540111"/>
  <node id="6556805438" lat="37.3573661" lon="-121.9539995"/>
  <node id="6556805439" lat="37.3574105" lon="-121.9540061"/>
  <node id="6556805440" lat="37.3574427" lon="-121.9540350"/>
  <node id="6556805441" lat="37.3574646" lon="-121.9540850"/>
  <node id="6556805442" lat="37.3574663" lon="-121.9541487"/>
  <node id="6556805443" lat="37.3574444" lon="-121.9542009"/>
  <node id="6556805444" lat="37.3574070" lon="-121.9542385"/>
  <node id="6556805445" lat="37.3573673" lon="-121.9542392"/>
  <node id="6556805446" lat="37.3572199" lon="-121.9541610"/>
  <node id="6556805447" lat="37.3568705" lon="-121.9539662"/>
  <node id="6556805448" lat="37.3566282" lon="-121.9538265"/>
  <node id="6556805449" lat="37.3563098" lon="-121.9536526"/>
  <node id="6556805450" lat="37.3560076" lon="-121.9534825"/>
  <node id="6556805451" lat="37.3556858" lon="-121.9533029"/>
  <node id="6556805452" lat="37.3556611" lon="-121.9532949"/>
  <node id="6556805453" lat="37.3556455" lon="-121.9532978"/>
  <node id="6556805454" lat="37.3556259" lon="-121.9533065"/>
  <node id="6556805455" lat="37.3555995" lon="-121.9533333"/>
  <node id="6556805456" lat="37.3555857" lon="-121.9533688"/>
  <node id="6556805457" lat="37.3555511" lon="-121.9535925"/>
  <node id="6556805458" lat="37.3555511" lon="-121.9538325"/>
  <node id="6556805459" lat="37.3555563" lon="-121.9540162"/>
  <node id="6556805460" lat="37.3555614" lon="-121.9540996"/>
  <node id="6556805461" lat="37.3555749" lon="-121.9542062"/>
  <node id="6556805462" lat="37.3556205" lon="-121.9544453"/>
  <node id="6556805463" lat="37.3557028" lon="-121.9547104"/>
  <node id="6556805464" lat="37.3558612" lon="-121.9550725"/>
  <node id="6556805465" lat="37.3560050" lon="-121.9553959"/>
  <node id="6556805466" lat="37.3560927" lon="-121.9555926"/>
  <node id="6556805467" lat="37.3561297" lon="-121.9557008"/>
  <node id="6556805468" lat="37.3561629" lon="-121.9557878"/>
  <node id="6556805469" lat="37.3561815" lon="-121.9558118"/>
  <node id="6556805470" lat="37.3561962" lon="-121.9558207"/>
  <node id="6556805471" lat="37.3562207" lon="-121.9558289"/>
  <node id="6556805472" lat="37.3563503" lon="-121.9557926"/>
  <node id="6556805473" lat="37.3565190" lon="-121.9557815"/>
  <node id="6556805474" lat="37.3568544" lon="-121.9557840"/>
  <node id="6556805475" lat="37.3572346" lon="-121.9557852"/>
  <node id="6556805476" lat="37.3573549" lon="-121.9557908"/>
  <node id="6556805477" lat="37.3573996" lon="-121.9557875"/>
  <node id="6556805478" lat="37.3574546" lon="-121.9557700"/>
  <node id="6556805479" lat="37.3575548" lon="-121.9557184"/>
  <node id="6556805480" lat="37.3576134" lon="-121.9556782"/>
  <node id="6556805481" lat="37.3576742" lon="-121.9556158"/>
  <node id="6556805482" lat="37.3577168" lon="-121.9555541"/>
  <node id="6556805483" lat="37.3577563" lon="-121.9554710"/>
  <node id="6556805484" lat="37.3578000" lon="-121.9553281"/>
  <node id="6556820085" lat="37.3578106" lon="-121.9552235"/>
  <node id="6556820086" lat="37.3578298" lon="-121.9548192"/>
  <node id="6556820087" lat="37.3578543" lon="-121.9543230"/>
  <node id="6556820088" lat="37.3578682" lon="-121.9541252"/>
  <node id="6556820089" lat="37.3578735" lon="-121.9540729"/>
  <node id="6556820090" lat="37.3578890" lon="-121.9540078"/>
  <node id="6556820091" lat="37.3579183" lon="-121.9539159"/>
  <node id="6556820092" lat="37.3579535" lon="-121.9538368"/>
  <node id="6556820093" lat="37.3579993" lon="-121.9537490"/>
  <node id="6556820094" lat="37.3581322" lon="-121.9535864"/>
  <node id="6556820095" lat="37.3582097" lon="-121.9536471"/>
  <node id="6556820096" lat="37.3581361" lon="-121.9535794"/>
  <node id="6569273923" lat="37.3558320" lon="-121.9520963"/>
  <node id="6569273924" lat="37.3558579" lon="-121.9520892"/>
  <node id="6569273925" lat="37.3558867" lon="-121.9520694"/>
  <node id="6569273926" lat="37.3560482" lon="-121.9516392"/>
  <node id="6569273927" lat="37.3560649" lon="-121.9516225"/>
  <node id="6569273928" lat="37.3562282" lon="-121.9511883"/>
  <node id="6569273929" lat="37.3562301" lon="-121.9511734"/>
  <node id="6569273930" lat="37.3562188" lon="-121.9511629"/>
  <node id="6569273931" lat="37.3561608" lon="-121.9511419"/>
  <node id="6569273932" lat="37.3556790" lon="-121.9508580"/>
  <node id="6569273933" lat="37.3554607" lon="-121.9507398"/>
  <node id="6569273934" lat="37.3554454" lon="-121.9507355"/>
  <node id="6569273935" lat="37.3552905" lon="-121.9511518"/>
  <node id="6569273936" lat="37.3552724" lon="-121.9512347"/>
  <node id="6569273937" lat="37.3551411" lon="-121.9516021"/>
  <node id="6569273938" lat="37.3551327" lon="-121.9516293"/>
  <node id="6569273939" lat="37.3551327" lon="-121.9516571"/>
  <node id="6569273940" lat="37.3551367" lon="-121.9516831"/>
  <node id="6569273941" lat="37.3551445" lon="-121.9517047"/>
  <node id="6569273942" lat="37.3551647" lon="-121.9517258"/>
  <node id="6569273943" lat="37.3558053" lon="-121.9520858"/>
  <node id="6569273944" lat="37.3550500" lon="-121.9516370"/>
  <node id="6569273945" lat="37.3549814" lon="-121.9515965"/>
  <node id="6569273946" lat="37.3550553" lon="-121.9516224"/>
  <node id="6569273947" lat="37.3549546" lon="-121.9519004"/>
  <node id="6569273948" lat="37.3549009" lon="-121.9518732"/>
  <node id="6569273949" lat="37.3549575" lon="-121.9518924"/>
  <node id="6569273950" lat="37.3548471" lon="-121.9518170"/>
  <node id="6569273951" lat="37.3547633" lon="-121.9517705"/>
  <node id="6569273952" lat="37.3546340" lon="-121.9516950"/>
  <node id="6569273953" lat="37.3542559" lon="-121.9514981"/>
  <node id="6569273954" lat="37.3542324" lon="-121.9514908"/>
  <node id="6569273955" lat="37.3542128" lon="-121.9514884"/>
  <node id="6569273956" lat="37.3541871" lon="-121.9514928"/>
  <node id="6569273957" lat="37.3541571" lon="-121.9515141"/>
  <node id="6569273958" lat="37.3541401" lon="-121.9515315"/>
  <node id="6569273959" lat="37.3539001" lon="-121.9521964"/>
  <node id="6569273960" lat="37.3535839" lon="-121.9530921"/>
  <node id="6569273961" lat="37.3535315" lon="-121.9532488"/>
  <node id="6569273962" lat="37.3534905" lon="-121.9533814"/>
  <node id="6569273963" lat="37.3534782" lon="-121.9534304"/>
  <node id="6569273964" lat="37.3534373" lon="-121.9536259"/>
  <node id="6569273965" lat="37.3534089" lon="-121.9538079"/>
  <node id="6569273966" lat="37.3533935" lon="-121.9539457"/>
  <node id="6569273967" lat="37.3533897" lon="-121.9540376"/>
  <node id="6569273968" lat="37.3533870" lon="-121.9542017"/>
  <node id="6569273969" lat="37.3533889" lon="-121.9543144"/>
  <node id="6569273970" lat="37.3533935" lon="-121.9544034"/>
  <node id="6569273971" lat="37.3534124" lon="-121.9545907"/>
  <node id="6569273972" lat="37.3534235" lon="-121.9546594"/>
  <node id="6569273973" lat="37.3534512" lon="-121.9548099"/>
  <node id="6569273974" lat="37.3534784" lon="-121.9549343"/>
  <node id="6569273975" lat="37.3535043" lon="-121.9550054"/>
  <node id="6569273976" lat="37.3535278" lon="-121.9550394"/>
  <node id="6569273977" lat="37.3535878" lon="-121.9550928"/>
  <node id="6569273978" lat="37.3541161" lon="-121.9553660"/>
  <node id="6569273979" lat="37.3542507" lon="-121.9554303"/>
  <node id="6569273980" lat="37.3544988" lon="-121.9555149"/>
  <node id="6569273981" lat="37.3545766" lon="-121.9555353"/>
  <node id="6569273982" lat="37.3548417" lon="-121.9555639"/>
  <node id="6569273983" lat="37.3549487" lon="-121.9555649"/>
  <node id="6569273984" lat="37.3550549" lon="-121.9555578"/>
  <node id="6569283485" lat="37.3551976" lon="-121.9555323"/>
  <node id="6569283486" lat="37.3552852" lon="-121.9555160"/>
  <node id="6569283487" lat="37.3553298" lon="-121.9554986"/>
  <node id="6569283488" lat="37.3554187" lon="-121.9554638"/>
  <node id="6569283489" lat="37.3554708" lon="-121.9554395"/>
  <node id="6569283490" lat="37.3555933" lon="-121.9553681"/>
  <node id="6569283491" lat="37.3557044" lon="-121.9552150"/>
  <node id="6569283492" lat="37.3535593" lon="-121.9552238"/>
  <node id="6569283493" lat="37.3534564" lon="-121.9553490"/>
  <node id="6569283494" lat="37.3533895" lon="-121.9553089"/>
  <node id="6649103449" lat="37.3587579" lon="-121.9500597"/>
  <node id="6649103450" lat="37.3586499" lon="-121.9498169"/>
  <node id="6649103451" lat="37.3585344" lon="-121.9495379"/>
  <node id="6649103452" lat="37.3584822" lon="-121.9494447"/>
  <node id="6652388682" lat="37.3583447" lon="-121.9534681"/>
  <node id="6652388683" lat="37.3579756" lon="-121.9531737"/>
  <node id="6652388684" lat="37.3579082" lon="-121.9531256"/>
  <node id="6652442243" lat="37.3568528" lon="-121.9497722"/>
  <node id="6652442244" lat="37.3568528" lon="-121.9498066"/>
  <node id="6652442245" lat="37.3568599" lon="-121.9498387"/>
  <node id="6652442246" lat="37.3568872" lon="-121.9498709"/>
  <node id="6652442247" lat="37.3576026" lon="-121.9502566"/>
  <node id="6652450285" lat="37.3578476" lon="-121.9530909"/>
  <node id="6652450286" lat="37.3577621" lon="-121.9530448"/>
  <node id="6652450287" lat="37.3576620" lon="-121.9530111"/>
  <node id="6652450288" lat="37.3575679" lon="-121.9529893"/>
  <node id="6652450289" lat="37.3573744" lon="-121.9529412"/>
  <node id="6652450290" lat="37.3572365" lon="-121.9528932"/>
  <node id="6652450291" lat="37.3571727" lon="-121.9528639"/>
  <node id="6652450292" lat="37.3571069" lon="-121.9528282"/>
  <node id="6652450293" lat="37.3570577" lon="-121.9528015"/>
  <node id="6652450294" lat="37.3569946" lon="-121.9527628"/>
  <node id="6652450295" lat="37.3569521" lon="-121.9527415"/>
  <node id="6652450296" lat="37.3569312" lon="-121.9527113"/>
  <node id="6652450297" lat="37.3569293" lon="-121.9526805"/>
  <node id="6652450298" lat="37.3569296" lon="-121.9526558"/>
  <node id="6652450299" lat="37.3569348" lon="-121.9526141"/>
  <node id="6652450300" lat="37.3569576" lon="-121.9524749"/>
  <node id="6652450301" lat="37.3569923" lon="-121.9523331"/>
  <node id="6652450302" lat="37.3570159" lon="-121.9522578"/>
  <node id="6652450303" lat="37.3570762" lon="-121.9520784"/>
  <node id="6652450304" lat="37.3571830" lon="-121.9517810"/>
  <node id="6652450305" lat="37.3572015" lon="-121.9517408"/>
  <node id="6652450306" lat="37.3572243" lon="-121.9517270"/>
  <node id="6652450307" lat="37.3572586" lon="-121.9517349"/>
  <node id="6652450308" lat="37.3573496" lon="-121.9518048"/>
  <node id="6652450348" lat="37.3572691" lon="-121.9515552"/>
  <node id="6652450349" lat="37.3572390" lon="-121.9516379"/>
  <node id="6652450350" lat="37.3572314" lon="-121.9516319"/>
  <node id="6652450351" lat="37.3572671" lon="-121.9515359"/>
  <node id="6652450352" lat="37.3572978" lon="-121.9514531"/>
  <node id="6652450353" lat="37.3576445" lon="-121.9505045"/>
  <node id="6652450372" lat="37.3573041" lon="-121.9516102"/>
  <node id="6652450373" lat="37.3572868" lon="-121.9515919"/>
  <node id="6652450374" lat="37.3572764" lon="-121.9515770"/>
  <node id="6652450375" lat="37.3574164" lon="-121.9511286"/>
  <node id="6652450381" lat="37.3577087" lon="-121.9503192"/>
  <node id="6652450382" lat="37.3576792" lon="-121.9504043"/>
  <node id="6652450385" lat="37.3587409" lon="-121.9508703"/>
  <node id="6652450386" lat="37.3587902" lon="-121.9508964"/>
  <node id="6652450387" lat="37.3587929" lon="-121.9508895"/>
  <node id="6652450392" lat="37.3588075" lon="-121.9504373"/>
  <node id="6652450393" lat="37.3584619" lon="-121.9496411"/>
  <node id="6652450394" lat="37.3584254" lon="-121.9495797"/>
  <node id="6652450395" lat="37.3583877" lon="-121.9495218"/>
  <node id="6652450396" lat="37.3583444" lon="-121.9494820"/>
  <node id="6652450397" lat="37.3582853" lon="-121.9494319"/>
  <node id="6652450400" lat="37.3587627" lon="-121.9511178"/>
  <node id="6652450401" lat="37.3588049" lon="-121.9510086"/>
  <node id="6652450402" lat="37.3586657" lon="-121.9510646"/>
  <node id="6652450403" lat="37.3587084" lon="-121.9509544"/>
  <node id="6652462398" lat="37.3567231" lon="-121.9497682"/>
  <node id="6652462399" lat="37.3567718" lon="-121.9497933"/>
  <node id="6652462400" lat="37.3567741" lon="-121.9497867"/>
  <node id="6652462401" lat="37.3567012" lon="-121.9499869"/>
  <node id="6652462402" lat="37.3576494" lon="-121.9502842"/>
  <node id="6652462403" lat="37.3567631" lon="-121.9500211"/>
  <node id="6652462404" lat="37.3575314" lon="-121.9504430"/>
  <node id="6652462405" lat="37.3568813" lon="-121.9522672"/>
  <node id="6652462406" lat="37.3568401" lon="-121.9524401"/>
  <node id="6652462407" lat="37.3568085" lon="-121.9525836"/>
  <node id="6652462408" lat="37.3567899" lon="-121.9526182"/>
  <node id="6652462409" lat="37.3567803" lon="-121.9526225"/>
  <node id="6652462410" lat="37.3567617" lon="-121.9526234"/>
  <node id="6652462411" lat="37.3567391" lon="-121.9526225"/>
  <node id="6652462412" lat="37.3560278" lon="-121.9522171"/>
  <node id="6652462413" lat="37.3560086" lon="-121.9521963"/>
  <node id="6652462414" lat="37.3559983" lon="-121.9521643"/>
  <node id="6652462415" lat="37.3559983" lon="-121.9521341"/>
  <node id="6652462416" lat="37.3560044" lon="-121.9521064"/>
  <node id="6652462417" lat="37.3562367" lon="-121.9514680"/>
  <node id="6652462418" lat="37.3568176" lon="-121.9499184"/>
  <node id="6652462419" lat="37.3566553" lon="-121.9499615"/>
  <node id="6652462420" lat="37.3566947" lon="-121.9498494"/>
  <node id="6652462421" lat="37.3567036" lon="-121.9499804"/>
  <node id="6653750823" lat="37.3562892" lon="-121.9509799"/>
  <node id="6653750824" lat="37.3558750" lon="-121.9495300"/>
  <node id="6653750825" lat="37.3555120" lon="-121.9505487"/>
  <node id="6653750826" lat="37.3562604" lon="-121.9510741"/>
  <node id="6653750827" lat="37.3562478" lon="-121.9510670"/>
  <node id="6653750828" lat="37.3563938" lon="-121.9510361"/>
  <node id="6653750829" lat="37.3563289" lon="-121.9510012"/>
  <node id="6653750830" lat="37.3563264" lon="-121.9512215"/>
  <node id="6653750831" lat="37.3562605" lon="-121.9511886"/>
  <node id="6653750832" lat="37.3554812" lon="-121.9506351"/>
  <node id="6653750833" lat="37.3554125" lon="-121.9504910"/>
  <node id="6653750834" lat="37.3554559" lon="-121.9505162"/>
  <node id="6653750835" lat="37.3553421" lon="-121.9506735"/>
  <node id="6653750836" lat="37.3553888" lon="-121.9507015"/>
  <node id="6653750837" lat="37.3553788" lon="-121.9505784"/>
  <node id="6653750838" lat="37.3553710" lon="-121.9505742"/>
  <node id="6653750839" lat="37.3554892" lon="-121.9506396"/>
  <node id="6653750840" lat="37.3557715" lon="-121.9494744"/>
  <node id="6653750842" lat="37.3546410" lon="-121.9500562"/>
  <node id="6653750843" lat="37.3550070" lon="-121.9515761"/>
  <node id="6653750844" lat="37.3550257" lon="-121.9515453"/>
  <node id="6653750845" lat="37.3545711" lon="-121.9502457"/>
  <node id="6653750846" lat="37.3542558" lon="-121.9511064"/>
  <node id="6653750847" lat="37.3542513" lon="-121.9511429"/>
  <node id="6653750848" lat="37.3542584" lon="-121.9511835"/>
  <node id="6653750849" lat="37.3542668" lon="-121.9512151"/>
  <node id="6653750850" lat="37.3542881" lon="-121.9512484"/>
  <node id="6653750851" lat="37.3543158" lon="-121.9512743"/>
  <node id="6653750852" lat="37.3549297" lon="-121.9515996"/>
  <node id="6653750853" lat="37.3549613" lon="-121.9516069"/>
  <node id="6653750854" lat="37.3539908" lon="-121.9514136"/>
  <node id="6653750855" lat="37.3540786" lon="-121.9514490"/>
  <node id="6653750856" lat="37.3540745" lon="-121.9514611"/>
  <node id="6653750857" lat="37.3541808" lon="-121.9511511"/>
  <node id="6653750858" lat="37.3541000" lon="-121.9511167"/>
  <node id="6653750859" lat="37.3541770" lon="-121.9511621"/>
  <node id="6653831565" lat="37.3559226" lon="-121.9524326"/>
  <node id="6653831566" lat="37.3559211" lon="-121.9521468"/>
  <node id="6653831567" lat="37.3559738" lon="-121.9522920"/>
  <node id="6653831575" lat="37.3558232" lon="-121.9495022"/>
  <node id="6653831577" lat="37.3559149" lon="-121.9494188"/>
  <node id="6653831578" lat="37.3559266" lon="-121.9494252"/>
  <node id="6653831580" lat="37.3558187" lon="-121.9495148"/>
  <node id="6653839665" lat="37.3541206" lon="-121.9511065"/>
  <node id="6653839666" lat="37.3541421" lon="-121.9510800"/>
  <node id="6653839667" lat="37.3542773" lon="-121.9507148"/>
  <node id="6653839668" lat="37.3540667" lon="-121.9511227"/>
  <node id="6653839669" lat="37.3540076" lon="-121.9511061"/>
  <node id="6653839670" lat="37.3537540" lon="-121.9509637"/>
  <node id="6653839671" lat="37.3537298" lon="-121.9509408"/>
  <node id="6653839672" lat="37.3534221" lon="-121.9507568"/>
  <node id="6653839673" lat="37.3533989" lon="-121.9507358"/>
  <node id="6653839674" lat="37.3533868" lon="-121.9507085"/>
  <node id="6653839675" lat="37.3533807" lon="-121.9506844"/>
  <node id="6653839676" lat="37.3533752" lon="-121.9506533"/>
  <node id="6653839677" lat="37.3533807" lon="-121.9506210"/>
  <node id="6653839678" lat="37.3536778" lon="-121.9497978"/>
  <node id="6653839679" lat="37.3536990" lon="-121.9497731"/>
  <node id="6653839680" lat="37.3537187" lon="-121.9497642"/>
  <node id="6653839681" lat="37.3537353" lon="-121.9497636"/>
  <node id="6653839682" lat="37.3537560" lon="-121.9497725"/>
  <node id="6653839683" lat="37.3544678" lon="-121.9501932"/>
  <node id="6653839684" lat="37.3545050" lon="-121.9502121"/>
  <node id="6653888985" lat="37.3545784" lon="-121.9502497"/>
  <node id="6653888986" lat="37.3546073" lon="-121.9501604"/>
  <node id="6653888987" lat="37.3545308" lon="-121.9499917"/>
  <node id="6653888988" lat="37.3545743" lon="-121.9500171"/>
  <node id="6653888989" lat="37.3544972" lon="-121.9500991"/>
  <node id="6653888990" lat="37.3545781" lon="-121.9500068"/>
  <node id="6653888997" lat="37.3537791" lon="-121.9495055"/>
  <node id="6653888998" lat="37.3537803" lon="-121.9495544"/>
  <node id="6653888999" lat="37.3538026" lon="-121.9495867"/>
  <node id="6653889000" lat="37.3538483" lon="-121.9496083"/>
  <node id="6653889005" lat="37.3537419" lon="-121.9496577"/>
  <node id="6653983552" lat="37.3567497" lon="-121.9529696"/>
  <node id="6653983553" lat="37.3567539" lon="-121.9529384"/>
  <node id="6653983554" lat="37.3567510" lon="-121.9529099"/>
  <node id="6653983555" lat="37.3567365" lon="-121.9528776"/>
  <node id="6653983556" lat="37.3567164" lon="-121.9528560"/>
  <node id="6653983557" lat="37.3559718" lon="-121.9524348"/>
  <node id="6653983558" lat="37.3559555" lon="-121.9524308"/>
  <node id="6653983559" lat="37.3559389" lon="-121.9524316"/>
  <node id="6653983560" lat="37.3559080" lon="-121.9524418"/>
  <node id="6653983561" lat="37.3558967" lon="-121.9524535"/>
  <node id="6653983562" lat="37.3558819" lon="-121.9524756"/>
  <node id="6653983563" lat="37.3556737" lon="-121.9530643"/>
  <node id="6653983564" lat="37.3556722" lon="-121.9530846"/>
  <node id="6653983565" lat="37.3556728" lon="-121.9531080"/>
  <node id="6653983566" lat="37.3556839" lon="-121.9531403"/>
  <node id="6653983567" lat="37.3556994" lon="-121.9531587"/>
  <node id="6653983568" lat="37.3557093" lon="-121.9531697"/>
  <node id="6653983569" lat="37.3565177" lon="-121.9535964"/>
  <node id="6653983570" lat="37.3567388" lon="-121.9528826"/>
  <node id="6653983571" lat="37.3567668" lon="-121.9527378"/>
  <node id="6653983572" lat="37.3568147" lon="-121.9529190"/>
  <node id="6653983573" lat="37.3568505" lon="-121.9526582"/>
  <node id="6653983574" lat="37.3568456" lon="-121.9526815"/>
  <node id="6653983575" lat="37.3570920" lon="-121.9516759"/>
  <node id="6653983576" lat="37.3571455" lon="-121.9517076"/>
  <node id="6653983577" lat="37.3571584" lon="-121.9514897"/>
  <node id="6653983578" lat="37.3572140" lon="-121.9515226"/>
  <node id="6653983579" lat="37.3575830" lon="-121.9504711"/>
  <node id="6653983580" lat="37.3575692" lon="-121.9503439"/>
  <node id="6653983581" lat="37.3575800" lon="-121.9504799"/>
  <node id="6653983582" lat="37.3556502" lon="-121.9532969"/>
  <node id="6653983583" lat="37.3556675" lon="-121.9532165"/>
  <node id="6653983584" lat="37.3556878" lon="-121.9532277"/>
  <node id="6653989285" lat="37.3565626" lon="-121.9536236"/>
  <node id="6653989286" lat="37.3565941" lon="-121.9538079"/>
  <node id="6653989287" lat="37.3566169" lon="-121.9537449"/>
  <node id="6653989288" lat="37.3564668" lon="-121.9537384"/>
  <node id="6653989289" lat="37.3564900" lon="-121.9536736"/>
  <node id="6659520158" lat="37.3530417" lon="-121.9505227"/>
  <node id="6659520159" lat="37.3530597" lon="-121.9505137"/>
  <node id="6659520160" lat="37.3530698" lon="-121.9505076"/>
  <node id="6659520161" lat="37.3531008" lon="-121.9504681"/>
  <node id="6659520162" lat="37.3533886" lon="-121.9496606"/>
  <node id="6659520163" lat="37.3533935" lon="-121.9496369"/>
  <node id="6659520164" lat="37.3533922" lon="-121.9496094"/>
  <node id="6659520165" lat="37.3533836" lon="-121.9495799"/>
  <node id="6659520166" lat="37.3533647" lon="-121.9495578"/>
  <node id="6659520172" lat="37.3523972" lon="-121.9502069"/>
  <node id="6659520173" lat="37.3528884" lon="-121.9504975"/>
  <node id="6659520174" lat="37.3529168" lon="-121.9504783"/>
  <node id="6659520175" lat="37.3529957" lon="-121.9505204"/>
  <node id="6659520176" lat="37.3530224" lon="-121.9505236"/>
  <node id="6659520177" lat="37.3529974" lon="-121.9506481"/>
  <node id="6659520178" lat="37.3523605" lon="-121.9503038"/>
  <node id="6659520179" lat="37.3523185" lon="-121.9501657"/>
  <node id="6659520181" lat="37.3531564" lon="-121.9505569"/>
  <node id="6659520182" lat="37.3532830" lon="-121.9506288"/>
  <node id="6659520183" lat="37.3533884" lon="-121.9507120"/>
  <node id="6659520184" lat="37.3533452" lon="-121.9508346"/>
  <node id="6659538485" lat="37.3530451" lon="-121.9508716"/>
  <node id="6659538486" lat="37.3531714" lon="-121.9509432"/>
  <node id="6659538488" lat="37.3534355" lon="-121.9494864"/>
  <node id="6712917157" lat="37.3524519" lon="-121.9555483"/>
  <node id="6712917158" lat="37.3523489" lon="-121.9534085"/>
  <node id="6712917159" lat="37.3530821" lon="-121.9511983"/>
  <node id="6712917160" lat="37.3532903" lon="-121.9501771"/>
  <node id="6804262700" lat="37.3536962" lon="-121.9510392"/>
  <node id="6804262701" lat="37.3537981" lon="-121.9510987"/>
  <node id="6804262702" lat="37.3557026" lon="-121.9521381"/>
  <node id="6804262703" lat="37.3561086" lon="-121.9523671"/>
  <node id="6804262704" lat="37.3583195" lon="-121.9535824"/>
  <node id="6804262705" lat="37.3582353" lon="-121.9535166"/>
  <node id="7089562422" lat="37.3547473" lon="-121.9523059"/>
  <node id="7089575200" lat="37.3546024" lon="-121.9526529"/>
  <node id="7089575205" lat="37.3545893" lon="-121.9529081"/>
  <node id="7089575206" lat="37.3544715" lon="-121.9528788"/>
  <node id="7089575207" lat="37.3542355" lon="-121.9527474"/>
  <node id="7096340560" lat="37.3545381" lon="-121.9528377"/>
  <node id="7096340564" lat="37.3543604" lon="-121.9512980"/>
  <node id="7096813825" lat="37.3545601" lon="-121.9526368"/>
  <node id="7192441733" lat="37.3584651" lon="-121.9508244"/>
  <node id="7192441734" lat="37.3584346" lon="-121.9509379"/>
  <node id="7192441735" lat="37.3583965" lon="-121.9510486"/>
  <node id="7192441736" lat="37.3583664" lon="-121.9511352"/>
  <node id="7192441737" lat="37.3583468" lon="-121.9512602"/>
  <node id="7192441738" lat="37.3582960" lon="-121.9514007"/>
  <node id="7192441739" lat="37.3582163" lon="-121.9516023"/>
  <node id="7223827687" lat="37.3575451" lon="-121.9558875"/>
  <node id="7227055160" lat="37.3580168" lon="-121.9555870"/>
  <node id="7227055161" lat="37.3579747" lon="-121.9556763"/>
  <node id="7227055162" lat="37.3579261" lon="-121.9557706"/>
  <node id="7227055163" lat="37.3578417" lon="-121.9558988"/>
  <node id="7227055164" lat="37.3580372" lon="-121.9555308"/>
  <node id="7298609747" lat="37.3524046" lon="-121.9517339"/>
  <node id="7298609748" lat="37.3523744" lon="-121.9518133"/>
  <node id="7349794777" lat="37.3525691" lon="-121.9528839"/>
  <node id="7349794778" lat="37.3526479" lon="-121.9529260"/>
  <node id="7349794786" lat="37.3527722" lon="-121.9523855"/>
  <node id="7349794787" lat="37.3526933" lon="-121.9523456"/>
  <node id="7537397822" lat="37.3553146" lon="-121.9519183"/>
  <node id="7537397823" lat="37.3552671" lon="-121.9520463"/>
  <node id="7537397826" lat="37.3551266" lon="-121.9524261"/>
  <node id="7537397827" lat="37.3550455" lon="-121.9523826"/>
  <node id="7547149963" lat="37.3540084" lon="-121.9498136"/>
  <node id="7547149964" lat="37.3539808" lon="-121.9499053"/>
  <node id="7547149965" lat="37.3539179" lon="-121.9501110"/>
  <node id="7558397970" lat="37.3523093" lon="-121.9552079"/>
  <node id="7558397983" lat="37.3523104" lon="-121.9549747"/>
  <node id="7714867091" lat="37.3524711" lon="-121.9517706"/>
  <node id="7714867092" lat="37.3526203" lon="-121.9517961"/>
  <node id="7714867093" lat="37.3526037" lon="-121.9518455"/>
  <node id="7934024681" lat="37.3553636" lon="-121.9500795"/>
  <node id="7934024682" lat="37.3552533" lon="-121.9504013"/>
  <node id="7934024683" lat="37.3552224" lon="-121.9504937"/>
  <node id="8343586854" lat="37.3546683" lon="-121.9529233"/>
  <node id="8343586855" lat="37.3548101" lon="-121.9530022"/>
  <node id="8343586856" lat="37.3545978" lon="-121.9528841"/>
  <node id="8343586857" lat="37.3549768" lon="-121.9530934"/>
  <node id="8343586858" lat="37.3550143" lon="-121.9529848"/>
  <node id="8343586872" lat="37.3552641" lon="-121.9520545"/>
  <node id="8410858728" lat="37.3571579" lon="-121.9501105"/>
  <node id="8410858729" lat="37.3571867" lon="-121.9500316"/>
  <node id="8410858730" lat="37.3572897" lon="-121.9497022"/>
  <node id="8414999017" lat="37.3544763" lon="-121.9514638"/>
  <node id="8414999018" lat="37.3546368" lon="-121.9510274"/>
  <node id="8414999019" lat="37.3545085" lon="-121.9513763"/>
  <node id="8414999020" lat="37.3546746" lon="-121.9515682"/>
  <node id="8414999021" lat="37.3548106" lon="-121.9511650"/>
  <node id="8414999022" lat="37.3547044" lon="-121.9514799"/>
  <node id="8484540625" lat="37.3541380" lon="-121.9498888"/>
  <node id="8484540626" lat="37.3541720" lon="-121.9497896"/>
  <node id="8484540627" lat="37.3542645" lon="-121.9495436"/>
  <node id="8484540628" lat="37.3542815" lon="-121.9495173"/>
  <node id="8484540629" lat="37.3543112" lon="-121.9494924"/>
  <node id="8484540630" lat="37.3542101" lon="-121.9496882"/>
  <node id="8608498274" lat="37.3522895" lon="-121.9530711"/>
  <node id="8608701198" lat="37.3562112" lon="-121.9559173"/>
  <node id="8608701199" lat="37.3562215" lon="-121.9559144"/>
  <node id="8608701200" lat="37.3572700" lon="-121.9541072"/>
  <node id="8608701201" lat="37.3557779" lon="-121.9553907"/>
  <node id="8608701202" lat="37.3553925" lon="-121.9552882"/>
  <node id="8608754141" lat="37.3559231" lon="-121.9521402"/>
  <node id="8608754142" lat="37.3558334" lon="-121.9523962"/>
  <node id="9006045624" lat="37.3529884" lon="-121.9536542"/>
  <node id="9006045625" lat="37.3529725" lon="-121.9536722"/>
  <node id="9006045626" lat="37.3529624" lon="-121.9536959"/>
  <node id="9006045627" lat="37.3529591" lon="-121.9537224"/>
  <node id="9006045628" lat="37.3529632" lon="-121.9537488"/>
  <node id="9006045629" lat="37.3529741" lon="-121.9537720"/>
  <node id="9006045630" lat="37.3529905" lon="-121.9537891"/>
  <node id="9006045631" lat="37.3530105" lon="-121.9537984"/>
  <node id="9006045632" lat="37.3530319" lon="-121.9537986"/>
  <node id="9006045633" lat="37.3530653" lon="-121.9537773"/>
  <node id="9006045634" lat="37.3530755" lon="-121.9537610"/>
  <node id="9057890931" lat="37.3532949" lon="-121.9535630"/>
  <node id="9057890932" lat="37.3529415" lon="-121.9533648"/>
  <node id="9057890933" lat="37.3528864" lon="-121.9533123"/>
  <node id="9057890934" lat="37.3528588" lon="-121.9532658"/>
  <node id="9057890935" lat="37.3528494" lon="-121.9532108"/>
  <node id="9057890936" lat="37.3529310" lon="-121.9528751"/>
  <node id="9057890937" lat="37.3529513" lon="-121.9528114"/>
  <node id="9057890938" lat="37.3530132" lon="-121.9528166"/>
  <node id="9057890939" lat="37.3534356" lon="-121.9530446"/>
  <node id="9057890940" lat="37.3535183" lon="-121.9530907"/>
  <node id="9057890941" lat="37.3536935" lon="-121.9525771"/>
  <node id="9057890942" lat="37.3536195" lon="-121.9525230"/>
  <node id="9057890943" lat="37.3531504" lon="-121.9522503"/>
  <node id="9057890944" lat="37.3531061" lon="-121.9522266"/>
  <node id="9057890945" lat="37.3531266" lon="-121.9521544"/>
  <node id="9057890946" lat="37.3532596" lon="-121.9517974"/>
  <node id="9057890947" lat="37.3532858" lon="-121.9517387"/>
  <node id="9057890948" lat="37.3533639" lon="-121.9517791"/>
  <node id="9057890949" lat="37.3537938" lon="-121.9520305"/>
  <node id="9057890950" lat="37.3538681" lon="-121.9520657"/>
  <node id="9057890951" lat="37.3529677" lon="-121.9526864"/>
  <node id="9057890952" lat="37.3530175" lon="-121.9524815"/>
  <node id="9792434344" lat="37.3527691" lon="-121.9548428"/>
  <node id="13008475199" lat="37.3533835" lon="-121.9514822"/>
  <node id="13008475200" lat="37.3586891" lon="-121.9516053"/>
  <node id="13008521101" lat="37.3586465" lon="-121.9517340"/>
  <node id="13008521102" lat="37.3585292" lon="-121.9516669"/>
  <node id="13307813797" lat="37.3569359" lon="-121.9558679"/>
  <node id="13807615206" lat="37.3544347" lon="-121.9533321"/>
  <node id="13807615207" lat="37.3540915" lon="-121.9531311"/>
  <node id="13807615208" lat="37.3540130" lon="-121.9533313"/>
  <node id="13807615209" lat="37.3541560" lon="-121.9529340"/>
  <node id="65423698" lat="37.3595227" lon="-121.9645285"/>
  <node id="65482959" lat="37.3595478" lon="-121.9649960"/>
  <node id="65482962" lat="37.3595303" lon="-121.9638181"/>
  <node id="65482964" lat="37.3595623" lon="-121.9631118"/>
  <node id="65482967" lat="37.3595537" lon="-121.9626293"/>
  <node id="65511213" lat="37.3589514" lon="-121.9649947"/>
  <node id="668454295" lat="37.3588669" lon="-121.9648088"/>
  <node id="1078231519" lat="37.3595537" lon="-121.9648249"/>
  <node id="1078231527" lat="37.3594826" lon="-121.9641457"/>
  <node id="6648903924" lat="37.3634430" lon="-121.9662329"/>
  <node id="6648954961" lat="37.3634186" lon="-121.9662100"/>
  <node id="6648954962" lat="37.3633917" lon="-121.9661767"/>
  <node id="6648954963" lat="37.3633580" lon="-121.9661247"/>
  <node id="6648954964" lat="37.3633018" lon="-121.9660260"/>
  <node id="6648954965" lat="37.3632433" lon="-121.9659160"/>
  <node id="6648954966" lat="37.3632037" lon="-121.9658162"/>
  <node id="6648954967" lat="37.3631184" lon="-121.9656000"/>
  <node id="6648954968" lat="37.3628060" lon="-121.9648610"/>
  <node id="6648954969" lat="37.3627137" lon="-121.9646957"/>
  <node id="6648954970" lat="37.3625901" lon="-121.9644023"/>
  <node id="6648954971" lat="37.3625727" lon="-121.9643512"/>
  <node id="6648954972" lat="37.3625727" lon="-121.9643312"/>
  <node id="6648954973" lat="37.3625915" lon="-121.9642996"/>
  <node id="6648954974" lat="37.3626123" lon="-121.9642660"/>
  <node id="6648954975" lat="37.3627151" lon="-121.9641678"/>
  <node id="6648954976" lat="37.3627894" lon="-121.9640915"/>
  <node id="6648954977" lat="37.3628431" lon="-121.9640270"/>
  <node id="6648954978" lat="37.3629813" lon="-121.9638376"/>
  <node id="6648954979" lat="37.3630135" lon="-121.9638244"/>
  <node id="6648954980" lat="37.3630469" lon="-121.9638306"/>
  <node id="6648954981" lat="37.3630816" lon="-121.9638680"/>
  <node id="6648954982" lat="37.3631905" lon="-121.9640448"/>
  <node id="6648954983" lat="37.3632741" lon="-121.9642278"/>
  <node id="6648954984" lat="37.3635390" lon="-121.9648930"/>
  <node id="6648956685" lat="37.3636758" lon="-121.9652388"/>
  <node id="6648956686" lat="37.3636956" lon="-121.9652762"/>
  <node id="6648956687" lat="37.3637278" lon="-121.9653042"/>
  <node id="6648956688" lat="37.3637569" lon="-121.9653198"/>
  <node id="6648956689" lat="37.3637934" lon="-121.9653237"/>
  <node id="6648956690" lat="37.3638256" lon="-121.9653143"/>
  <node id="6648956691" lat="37.3638584" lon="-121.9652925"/>
  <node id="6648956692" lat="37.3638807" lon="-121.9652637"/>
  <node id="6648956693" lat="37.3638925" lon="-121.9652310"/>
  <node id="6648956694" lat="37.3639036" lon="-121.9652053"/>
  <node id="6648956695" lat="37.3639210" lon="-121.9651796"/>
  <node id="6648956696" lat="37.3648675" lon="-121.9645417"/>
  <node id="6648956697" lat="37.3649120" lon="-121.9645339"/>
  <node id="6648956698" lat="37.3649609" lon="-121.9645479"/>
  <node id="6648956699" lat="37.3649845" lon="-121.9645643"/>
  <node id="6648956700" lat="37.3650247" lon="-121.9645728"/>
  <node id="6648956701" lat="37.3650569" lon="-121.9645721"/>
  <node id="6648956702" lat="37.3650841" lon="-121.9645534"/>
  <node id="6648956703" lat="37.3651107" lon="-121.9645074"/>
  <node id="6648956704" lat="37.3651220" lon="-121.9644570"/>
  <node id="6648956705" lat="37.3651182" lon="-121.9644311"/>
  <node id="6648956706" lat="37.3651045" lon="-121.9643953"/>
  <node id="6648956707" lat="37.3650835" lon="-121.9643664"/>
  <node id="6648956708" lat="37.3650556" lon="-121.9643415"/>
  <node id="6648956709" lat="37.3650321" lon="-121.9643119"/>
  <node id="6648956710" lat="37.3644704" lon="-121.9630241"/>
  <node id="6648956718" lat="37.3620692" lon="-121.9630073"/>
  <node id="6648956719" lat="37.3620422" lon="-121.9630174"/>
  <node id="6648956720" lat="37.3620153" lon="-121.9630140"/>
  <node id="6648956721" lat="37.3619919" lon="-121.9629971"/>
  <node id="6648956722" lat="37.3619604" lon="-121.9629642"/>
  <node id="6648956723" lat="37.3617364" lon="-121.9625499"/>
  <node id="6648956842" lat="37.3630297" lon="-121.9638274"/>
  <node id="6648956850" lat="37.3622919" lon="-121.9643283"/>
  <node id="6648956852" lat="37.3623021" lon="-121.9642948"/>
  <node id="6648975896" lat="37.3618471" lon="-121.9647420"/>
  <node id="6648975898" lat="37.3619798" lon="-121.9646202"/>
  <node id="6648986852" lat="37.3643529" lon="-121.9627541"/>
  <node id="6648986882" lat="37.3642637" lon="-121.9625491"/>
  <node id="6649067582" lat="37.3622794" lon="-121.9643555"/>
  <node id="6649067583" lat="37.3617131" lon="-121.9648303"/>
  <node id="6649067584" lat="37.3616140" lon="-121.9648778"/>
  <node id="6649082185" lat="37.3614914" lon="-121.9649095"/>
  <node id="6649082186" lat="37.3612246" lon="-121.9649124"/>
  <node id="6649082187" lat="37.3595498" lon="-121.9649074"/>
  <node id="6649082188" lat="37.3590220" lon="-121.9649065"/>
  <node id="6649082189" lat="37.3589979" lon="-121.9648981"/>
  <node id="6649082190" lat="37.3589813" lon="-121.9648804"/>
  <node id="6649082191" lat="37.3589297" lon="-121.9647590"/>
  <node id="6649082192" lat="37.3588757" lon="-121.9645749"/>
  <node id="6649082193" lat="37.3588549" lon="-121.9644159"/>
  <node id="6649082194" lat="37.3588507" lon="-121.9643542"/>
  <node id="6649082195" lat="37.3588507" lon="-121.9641157"/>
  <node id="6649082196" lat="37.3588532" lon="-121.9638971"/>
  <node id="6649082197" lat="37.3588532" lon="-121.9636252"/>
  <node id="6649082198" lat="37.3588532" lon="-121.9633344"/>
  <node id="6649082199" lat="37.3588532" lon="-121.9630300"/>
  <node id="6649082200" lat="37.3588549" lon="-121.9628051"/>
  <node id="6649082236" lat="37.3615598" lon="-121.9626491"/>
  <node id="6649082237" lat="37.3616296" lon="-121.9627879"/>
  <node id="6649082238" lat="37.3618385" lon="-121.9631703"/>
  <node id="6649082239" lat="37.3618699" lon="-121.9632322"/>
  <node id="6649082240" lat="37.3619619" lon="-121.9634248"/>
  <node id="6649082241" lat="37.3620135" lon="-121.9635399"/>
  <node id="6649082242" lat="37.3621313" lon="-121.9638276"/>
  <node id="6649082243" lat="37.3622329" lon="-121.9640776"/>
  <node id="6649082244" lat="37.3622785" lon="-121.9641928"/>
  <node id="6649082245" lat="37.3622992" lon="-121.9642494"/>
  <node id="6698244775" lat="37.3589915" lon="-121.9648913"/>
  <node id="6698244776" lat="37.3588969" lon="-121.9648893"/>
  <node id="8555572943" lat="37.3588930" lon="-121.9648786"/>
  <node id="65447776" lat="37.3637053" lon="-121.9614570"/>
  <node id="65460313" lat="37.3619657" lon="-121.9574489"/>
  <node id="65460317" lat="37.3619636" lon="-121.9579885"/>
  <node id="65460320" lat="37.3619748" lon="-121.9589083"/>
  <node id="65482970" lat="37.3595497" lon="-121.9624054"/>
  <node id="65482973" lat="37.3595748" lon="-121.9619540"/>
  <node id="65482975" lat="37.3595789" lon="-121.9615780"/>
  <node id="65482978" lat="37.3595865" lon="-121.9608699"/>
  <node id="65482981" lat="37.3595946" lon="-121.9601264"/>
  <node id="65482985" lat="37.3595984" lon="-121.9595896"/>
  <node id="65511201" lat="37.3590461" lon="-121.9595787"/>
  <node id="65511204" lat="37.3590001" lon="-121.9600569"/>
  <node id="65511206" lat="37.3588381" lon="-121.9603737"/>
  <node id="65596343" lat="37.3610040" lon="-121.9579874"/>
  <node id="65596348" lat="37.3609992" lon="-121.9595568"/>
  <node id="65635213" lat="37.3600337" lon="-121.9585709"/>
  <node id="65635214" lat="37.3600415" lon="-121.9579749"/>
  <node id="282818585" lat="37.3607221" lon="-121.9564906"/>
  <node id="282818587" lat="37.3609746" lon="-121.9572717"/>
  <node id="282818622" lat="37.3593441" lon="-121.9578124"/>
  <node id="282818623" lat="37.3593341" lon="-121.9583321"/>
  <node id="282818624" lat="37.3590974" lon="-121.9590147"/>
  <node id="282818673" lat="37.3608654" lon="-121.9568511"/>
  <node id="286891579" lat="37.3613736" lon="-121.9616490"/>
  <node id="668437478" lat="37.3610658" lon="-121.9598713"/>
  <node id="668437479" lat="37.3610111" lon="-121.9602084"/>
  <node id="668437483" lat="37.3612840" lon="-121.9596732"/>
  <node id="668437484" lat="37.3611378" lon="-121.9597411"/>
  <node id="668437485" lat="37.3611194" lon="-121.9593605"/>
  <node id="668437486" lat="37.3612575" lon="-121.9594840"/>
  <node id="668437492" lat="37.3610058" lon="-121.9591691"/>
  <node id="668454296" lat="37.3590391" lon="-121.9598717"/>
  <node id="668454297" lat="37.3590503" lon="-121.9594334"/>
  <node id="1123102902" lat="37.3598408" lon="-121.9595867"/>
  <node id="1123102909" lat="37.3588885" lon="-121.9563170"/>
  <node id="1123102911" lat="37.3598399" lon="-121.9599133"/>
  <node id="1123102913" lat="37.3598400" lon="-121.9597800"/>
  <node id="1123102924" lat="37.3598781" lon="-121.9599125"/>
  <node id="1123102932" lat="37.3603676" lon="-121.9599143"/>
  <node id="1123102962" lat="37.3610023" lon="-121.9611382"/>
  <node id="1123102963" lat="37.3597700" lon="-121.9599300"/>
  <node id="1123102974" lat="37.3597585" lon="-121.9599800"/>
  <node id="1123102983" lat="37.3597571" lon="-121.9604028"/>
  <node id="1123102996" lat="37.3597575" lon="-121.9607949"/>
  <node id="2997127027" lat="37.3610993" lon="-121.9597949"/>
  <node id="2997127028" lat="37.3612124" lon="-121.9596921"/>
  <node id="3107944647" lat="37.3608976" lon="-121.9579801"/>
  <node id="3107944649" lat="37.3611360" lon="-121.9579888"/>
  <node id="4169821893" lat="37.3592792" lon="-121.9595866"/>
  <node id="4181855195" lat="37.3609306" lon="-121.9570665"/>
  <node id="4181855196" lat="37.3609967" lon="-121.9574594"/>
  <node id="4181855197" lat="37.3610021" lon="-121.9577223"/>
  <node id="4181855198" lat="37.3610042" lon="-121.9582426"/>
  <node id="4181885892" lat="37.3604907" lon="-121.9595817"/>
  <node id="4320033102" lat="37.3611612" lon="-121.9594061"/>
  <node id="4320033104" lat="37.3610931" lon="-121.9593107"/>
  <node id="4320033105" lat="37.3610055" lon="-121.9589917"/>
  <node id="4320033106" lat="37.3612194" lon="-121.9589865"/>
  <node id="4320033109" lat="37.3612281" lon="-121.9592458"/>
  <node id="4320033110" lat="37.3612493" lon="-121.9592607"/>
  <node id="4320033111" lat="37.3613356" lon="-121.9592613"/>
  <node id="4320033112" lat="37.3613426" lon="-121.9594860"/>
  <node id="4772455193" lat="37.3612378" lon="-121.9592553"/>
  <node id="4772455194" lat="37.3612211" lon="-121.9592332"/>
  <node id="4772455195" lat="37.3612174" lon="-121.9592185"/>
  <node id="4951308912" lat="37.3606335" lon="-121.9587088"/>
  <node id="4951308913" lat="37.3608608" lon="-121.9587048"/>
  <node id="4951308914" lat="37.3610048" lon="-121.9585693"/>
  <node id="4951308915" lat="37.3608883" lon="-121.9585727"/>
  <node id="4951308916" lat="37.3608632" lon="-121.9586143"/>
  <node id="4951308917" lat="37.3608595" lon="-121.9587518"/>
  <node id="4951308918" lat="37.3608899" lon="-121.9588121"/>
  <node id="4951308919" lat="37.3610052" lon="-121.9588287"/>
  <node id="4951309137" lat="37.3608760" lon="-121.9589878"/>
  <node id="4951309138" lat="37.3608734" lon="-121.9592145"/>
  <node id="4951309139" lat="37.3610053" lon="-121.9592291"/>
  <node id="4951309141" lat="37.3607113" lon="-121.9592164"/>
  <node id="4951309143" lat="37.3606989" lon="-121.9595807"/>
  <node id="4951309144" lat="37.3606323" lon="-121.9595797"/>
  <node id="4951309145" lat="37.3606357" lon="-121.9598450"/>
  <node id="4951309148" lat="37.3607400" lon="-121.9600017"/>
  <node id="4951309149" lat="37.3610006" lon="-121.9600274"/>
  <node id="6487383600" lat="37.3619714" lon="-121.9584903"/>
  <node id="6487383601" lat="37.3619656" lon="-121.9574633"/>
  <node id="6546454348" lat="37.3592895" lon="-121.9560023"/>
  <node id="6546454349" lat="37.3592866" lon="-121.9570270"/>
  <node id="6546454350" lat="37.3592845" lon="-121.9577582"/>
  <node id="6546454351" lat="37.3592881" lon="-121.9580661"/>
  <node id="6546454352" lat="37.3592801" lon="-121.9582396"/>
  <node id="6546454353" lat="37.3592686" lon="-121.9583341"/>
  <node id="6546454354" lat="37.3592491" lon="-121.9584413"/>
  <node id="6546454355" lat="37.3592282" lon="-121.9585240"/>
  <node id="6546454356" lat="37.3591697" lon="-121.9586747"/>
  <node id="6546454357" lat="37.3591365" lon="-121.9587519"/>
  <node id="6546454361" lat="37.3590669" lon="-121.9589163"/>
  <node id="6546454362" lat="37.3590396" lon="-121.9590049"/>
  <node id="6546454363" lat="37.3590077" lon="-121.9591695"/>
  <node id="6546454364" lat="37.3589938" lon="-121.9592853"/>
  <node id="6546454365" lat="37.3589960" lon="-121.9593689"/>
  <node id="6546454366" lat="37.3589885" lon="-121.9594091"/>
  <node id="6546454367" lat="37.3589715" lon="-121.9594432"/>
  <node id="6546454368" lat="37.3589454" lon="-121.9594599"/>
  <node id="6648956711" lat="37.3637687" lon="-121.9614115"/>
  <node id="6648956712" lat="37.3636622" lon="-121.9614870"/>
  <node id="6648956713" lat="37.3637717" lon="-121.9617495"/>
  <node id="6648956714" lat="37.3637750" lon="-121.9617832"/>
  <node id="6648956715" lat="37.3637635" lon="-121.9618376"/>
  <node id="6648956716" lat="37.3637389" lon="-121.9618630"/>
  <node id="6648956717" lat="37.3636810" lon="-121.9619009"/>
  <node id="6648956724" lat="37.3616864" lon="-121.9624510"/>
  <node id="6648956725" lat="37.3615013" lon="-121.9620243"/>
  <node id="6648956726" lat="37.3613776" lon="-121.9616631"/>
  <node id="6648956727" lat="37.3613062" lon="-121.9614097"/>
  <node id="6648956728" lat="37.3612234" lon="-121.9610683"/>
  <node id="6648956729" lat="37.3612091" lon="-121.9610097"/>
  <node id="6648956730" lat="37.3612068" lon="-121.9609649"/>
  <node id="6648956731" lat="37.3612171" lon="-121.9609436"/>
  <node id="6648956732" lat="37.3612374" lon="-121.9609231"/>
  <node id="6648956733" lat="37.3613491" lon="-121.9608875"/>
  <node id="6648956734" lat="37.3613764" lon="-121.9608829"/>
  <node id="6648956735" lat="37.3614086" lon="-121.9608938"/>
  <node id="6648956736" lat="37.3614219" lon="-121.9609047"/>
  <node id="6648956737" lat="37.3614419" lon="-121.9609515"/>
  <node id="6648956738" lat="37.3614828" lon="-121.9611473"/>
  <node id="6648956739" lat="37.3615134" lon="-121.9612754"/>
  <node id="6648956740" lat="37.3615350" lon="-121.9613540"/>
  <node id="6648956741" lat="37.3615583" lon="-121.9613913"/>
  <node id="6648956742" lat="37.3615962" lon="-121.9614302"/>
  <node id="6648956743" lat="37.3616201" lon="-121.9614449"/>
  <node id="6648956744" lat="37.3616614" lon="-121.9614557"/>
  <node id="6648956745" lat="37.3617010" lon="-121.9614536"/>
  <node id="6648956746" lat="37.3617309" lon="-121.9614436"/>
  <node id="6648956747" lat="37.3618177" lon="-121.9613858"/>
  <node id="6648956748" lat="37.3619062" lon="-121.9613361"/>
  <node id="6648956749" lat="37.3619544" lon="-121.9613239"/>
  <node id="6648956750" lat="37.3619860" lon="-121.9613294"/>
  <node id="6648956751" lat="37.3620332" lon="-121.9613252"/>
  <node id="6648956752" lat="37.3620678" lon="-121.9612992"/>
  <node id="6648956753" lat="37.3620824" lon="-121.9612800"/>
  <node id="6648956754" lat="37.3620914" lon="-121.9612651"/>
  <node id="6648956755" lat="37.3620990" lon="-121.9612298"/>
  <node id="6648956756" lat="37.3620971" lon="-121.9611921"/>
  <node id="6648956757" lat="37.3620904" lon="-121.9611582"/>
  <node id="6648956758" lat="37.3620738" lon="-121.9611289"/>
  <node id="6648956759" lat="37.3620591" lon="-121.9610925"/>
  <node id="6648956760" lat="37.3619876" lon="-121.9607800"/>
  <node id="6648956761" lat="37.3619348" lon="-121.9604503"/>
  <node id="6648956762" lat="37.3619108" lon="-121.9601871"/>
  <node id="6648956763" lat="37.3618985" lon="-121.9599628"/>
  <node id="6648956764" lat="37.3618895" lon="-121.9599260"/>
  <node id="6648956765" lat="37.3618826" lon="-121.9599073"/>
  <node id="6648956766" lat="37.3618596" lon="-121.9598712"/>
  <node id="6648956767" lat="37.3618293" lon="-121.9598339"/>
  <node id="6648956768" lat="37.3617841" lon="-121.9598109"/>
  <node id="6648956769" lat="37.3617030" lon="-121.9598071"/>
  <node id="6648956770" lat="37.3614658" lon="-121.9598000"/>
  <node id="6648956771" lat="37.3614366" lon="-121.9598084"/>
  <node id="6648956772" lat="37.3614103" lon="-121.9598235"/>
  <node id="6648956773" lat="37.3613766" lon="-121.9598648"/>
  <node id="6648956774" lat="37.3613554" lon="-121.9599140"/>
  <node id="6648956775" lat="37.3613476" lon="-121.9599626"/>
  <node id="6648956776" lat="37.3613438" lon="-121.9600817"/>
  <node id="6648956777" lat="37.3613539" lon="-121.9602414"/>
  <node id="6648956778" lat="37.3613558" lon="-121.9603222"/>
  <node id="6648956779" lat="37.3613645" lon="-121.9603915"/>
  <node id="6648956780" lat="37.3613949" lon="-121.9606576"/>
  <node id="6648956781" lat="37.3613993" lon="-121.9607183"/>
  <node id="6648956782" lat="37.3613867" lon="-121.9607560"/>
  <node id="6648956783" lat="37.3613655" lon="-121.9607803"/>
  <node id="6648956784" lat="37.3613365" lon="-121.9607936"/>
  <node id="6648956785" lat="37.3612409" lon="-121.9608149"/>
  <node id="6648956786" lat="37.3612144" lon="-121.9608173"/>
  <node id="6648956787" lat="37.3611840" lon="-121.9608015"/>
  <node id="6648956788" lat="37.3611656" lon="-121.9607596"/>
  <node id="6648956789" lat="37.3611579" lon="-121.9606904"/>
  <node id="6648956790" lat="37.3611217" lon="-121.9603514"/>
  <node id="6648956791" lat="37.3610966" lon="-121.9599486"/>
  <node id="6648956792" lat="37.3611072" lon="-121.9598861"/>
  <node id="6648956793" lat="37.3611294" lon="-121.9598405"/>
  <node id="6648956794" lat="37.3611555" lon="-121.9597986"/>
  <node id="6648956795" lat="37.3612057" lon="-121.9597579"/>
  <node id="6648956796" lat="37.3612593" lon="-121.9597397"/>
  <node id="6648956797" lat="37.3613327" lon="-121.9597312"/>
  <node id="6648956798" lat="37.3614239" lon="-121.9597330"/>
  <node id="6648956799" lat="37.3617286" lon="-121.9597330"/>
  <node id="6648956800" lat="37.3619657" lon="-121.9597342"/>
  <node id="6648956801" lat="37.3624427" lon="-121.9597293"/>
  <node id="6648956802" lat="37.3625769" lon="-121.9597160"/>
  <node id="6648956803" lat="37.3626793" lon="-121.9597044"/>
  <node id="6648956804" lat="37.3629525" lon="-121.9597014"/>
  <node id="6648956805" lat="37.3632805" lon="-121.9596999"/>
  <node id="6648956834" lat="37.3613924" lon="-121.9607389"/>
  <node id="6648956836" lat="37.3611743" lon="-121.9607794"/>
  <node id="6649036070" lat="37.3611280" lon="-121.9592866"/>
  <node id="6649036071" lat="37.3611098" lon="-121.9592032"/>
  <node id="6649036072" lat="37.3611098" lon="-121.9589889"/>
  <node id="6649036073" lat="37.3611034" lon="-121.9582360"/>
  <node id="6649036074" lat="37.3611034" lon="-121.9581741"/>
  <node id="6649036075" lat="37.3611173" lon="-121.9581270"/>
  <node id="6649036076" lat="37.3611301" lon="-121.9581014"/>
  <node id="6649036077" lat="37.3611643" lon="-121.9580759"/>
  <node id="6649036078" lat="37.3612028" lon="-121.9580638"/>
  <node id="6649036079" lat="37.3617460" lon="-121.9580665"/>
  <node id="6649036080" lat="37.3618385" lon="-121.9580626"/>
  <node id="6649036081" lat="37.3618574" lon="-121.9580670"/>
  <node id="6649036082" lat="37.3618804" lon="-121.9580785"/>
  <node id="6649036083" lat="37.3618942" lon="-121.9581017"/>
  <node id="6649036084" lat="37.3619074" lon="-121.9581342"/>
  <node id="6649067570" lat="37.3610982" lon="-121.9597225"/>
  <node id="6649067571" lat="37.3611253" lon="-121.9597585"/>
  <node id="6649067572" lat="37.3611002" lon="-121.9594117"/>
  <node id="6649067573" lat="37.3610980" lon="-121.9596326"/>
  <node id="6649067574" lat="37.3611013" lon="-121.9594998"/>
  <node id="6649067575" lat="37.3608713" lon="-121.9593815"/>
  <node id="6649067576" lat="37.3610037" lon="-121.9593967"/>
  <node id="6649067577" lat="37.3608168" lon="-121.9597821"/>
  <node id="6649067578" lat="37.3608399" lon="-121.9595767"/>
  <node id="6649067579" lat="37.3609959" lon="-121.9597453"/>
  <node id="6649067580" lat="37.3611501" lon="-121.9593342"/>
  <node id="6649067581" lat="37.3611280" lon="-121.9593686"/>
  <node id="6649081627" lat="37.3608441" lon="-121.9579131"/>
  <node id="6649081628" lat="37.3608724" lon="-121.9578999"/>
  <node id="6649081629" lat="37.3608941" lon="-121.9578770"/>
  <node id="6649081630" lat="37.3609084" lon="-121.9578533"/>
  <node id="6649081631" lat="37.3609203" lon="-121.9578120"/>
  <node id="6649081632" lat="37.3609283" lon="-121.9577724"/>
  <node id="6649081633" lat="37.3609133" lon="-121.9575108"/>
  <node id="6649081634" lat="37.3609074" lon="-121.9573939"/>
  <node id="6649081635" lat="37.3608951" lon="-121.9573020"/>
  <node id="6649081636" lat="37.3608839" lon="-121.9572387"/>
  <node id="6649081637" lat="37.3608651" lon="-121.9571539"/>
  <node id="6649081638" lat="37.3608434" lon="-121.9570659"/>
  <node id="6649081639" lat="37.3608211" lon="-121.9569996"/>
  <node id="6649081640" lat="37.3607893" lon="-121.9569094"/>
  <node id="6649081641" lat="37.3607624" lon="-121.9568395"/>
  <node id="6649081642" lat="37.3606914" lon="-121.9566747"/>
  <node id="6649081643" lat="37.3606027" lon="-121.9564703"/>
  <node id="6649081644" lat="37.3605660" lon="-121.9563854"/>
  <node id="6649081645" lat="37.3604639" lon="-121.9561515"/>
  <node id="6649081646" lat="37.3604031" lon="-121.9560100"/>
  <node id="6649081657" lat="37.3601023" lon="-121.9567630"/>
  <node id="6649081658" lat="37.3601019" lon="-121.9573178"/>
  <node id="6649081659" lat="37.3601009" lon="-121.9576295"/>
  <node id="6649081660" lat="37.3600992" lon="-121.9578340"/>
  <node id="6649081661" lat="37.3601054" lon="-121.9578594"/>
  <node id="6649081662" lat="37.3601233" lon="-121.9578858"/>
  <node id="6649081663" lat="37.3601418" lon="-121.9579012"/>
  <node id="6649081664" lat="37.3601690" lon="-121.9579091"/>
  <node id="6649081665" lat="37.3601830" lon="-121.9579091"/>
  <node id="6649081666" lat="37.3605625" lon="-121.9579118"/>
  <node id="6649081667" lat="37.3609067" lon="-121.9579807"/>
  <node id="6649081671" lat="37.3601062" lon="-121.9579753"/>
  <node id="6649081672" lat="37.3599722" lon="-121.9581195"/>
  <node id="6649081673" lat="37.3600396" lon="-121.9581189"/>
  <node id="6649081674" lat="37.3599733" lon="-121.9578582"/>
  <node id="6649081675" lat="37.3600419" lon="-121.9578588"/>
  <node id="6649082201" lat="37.3588557" lon="-121.9624735"/>
  <node id="6649082202" lat="37.3588549" lon="-121.9622403"/>
  <node id="6649082203" lat="37.3588582" lon="-121.9617267"/>
  <node id="6649082204" lat="37.3588590" lon="-121.9610866"/>
  <node id="6649082205" lat="37.3588582" lon="-121.9607633"/>
  <node id="6649082206" lat="37.3588624" lon="-121.9605887"/>
  <node id="6649082207" lat="37.3588698" lon="-121.9605113"/>
  <node id="6649082208" lat="37.3588915" lon="-121.9604318"/>
  <node id="6649082209" lat="37.3589206" lon="-121.9603596"/>
  <node id="6649082210" lat="37.3589663" lon="-121.9602853"/>
  <node id="6649082211" lat="37.3590087" lon="-121.9602153"/>
  <node id="6649082212" lat="37.3590561" lon="-121.9601107"/>
  <node id="6649082213" lat="37.3590835" lon="-121.9600113"/>
  <node id="6649082214" lat="37.3590993" lon="-121.9599307"/>
  <node id="6649082215" lat="37.3591068" lon="-121.9598460"/>
  <node id="6649082216" lat="37.3591118" lon="-121.9597801"/>
  <node id="6649082217" lat="37.3591259" lon="-121.9597519"/>
  <node id="6649082218" lat="37.3591555" lon="-121.9597241"/>
  <node id="6649082219" lat="37.3592152" lon="-121.9597197"/>
  <node id="6649082220" lat="37.3592541" lon="-121.9597229"/>
  <node id="6649082221" lat="37.3595989" lon="-121.9597215"/>
  <node id="6649082222" lat="37.3598400" lon="-121.9597203"/>
  <node id="6649082223" lat="37.3602444" lon="-121.9597190"/>
  <node id="6649082224" lat="37.3606325" lon="-121.9597248"/>
  <node id="6649082225" lat="37.3607132" lon="-121.9597229"/>
  <node id="6649082226" lat="37.3607572" lon="-121.9597356"/>
  <node id="6649082227" lat="37.3607967" lon="-121.9597661"/>
  <node id="6649082228" lat="37.3608401" lon="-121.9598247"/>
  <node id="6649082229" lat="37.3608604" lon="-121.9598781"/>
  <node id="6649082230" lat="37.3608675" lon="-121.9599258"/>
  <node id="6649082231" lat="37.3608695" lon="-121.9600262"/>
  <node id="6649082232" lat="37.3608933" lon="-121.9604244"/>
  <node id="6649082233" lat="37.3610885" lon="-121.9615096"/>
  <node id="6649082234" lat="37.3611608" lon="-121.9617558"/>
  <node id="6649082235" lat="37.3614034" lon="-121.9623555"/>
  <node id="6649082246" lat="37.3608962" lon="-121.9593431"/>
  <node id="6649082247" lat="37.3609072" lon="-121.9592954"/>
  <node id="6649082248" lat="37.3609104" lon="-121.9592546"/>
  <node id="6649082249" lat="37.3609113" lon="-121.9592168"/>
  <node id="6649082250" lat="37.3609122" lon="-121.9589892"/>
  <node id="6649082251" lat="37.3609120" lon="-121.9588160"/>
  <node id="6649082252" lat="37.3609110" lon="-121.9585720"/>
  <node id="6649082253" lat="37.3609127" lon="-121.9581671"/>
  <node id="6649082254" lat="37.3609090" lon="-121.9581369"/>
  <node id="6649082255" lat="37.3609048" lon="-121.9581202"/>
  <node id="6649082256" lat="37.3608852" lon="-121.9580910"/>
  <node id="6649082257" lat="37.3608693" lon="-121.9580757"/>
  <node id="6649082258" lat="37.3608456" lon="-121.9580644"/>
  <node id="6649082259" lat="37.3601645" lon="-121.9580699"/>
  <node id="6649082260" lat="37.3601472" lon="-121.9580742"/>
  <node id="6649082261" lat="37.3601237" lon="-121.9580921"/>
  <node id="6649082262" lat="37.3601072" lon="-121.9581183"/>
  <node id="6649082263" lat="37.3601002" lon="-121.9581446"/>
  <node id="6649082264" lat="37.3600982" lon="-121.9581642"/>
  <node id="6649082265" lat="37.3600991" lon="-121.9584436"/>
  <node id="6649082266" lat="37.3601101" lon="-121.9584859"/>
  <node id="6649082267" lat="37.3601222" lon="-121.9585165"/>
  <node id="6649082268" lat="37.3601304" lon="-121.9585529"/>
  <node id="6649082269" lat="37.3601278" lon="-121.9585864"/>
  <node id="6649082270" lat="37.3601133" lon="-121.9586214"/>
  <node id="6649082271" lat="37.3600918" lon="-121.9586527"/>
  <node id="6649082272" lat="37.3600704" lon="-121.9586688"/>
  <node id="6649082273" lat="37.3600412" lon="-121.9586790"/>
  <node id="6649082274" lat="37.3600090" lon="-121.9586739"/>
  <node id="6649082275" lat="37.3599731" lon="-121.9586538"/>
  <node id="6649082276" lat="37.3599537" lon="-121.9586247"/>
  <node id="6649082277" lat="37.3599369" lon="-121.9585781"/>
  <node id="6649082278" lat="37.3599375" lon="-121.9585340"/>
  <node id="6649082279" lat="37.3599520" lon="-121.9584983"/>
  <node id="6649082280" lat="37.3599708" lon="-121.9584509"/>
  <node id="6649082281" lat="37.3599757" lon="-121.9573019"/>
  <node id="6649082282" lat="37.3599772" lon="-121.9568243"/>
  <node id="6649082314" lat="37.3594075" lon="-121.9561819"/>
  <node id="6649082315" lat="37.3594033" lon="-121.9563547"/>
  <node id="6649082316" lat="37.3594033" lon="-121.9568146"/>
  <node id="6649082317" lat="37.3594051" lon="-121.9572976"/>
  <node id="6649082318" lat="37.3594014" lon="-121.9575425"/>
  <node id="6649082319" lat="37.3593996" lon="-121.9580938"/>
  <node id="6649082320" lat="37.3593996" lon="-121.9582105"/>
  <node id="6649082321" lat="37.3593898" lon="-121.9583273"/>
  <node id="6649082322" lat="37.3593734" lon="-121.9584394"/>
  <node id="6649082323" lat="37.3593520" lon="-121.9585376"/>
  <node id="6649082324" lat="37.3593325" lon="-121.9586014"/>
  <node id="6649082325" lat="37.3592574" lon="-121.9587849"/>
  <node id="6649082326" lat="37.3592293" lon="-121.9588540"/>
  <node id="6649082327" lat="37.3591726" lon="-121.9589884"/>
  <node id="6649082328" lat="37.3591561" lon="-121.9590705"/>
  <node id="6649082329" lat="37.3591274" lon="-121.9592064"/>
  <node id="6649082330" lat="37.3591207" lon="-121.9592955"/>
  <node id="6649082331" lat="37.3591182" lon="-121.9593416"/>
  <node id="6649082332" lat="37.3591250" lon="-121.9594038"/>
  <node id="6649082333" lat="37.3591372" lon="-121.9594253"/>
  <node id="6649082334" lat="37.3591500" lon="-121.9594414"/>
  <node id="6649082335" lat="37.3591739" lon="-121.9594615"/>
  <node id="6649082336" lat="37.3592094" lon="-121.9594607"/>
  <node id="6649082337" lat="37.3605683" lon="-121.9594605"/>
  <node id="6649082338" lat="37.3605819" lon="-121.9594463"/>
  <node id="6649082339" lat="37.3607010" lon="-121.9594590"/>
  <node id="6649082340" lat="37.3607545" lon="-121.9594618"/>
  <node id="6649082341" lat="37.3608072" lon="-121.9594441"/>
  <node id="6649082342" lat="37.3608350" lon="-121.9594222"/>
  <node id="6649103385" lat="37.3619143" lon="-121.9581870"/>
  <node id="6649103386" lat="37.3619126" lon="-121.9587319"/>
  <node id="6649103387" lat="37.3619068" lon="-121.9587622"/>
  <node id="6649103388" lat="37.3618913" lon="-121.9587983"/>
  <node id="6649103389" lat="37.3618752" lon="-121.9588186"/>
  <node id="6649103390" lat="37.3618614" lon="-121.9588403"/>
  <node id="6649103391" lat="37.3618511" lon="-121.9588749"/>
  <node id="6649103392" lat="37.3618488" lon="-121.9589111"/>
  <node id="6649103393" lat="37.3618522" lon="-121.9589544"/>
  <node id="6649103394" lat="37.3618683" lon="-121.9589992"/>
  <node id="6649103395" lat="37.3618930" lon="-121.9590267"/>
  <node id="6649103396" lat="37.3619189" lon="-121.9590397"/>
  <node id="6649103397" lat="37.3619510" lon="-121.9590534"/>
  <node id="6649103398" lat="37.3619832" lon="-121.9590527"/>
  <node id="6649103399" lat="37.3620159" lon="-121.9590397"/>
  <node id="6649103400" lat="37.3620384" lon="-121.9590231"/>
  <node id="6649103401" lat="37.3620619" lon="-121.9589927"/>
  <node id="6649103402" lat="37.3620774" lon="-121.9589537"/>
  <node id="6649103403" lat="37.3620826" lon="-121.9589190"/>
  <node id="6649103404" lat="37.3620826" lon="-121.9588829"/>
  <node id="6649103405" lat="37.3620711" lon="-121.9588439"/>
  <node id="6649103406" lat="37.3620573" lon="-121.9588063"/>
  <node id="6649103407" lat="37.3620401" lon="-121.9587716"/>
  <node id="6649103408" lat="37.3620372" lon="-121.9587355"/>
  <node id="6649103409" lat="37.3620378" lon="-121.9584904"/>
  <node id="6649103410" lat="37.3620320" lon="-121.9577432"/>
  <node id="6649103411" lat="37.3620315" lon="-121.9576009"/>
  <node id="6649103412" lat="37.3620251" lon="-121.9575250"/>
  <node id="6649103413" lat="37.3620183" lon="-121.9574640"/>
  <node id="6649103414" lat="37.3620050" lon="-121.9574014"/>
  <node id="6649103415" lat="37.3619792" lon="-121.9573168"/>
  <node id="6649103416" lat="37.3618632" lon="-121.9570502"/>
  <node id="6649103417" lat="37.3617741" lon="-121.9568435"/>
  <node id="6649103418" lat="37.3616460" lon="-121.9565544"/>
  <node id="6649103467" lat="37.3611214" lon="-121.9581187"/>
  <node id="6649103468" lat="37.3611245" lon="-121.9578488"/>
  <node id="6649103469" lat="37.3611229" lon="-121.9579887"/>
  <node id="6649103470" lat="37.3610041" lon="-121.9581195"/>
  <node id="6649103471" lat="37.3610030" lon="-121.9578513"/>
  <node id="6649103472" lat="37.3619654" lon="-121.9581030"/>
  <node id="6649103473" lat="37.3618841" lon="-121.9580848"/>
  <node id="6649103474" lat="37.3620346" lon="-121.9580822"/>
  <node id="6649103475" lat="37.3619651" lon="-121.9580834"/>
  <node id="6649103476" lat="37.3620331" lon="-121.9578827"/>
  <node id="6649103477" lat="37.3618912" lon="-121.9578787"/>
  <node id="6649103478" lat="37.3619640" lon="-121.9578808"/>
  <node id="6649103479" lat="37.3618874" lon="-121.9579885"/>
  <node id="6649108378" lat="37.3618694" lon="-121.9579008"/>
  <node id="6649108379" lat="37.3618301" lon="-121.9579103"/>
  <node id="6649108380" lat="37.3612074" lon="-121.9579020"/>
  <node id="6649108381" lat="37.3611824" lon="-121.9579020"/>
  <node id="6649108382" lat="37.3611496" lon="-121.9578833"/>
  <node id="6649108383" lat="37.3611105" lon="-121.9578184"/>
  <node id="6649108384" lat="37.3611020" lon="-121.9577614"/>
  <node id="6649111185" lat="37.3611035" lon="-121.9575628"/>
  <node id="6649111186" lat="37.3610980" lon="-121.9574133"/>
  <node id="6649111187" lat="37.3610816" lon="-121.9572492"/>
  <node id="6649111188" lat="37.3610613" lon="-121.9571440"/>
  <node id="6649111189" lat="37.3610371" lon="-121.9570446"/>
  <node id="6649111190" lat="37.3610043" lon="-121.9569149"/>
  <node id="6649111191" lat="37.3609550" lon="-121.9567831"/>
  <node id="6649111192" lat="37.3609269" lon="-121.9567172"/>
  <node id="6649111193" lat="37.3608198" lon="-121.9564773"/>
  <node id="6649111194" lat="37.3606026" lon="-121.9559730"/>
  <node id="6649111219" lat="37.3615052" lon="-121.9565472"/>
  <node id="6649111220" lat="37.3618459" lon="-121.9573327"/>
  <node id="6649111221" lat="37.3618842" lon="-121.9574389"/>
  <node id="6649111222" lat="37.3619108" lon="-121.9575864"/>
  <node id="6649111223" lat="37.3619139" lon="-121.9576936"/>
  <node id="6649111224" lat="37.3619100" lon="-121.9577929"/>
  <node id="6649111225" lat="37.3619076" lon="-121.9578410"/>
  <node id="6698263453" lat="37.3588106" lon="-121.9605129"/>
  <node id="6698263456" lat="37.3589530" lon="-121.9597196"/>
  <node id="6698263457" lat="37.3590444" lon="-121.9597216"/>
  <node id="6698263458" lat="37.3590447" lon="-121.9597122"/>
  <node id="6698263459" lat="37.3590503" lon="-121.9594424"/>
  <node id="6698263460" lat="37.3589612" lon="-121.9595767"/>
  <node id="6698263461" lat="37.3591558" lon="-121.9595827"/>
  <node id="6698280528" lat="37.3588369" lon="-121.9602031"/>
  <node id="6698280529" lat="37.3588926" lon="-121.9601215"/>
  <node id="6698280530" lat="37.3589350" lon="-121.9600190"/>
  <node id="6698280531" lat="37.3589625" lon="-121.9599238"/>
  <node id="6698280532" lat="37.3589766" lon="-121.9597983"/>
  <node id="6698280533" lat="37.3589733" lon="-121.9597575"/>
  <node id="6698280534" lat="37.3589217" lon="-121.9597031"/>
  <node id="6798229658" lat="37.3620826" lon="-121.9589041"/>
  <node id="6804262708" lat="37.3610054" lon="-121.9588994"/>
  <node id="6804262709" lat="37.3610065" lon="-121.9591066"/>
  <node id="6804262724" lat="37.3614388" lon="-121.9596363"/>
  <node id="6860035204" lat="37.3618779" lon="-121.9572512"/>
  <node id="6860035209" lat="37.3618236" lon="-121.9572813"/>
  <node id="6933490238" lat="37.3590880" lon="-121.9588666"/>
  <node id="6933490239" lat="37.3590526" lon="-121.9588578"/>
  <node id="6933490240" lat="37.3590087" lon="-121.9588503"/>
  <node id="6933490241" lat="37.3589558" lon="-121.9588462"/>
  <node id="6933490242" lat="37.3589071" lon="-121.9588413"/>
  <node id="7650994239" lat="37.3616930" lon="-121.9624641"/>
  <node id="8414680896" lat="37.3609664" lon="-121.9572329"/>
  <node id="8414680897" lat="37.3608637" lon="-121.9572574"/>
  <node id="8414680898" lat="37.3607211" lon="-121.9572554"/>
  <node id="8414680899" lat="37.3604807" lon="-121.9572647"/>
  <node id="8414680900" lat="37.3608864" lon="-121.9572520"/>
  <node id="8414680901" lat="37.3605272" lon="-121.9595787"/>
  <node id="8414680902" lat="37.3605205" lon="-121.9593431"/>
  <node id="8414680903" lat="37.3605274" lon="-121.9590110"/>
  <node id="8414680904" lat="37.3605208" lon="-121.9594600"/>
  <node id="8415988458" lat="37.3606088" lon="-121.9594612"/>
  <node id="8691587671" lat="37.3619725" lon="-121.9585621"/>
  <node id="8691587673" lat="37.3619131" lon="-121.9585625"/>
  <node id="8691587676" lat="37.3620231" lon="-121.9590339"/>
  <node id="8691587680" lat="37.3619614" lon="-121.9590542"/>
  <node id="8703281576" lat="37.3612263" lon="-121.9593922"/>
  <node id="8703281577" lat="37.3613733" lon="-121.9594018"/>
  <node id="8703281578" lat="37.3614237" lon="-121.9593933"/>
  <node id="8703281579" lat="37.3614782" lon="-121.9593996"/>
  <node id="8703281580" lat="37.3627833" lon="-121.9594239"/>
  <node id="8703281590" lat="37.3613399" lon="-121.9593996"/>
  <node id="8703281591" lat="37.3631606" lon="-121.9594199"/>
  <node id="8742729403" lat="37.3603170" lon="-121.9595823"/>
  <node id="8742729404" lat="37.3603173" lon="-121.9594600"/>
  <node id="8742729405" lat="37.3603203" lon="-121.9591911"/>
  <node id="10928142790" lat="37.3610047" lon="-121.9584955"/>
  <node id="10928142791" lat="37.3610044" lon="-121.9583351"/>
  <node id="10928142792" lat="37.3610051" lon="-121.9587830"/>
  <node id="10928142793" lat="37.3610060" lon="-121.9590485"/>
  <node id="12840892745" lat="37.3604639" lon="-121.9598455"/>
  <node id="12840892746" lat="37.3604357" lon="-121.9595819"/>
  <node id="12840892747" lat="37.3605050" lon="-121.9601284"/>
  <node id="12840892748" lat="37.3605138" lon="-121.9601637"/>
  <node id="12840892749" lat="37.3605328" lon="-121.9601846"/>
  <node id="12840892750" lat="37.3605598" lon="-121.9601922"/>
  <node id="12840892751" lat="37.3605832" lon="-121.9601884"/>
  <node id="12840892752" lat="37.3606031" lon="-121.9601752"/>
  <node id="12840892753" lat="37.3606170" lon="-121.9601578"/>
  <node id="12840892754" lat="37.3606839" lon="-121.9600775"/>
  <node id="12840892755" lat="37.3604507" lon="-121.9597221"/>
  <node id="12840892756" lat="37.3610129" lon="-121.9602372"/>
  <node id="12840892757" lat="37.3608820" lon="-121.9602349"/>
  <node id="12840892758" lat="37.3607464" lon="-121.9602268"/>
  <node id="12916360133" lat="37.3588195" lon="-121.9604364"/>
  <node id="12916360134" lat="37.3588829" lon="-121.9602822"/>
  <node id="12916360135" lat="37.3589501" lon="-121.9601644"/>
  <node id="12916360136" lat="37.3590244" lon="-121.9599704"/>
  <node id="12916360137" lat="37.3590662" lon="-121.9591978"/>
  <node id="12916360138" lat="37.3592736" lon="-121.9585749"/>
  <node id="65460308" lat="37.3595947" lon="-121.9514737"/>
  <node id="65460310" lat="37.3598433" lon="-121.9526246"/>
  <node id="65460311" lat="37.3603849" lon="-121.9538887"/>
  <node id="65511200" lat="37.3596240" lon="-121.9546012"/>
  <node id="65524568" lat="37.3600878" lon="-121.9494632"/>
  <node id="65527945" lat="37.3612098" lon="-121.9499195"/>
  <node id="65527946" lat="37.3610392" lon="-121.9516189"/>
  <node id="65584611" lat="37.3591157" lon="-121.9531204"/>
  <node id="65584612" lat="37.3593788" lon="-121.9533734"/>
  <node id="65596342" lat="37.3603626" lon="-121.9557065"/>
  <node id="65635217" lat="37.3600487" lon="-121.9557323"/>
  <node id="65639495" lat="37.3625339" lon="-121.9519865"/>
  <node id="282812928" lat="37.3588583" lon="-121.9504343"/>
  <node id="282812943" lat="37.3588826" lon="-121.9505328"/>
  <node id="282818582" lat="37.3599723" lon="-121.9548973"/>
  <node id="282818619" lat="37.3594459" lon="-121.9549819"/>
  <node id="282818620" lat="37.3593473" lon="-121.9553215"/>
  <node id="282818672" lat="37.3601504" lon="-121.9551963"/>
  <node id="286891667" lat="37.3610460" lon="-121.9506405"/>
  <node id="286891668" lat="37.3610602" lon="-121.9517726"/>
  <node id="286891669" lat="37.3612036" lon="-121.9519570"/>
  <node id="286891670" lat="37.3613422" lon="-121.9519932"/>
  <node id="286891678" lat="37.3601219" lon="-121.9495576"/>
  <node id="288057248" lat="37.3597108" lon="-121.9516572"/>
  <node id="288057249" lat="37.3597114" lon="-121.9522508"/>
  <node id="461914129" lat="37.3598394" lon="-121.9542590"/>
  <node id="651208348" lat="37.3610989" lon="-121.9504079"/>
  <node id="1123102985" lat="37.3588118" lon="-121.9553541"/>
  <node id="1123102998" lat="37.3588938" lon="-121.9555821"/>
  <node id="3245626603" lat="37.3596583" lon="-121.9515288"/>
  <node id="3245626604" lat="37.3596934" lon="-121.9515835"/>
  <node id="4103683340" lat="37.3593424" lon="-121.9495028"/>
  <node id="4103683343" lat="37.3593680" lon="-121.9495940"/>
  <node id="4103683345" lat="37.3594874" lon="-121.9497442"/>
  <node id="4103683346" lat="37.3595151" lon="-121.9497442"/>
  <node id="4169821894" lat="37.3598930" lon="-121.9548120"/>
  <node id="4181855193" lat="37.3600534" lon="-121.9550072"/>
  <node id="4181855194" lat="37.3602474" lon="-121.9554377"/>
  <node id="4603908302" lat="37.3592728" lon="-121.9512842"/>
  <node id="4603908303" lat="37.3590133" lon="-121.9520259"/>
  <node id="4604008550" lat="37.3607045" lon="-121.9525909"/>
  <node id="4605791137" lat="37.3588620" lon="-121.9510422"/>
  <node id="4606318925" lat="37.3593173" lon="-121.9523712"/>
  <node id="4606318926" lat="37.3593215" lon="-121.9524235"/>
  <node id="4606318927" lat="37.3595174" lon="-121.9528382"/>
  <node id="4614693805" lat="37.3615045" lon="-121.9519923"/>
  <node id="4626757903" lat="37.3607587" lon="-121.9494205"/>
  <node id="4951308920" lat="37.3597189" lon="-121.9523205"/>
  <node id="4951309151" lat="37.3588491" lon="-121.9553956"/>
  <node id="5058055865" lat="37.3594494" lon="-121.9544649"/>
  <node id="5388543497" lat="37.3612846" lon="-121.9496116"/>
  <node id="5388543498" lat="37.3609402" lon="-121.9494806"/>
  <node id="5388543499" lat="37.3608763" lon="-121.9497488"/>
  <node id="5388543500" lat="37.3612201" lon="-121.9498770"/>
  <node id="5388543501" lat="37.3609093" lon="-121.9498199"/>
  <node id="5388543502" lat="37.3608646" lon="-121.9499379"/>
  <node id="5388543503" lat="37.3602463" lon="-121.9496348"/>
  <node id="5388543504" lat="37.3602634" lon="-121.9496684"/>
  <node id="5388543505" lat="37.3607612" lon="-121.9498628"/>
  <node id="5388543506" lat="37.3600502" lon="-121.9499057"/>
  <node id="5388543507" lat="37.3604819" lon="-121.9500774"/>
  <node id="5388543508" lat="37.3601084" lon="-121.9496619"/>
  <node id="5388543509" lat="37.3597304" lon="-121.9494149"/>
  <node id="6546454333" lat="37.3588736" lon="-121.9541520"/>
  <node id="6546454334" lat="37.3590693" lon="-121.9543092"/>
  <node id="6546454335" lat="37.3592874" lon="-121.9544781"/>
  <node id="6546454336" lat="37.3594592" lon="-121.9546144"/>
  <node id="6546454337" lat="37.3594895" lon="-121.9546362"/>
  <node id="6546454338" lat="37.3595076" lon="-121.9546625"/>
  <node id="6546454339" lat="37.3595162" lon="-121.9547007"/>
  <node id="6546454340" lat="37.3595112" lon="-121.9547397"/>
  <node id="6546454341" lat="37.3594650" lon="-121.9548342"/>
  <node id="6546454342" lat="37.3594029" lon="-121.9549641"/>
  <node id="6546454343" lat="37.3593603" lon="-121.9550631"/>
  <node id="6546454344" lat="37.3593292" lon="-121.9551530"/>
  <node id="6546454345" lat="37.3593068" lon="-121.9552348"/>
  <node id="6546454346" lat="37.3592931" lon="-121.9553456"/>
  <node id="6546454347" lat="37.3592895" lon="-121.9556463"/>
  <node id="6649081647" lat="37.3603472" lon="-121.9558825"/>
  <node id="6649081648" lat="37.3603315" lon="-121.9558535"/>
  <node id="6649081649" lat="37.3603112" lon="-121.9558359"/>
  <node id="6649081650" lat="37.3602885" lon="-121.9558289"/>
  <node id="6649081651" lat="37.3602613" lon="-121.9558258"/>
  <node id="6649081652" lat="37.3601729" lon="-121.9558254"/>
  <node id="6649081653" lat="37.3601484" lon="-121.9558306"/>
  <node id="6649081654" lat="37.3601240" lon="-121.9558566"/>
  <node id="6649081655" lat="37.3601068" lon="-121.9558829"/>
  <node id="6649081656" lat="37.3601061" lon="-121.9559353"/>
  <node id="6649081668" lat="37.3603328" lon="-121.9558558"/>
  <node id="6649081669" lat="37.3602669" lon="-121.9557144"/>
  <node id="6649081670" lat="37.3602587" lon="-121.9557150"/>
  <node id="6649081676" lat="37.3596677" lon="-121.9547997"/>
  <node id="6649081677" lat="37.3595702" lon="-121.9547162"/>
  <node id="6649081678" lat="37.3595655" lon="-121.9547262"/>
  <node id="6649081679" lat="37.3596148" lon="-121.9544501"/>
  <node id="6649081680" lat="37.3595627" lon="-121.9545533"/>
  <node id="6649082283" lat="37.3599809" lon="-121.9558994"/>
  <node id="6649082284" lat="37.3599595" lon="-121.9558466"/>
  <node id="6649082285" lat="37.3599497" lon="-121.9557926"/>
  <node id="6649082286" lat="37.3599566" lon="-121.9557467"/>
  <node id="6649082287" lat="37.3599818" lon="-121.9556983"/>
  <node id="6649082288" lat="37.3600111" lon="-121.9556823"/>
  <node id="6649082289" lat="37.3600539" lon="-121.9556731"/>
  <node id="6649082290" lat="37.3600849" lon="-121.9556764"/>
  <node id="6649082291" lat="37.3601243" lon="-121.9556717"/>
  <node id="6649082292" lat="37.3601666" lon="-121.9556506"/>
  <node id="6649082293" lat="37.3601955" lon="-121.9556112"/>
  <node id="6649082294" lat="37.3602025" lon="-121.9555759"/>
  <node id="6649082295" lat="37.3602001" lon="-121.9555467"/>
  <node id="6649082296" lat="37.3601799" lon="-121.9555027"/>
  <node id="6649082297" lat="37.3601104" lon="-121.9553435"/>
  <node id="6649082298" lat="37.3601031" lon="-121.9553129"/>
  <node id="6649082299" lat="37.3600513" lon="-121.9551945"/>
  <node id="6649082300" lat="37.3599891" lon="-121.9550906"/>
  <node id="6649082301" lat="37.3599265" lon="-121.9550047"/>
  <node id="6649082302" lat="37.3598564" lon="-121.9549336"/>
  <node id="6649082303" lat="37.3597988" lon="-121.9548808"/>
  <node id="6649082304" lat="37.3597093" lon="-121.9548105"/>
  <node id="6649082305" lat="37.3596795" lon="-121.9547992"/>
  <node id="6649082306" lat="37.3596520" lon="-121.9548003"/>
  <node id="6649082307" lat="37.3596280" lon="-121.9548108"/>
  <node id="6649082308" lat="37.3596080" lon="-121.9548353"/>
  <node id="6649082309" lat="37.3595327" lon="-121.9549872"/>
  <node id="6649082310" lat="37.3594625" lon="-121.9551169"/>
  <node id="6649082311" lat="37.3594222" lon="-121.9552022"/>
  <node id="6649082312" lat="37.3594088" lon="-121.9552751"/>
  <node id="6649082313" lat="37.3594014" lon="-121.9554471"/>
  <node id="6649103419" lat="37.3611308" lon="-121.9553714"/>
  <node id="6649103420" lat="37.3610871" lon="-121.9553107"/>
  <node id="6649103421" lat="37.3610446" lon="-121.9552283"/>
  <node id="6649103422" lat="37.3609832" lon="-121.9550809"/>
  <node id="6649103423" lat="37.3606069" lon="-121.9542303"/>
  <node id="6649103424" lat="37.3603186" lon="-121.9535669"/>
  <node id="6649103425" lat="37.3601422" lon="-121.9531607"/>
  <node id="6649103426" lat="37.3599613" lon="-121.9527466"/>
  <node id="6649103427" lat="37.3597959" lon="-121.9523622"/>
  <node id="6649103428" lat="37.3597775" lon="-121.9523116"/>
  <node id="6649103429" lat="37.3597706" lon="-121.9522574"/>
  <node id="6649103430" lat="37.3597717" lon="-121.9521959"/>
  <node id="6649103431" lat="37.3597729" lon="-121.9518939"/>
  <node id="6649103432" lat="37.3597712" lon="-121.9516424"/>
  <node id="6649103433" lat="37.3597626" lon="-121.9515759"/>
  <node id="6649103434" lat="37.3597488" lon="-121.9515354"/>
  <node id="6649103435" lat="37.3597292" lon="-121.9514978"/>
  <node id="6649103436" lat="37.3596982" lon="-121.9514480"/>
  <node id="6649103437" lat="37.3596505" lon="-121.9513851"/>
  <node id="6649103438" lat="37.3594150" lon="-121.9512420"/>
  <node id="6649103439" lat="37.3590882" lon="-121.9510657"/>
  <node id="6649103440" lat="37.3588383" lon="-121.9509219"/>
  <node id="6649103441" lat="37.3588446" lon="-121.9508930"/>
  <node id="6649103442" lat="37.3588711" lon="-121.9508308"/>
  <node id="6649103443" lat="37.3589027" lon="-121.9507549"/>
  <node id="6649103444" lat="37.3589319" lon="-121.9506444"/>
  <node id="6649103445" lat="37.3589423" lon="-121.9505547"/>
  <node id="6649103446" lat="37.3589314" lon="-121.9504745"/>
  <node id="6649103447" lat="37.3589072" lon="-121.9503957"/>
  <node id="6649103448" lat="37.3588366" lon="-121.9502418"/>
  <node id="6649111195" lat="37.3604721" lon="-121.9556751"/>
  <node id="6649111196" lat="37.3602752" lon="-121.9552356"/>
  <node id="6649111197" lat="37.3602392" lon="-121.9551490"/>
  <node id="6649111198" lat="37.3601798" lon="-121.9550291"/>
  <node id="6649111199" lat="37.3601134" lon="-121.9549200"/>
  <node id="6649111200" lat="37.3600509" lon="-121.9548413"/>
  <node id="6649111201" lat="37.3599696" lon="-121.9547568"/>
  <node id="6649111202" lat="37.3598617" lon="-121.9546673"/>
  <node id="6649111203" lat="37.3597828" lon="-121.9546073"/>
  <node id="6649111204" lat="37.3597617" lon="-121.9545808"/>
  <node id="6649111205" lat="37.3597516" lon="-121.9545473"/>
  <node id="6649111206" lat="37.3597492" lon="-121.9545149"/>
  <node id="6649111207" lat="37.3597594" lon="-121.9544795"/>
  <node id="6649111208" lat="37.3597992" lon="-121.9544117"/>
  <node id="6649111209" lat="37.3598782" lon="-121.9543222"/>
  <node id="6649111210" lat="37.3599368" lon="-121.9542740"/>
  <node id="6649111211" lat="37.3601665" lon="-121.9541187"/>
  <node id="6649111212" lat="37.3602626" lon="-121.9540508"/>
  <node id="6649111213" lat="37.3603197" lon="-121.9540125"/>
  <node id="6649111214" lat="37.3603525" lon="-121.9540017"/>
  <node id="6649111215" lat="37.3603775" lon="-121.9540115"/>
  <node id="6649111216" lat="37.3604033" lon="-121.9540331"/>
  <node id="6649111217" lat="37.3604158" lon="-121.9540606"/>
  <node id="6649111218" lat="37.3611277" lon="-121.9556928"/>
  <node id="6649111226" lat="37.3604798" lon="-121.9539377"/>
  <node id="6649111227" lat="37.3604244" lon="-121.9539777"/>
  <node id="6649111228" lat="37.3602937" lon="-121.9538588"/>
  <node id="6649111229" lat="37.3603221" lon="-121.9539278"/>
  <node id="6649111230" lat="37.3604115" lon="-121.9537806"/>
  <node id="6649111231" lat="37.3603547" lon="-121.9538183"/>
  <node id="6649111232" lat="37.3596809" lon="-121.9544971"/>
  <node id="6649111233" lat="37.3596742" lon="-121.9545092"/>
  <node id="6649111234" lat="37.3597205" lon="-121.9546768"/>
  <node id="6652388679" lat="37.3595971" lon="-121.9544509"/>
  <node id="6652388680" lat="37.3595790" lon="-121.9544445"/>
  <node id="6652388681" lat="37.3595573" lon="-121.9544276"/>
  <node id="6652450309" lat="37.3592456" lon="-121.9533087"/>
  <node id="6652450310" lat="37.3592639" lon="-121.9533248"/>
  <node id="6652450311" lat="37.3592726" lon="-121.9533414"/>
  <node id="6652450312" lat="37.3592785" lon="-121.9533598"/>
  <node id="6652450313" lat="37.3593078" lon="-121.9534473"/>
  <node id="6652450314" lat="37.3593311" lon="-121.9534776"/>
  <node id="6652450315" lat="37.3593736" lon="-121.9534919"/>
  <node id="6652450316" lat="37.3594217" lon="-121.9534820"/>
  <node id="6652450317" lat="37.3594670" lon="-121.9534166"/>
  <node id="6652450318" lat="37.3594725" lon="-121.9533636"/>
  <node id="6652450319" lat="37.3594603" lon="-121.9533120"/>
  <node id="6652450320" lat="37.3594299" lon="-121.9532753"/>
  <node id="6652450321" lat="37.3594012" lon="-121.9532575"/>
  <node id="6652450322" lat="37.3593716" lon="-121.9532466"/>
  <node id="6652450323" lat="37.3593232" lon="-121.9532124"/>
  <node id="6652450324" lat="37.3593011" lon="-121.9531901"/>
  <node id="6652450325" lat="37.3592834" lon="-121.9531559"/>
  <node id="6652450326" lat="37.3592862" lon="-121.9531148"/>
  <node id="6652450327" lat="37.3592980" lon="-121.9530711"/>
  <node id="6652450328" lat="37.3593263" lon="-121.9530449"/>
  <node id="6652450329" lat="37.3597703" lon="-121.9527450"/>
  <node id="6652450330" lat="37.3597896" lon="-121.9527381"/>
  <node id="6652450331" lat="37.3598109" lon="-121.9527396"/>
  <node id="6652450332" lat="37.3598373" lon="-121.9527539"/>
  <node id="6652450333" lat="37.3598538" lon="-121.9527777"/>
  <node id="6652450334" lat="37.3602017" lon="-121.9535737"/>
  <node id="6652450335" lat="37.3602962" lon="-121.9537868"/>
  <node id="6652450336" lat="37.3603021" lon="-121.9538101"/>
  <node id="6652450337" lat="37.3603017" lon="-121.9538309"/>
  <node id="6652450338" lat="37.3602813" lon="-121.9538830"/>
  <node id="6652450339" lat="37.3602592" lon="-121.9539028"/>
  <node id="6652450340" lat="37.3598249" lon="-121.9542059"/>
  <node id="6652450341" lat="37.3597802" lon="-121.9542548"/>
  <node id="6652450342" lat="37.3597310" lon="-121.9543216"/>
  <node id="6652450343" lat="37.3596934" lon="-121.9543745"/>
  <node id="6652450344" lat="37.3596753" lon="-121.9544104"/>
  <node id="6652450345" lat="37.3596623" lon="-121.9544308"/>
  <node id="6652450346" lat="37.3596442" lon="-121.9544446"/>
  <node id="6652450347" lat="37.3596319" lon="-121.9544479"/>
  <node id="6652450354" lat="37.3595827" lon="-121.9515676"/>
  <node id="6652450355" lat="37.3596213" lon="-121.9515929"/>
  <node id="6652450356" lat="37.3596497" lon="-121.9516191"/>
  <node id="6652450357" lat="37.3596592" lon="-121.9516851"/>
  <node id="6652450358" lat="37.3596560" lon="-121.9522630"/>
  <node id="6652450359" lat="37.3596611" lon="-121.9523229"/>
  <node id="6652450360" lat="37.3596749" lon="-121.9523750"/>
  <node id="6652450361" lat="37.3596922" lon="-121.9524206"/>
  <node id="6652450362" lat="37.3597383" lon="-121.9525321"/>
  <node id="6652450363" lat="37.3597387" lon="-121.9525648"/>
  <node id="6652450364" lat="37.3597332" lon="-121.9525975"/>
  <node id="6652450365" lat="37.3597222" lon="-121.9526094"/>
  <node id="6652450366" lat="37.3591608" lon="-121.9530044"/>
  <node id="6652450367" lat="37.3591309" lon="-121.9530218"/>
  <node id="6652450368" lat="37.3591045" lon="-121.9530262"/>
  <node id="6652450369" lat="37.3590808" lon="-121.9530198"/>
  <node id="6652450370" lat="37.3590548" lon="-121.9530128"/>
  <node id="6652450371" lat="37.3589020" lon="-121.9528750"/>
  <node id="6652450376" lat="37.3592395" lon="-121.9513793"/>
  <node id="6652450377" lat="37.3588256" lon="-121.9511523"/>
  <node id="6652450378" lat="37.3594874" lon="-121.9527746"/>
  <node id="6652450379" lat="37.3597940" lon="-121.9526569"/>
  <node id="6652450380" lat="37.3597822" lon="-121.9526647"/>
  <node id="6652450383" lat="37.3588621" lon="-121.9507177"/>
  <node id="6652450384" lat="37.3588841" lon="-121.9506216"/>
  <node id="6652450388" lat="37.3588247" lon="-121.9506414"/>
  <node id="6652450389" lat="37.3588357" lon="-121.9505921"/>
  <node id="6652450390" lat="37.3588378" lon="-121.9505359"/>
  <node id="6652450391" lat="37.3588261" lon="-121.9504832"/>
  <node id="6804262706" lat="37.3597932" lon="-121.9547338"/>
  <node id="6804262707" lat="37.3602232" lon="-121.9553776"/>
  <node id="6860035214" lat="37.3613748" lon="-121.9541249"/>
  <node id="6860035215" lat="37.3613387" lon="-121.9540202"/>
  <node id="6860035216" lat="37.3608937" lon="-121.9529657"/>
  <node id="6863958535" lat="37.3610445" lon="-121.9508513"/>
  <node id="6863958536" lat="37.3615888" lon="-121.9508495"/>
  <node id="6863958537" lat="37.3619339" lon="-121.9508516"/>
  <node id="6863958538" lat="37.3615902" lon="-121.9504372"/>
  <node id="6863958539" lat="37.3610939" lon="-121.9504300"/>
  <node id="7094892719" lat="37.3610435" lon="-121.9509959"/>
  <node id="7094892720" lat="37.3609262" lon="-121.9509997"/>
  <node id="7094892721" lat="37.3608885" lon="-121.9510830"/>
  <node id="7094892722" lat="37.3602846" lon="-121.9511001"/>
  <node id="7094892723" lat="37.3602831" lon="-121.9509326"/>
  <node id="7094892724" lat="37.3608617" lon="-121.9509181"/>
  <node id="7094892725" lat="37.3602774" lon="-121.9504523"/>
  <node id="7094892726" lat="37.3608623" lon="-121.9504354"/>
  <node id="7094892727" lat="37.3610262" lon="-121.9504625"/>
  <node id="7094892728" lat="37.3610805" lon="-121.9504890"/>
  <node id="7312068132" lat="37.3625347" lon="-121.9529346"/>
  <node id="7312068133" lat="37.3627383" lon="-121.9529408"/>
  <node id="7312068134" lat="37.3631589" lon="-121.9529686"/>
  <node id="7312068135" lat="37.3632083" lon="-121.9529240"/>
  <node id="7312068136" lat="37.3610418" lon="-121.9512454"/>
  <node id="7312068137" lat="37.3612066" lon="-121.9512414"/>
  <node id="7312068138" lat="37.3615461" lon="-121.9512441"/>
  <node id="7312068139" lat="37.3615662" lon="-121.9512507"/>
  <node id="7312068140" lat="37.3615810" lon="-121.9512787"/>
  <node id="7312068141" lat="37.3615753" lon="-121.9518085"/>
  <node id="7312068142" lat="37.3615776" lon="-121.9519919"/>
  <node id="7928687045" lat="37.3594570" lon="-121.9534311"/>
  <node id="7928687046" lat="37.3595729" lon="-121.9535794"/>
  <node id="7928687047" lat="37.3595979" lon="-121.9539947"/>
  <node id="8410790879" lat="37.3616973" lon="-121.9519912"/>
  <node id="8674501890" lat="37.3593427" lon="-121.9533145"/>
  <node id="13398639978" lat="37.3607014" lon="-121.9522290"/>
  <node id="13398639979" lat="37.3607385" lon="-121.9520948"/>
  <node id="65460286" lat="37.3502870" lon="-121.9463033"/>
  <node id="65460288" lat="37.3512280" lon="-121.9468317"/>
  <node id="65460296" lat="37.3521766" lon="-121.9473543"/>
  <node id="65532706" lat="37.3507134" lon="-121.9451204"/>
  <node id="65532710" lat="37.3516564" lon="-121.9456356"/>
  <node id="65541112" lat="37.3498669" lon="-121.9474754"/>
  <node id="65575666" lat="37.3520733" lon="-121.9444718"/>
  <node id="65575669" lat="37.3508096" lon="-121.9479997"/>
  <node id="65575670" lat="37.3503935" lon="-121.9491613"/>
  <node id="65600519" lat="37.3517549" lon="-121.9485285"/>
  <node id="4876747139" lat="37.3510731" lon="-121.9453169"/>
  <node id="6630577847" lat="37.3457261" lon="-121.9493719"/>
  <node id="6634345816" lat="37.3457188" lon="-121.9493678"/>
  <node id="6634620862" lat="37.3499699" lon="-121.9475326"/>
  <node id="6634620864" lat="37.3507493" lon="-121.9479661"/>
  <node id="6634620867" lat="37.3504105" lon="-121.9462576"/>
  <node id="6634620868" lat="37.3503761" lon="-121.9463533"/>
  <node id="6634620871" lat="37.3503813" lon="-121.9463562"/>
  <node id="6634620872" lat="37.3511911" lon="-121.9469345"/>
  <node id="6634620874" lat="37.3508431" lon="-121.9479063"/>
  <node id="6634620875" lat="37.3507715" lon="-121.9481062"/>
  <node id="6634620877" lat="37.3504229" lon="-121.9490792"/>
  <node id="6634664114" lat="37.3499610" lon="-121.9475277"/>
  <node id="6634668439" lat="37.3505146" lon="-121.9493654"/>
  <node id="6634668440" lat="37.3504916" lon="-121.9493617"/>
  <node id="6634668441" lat="37.3504417" lon="-121.9493380"/>
  <node id="6634672659" lat="37.3515491" lon="-121.9457143"/>
  <node id="6634672660" lat="37.3511961" lon="-121.9467021"/>
  <node id="6634672661" lat="37.3508150" lon="-121.9451759"/>
  <node id="6634672662" lat="37.3508002" lon="-121.9451678"/>
  <node id="6634672671" lat="37.3515921" lon="-121.9456005"/>
  <node id="6634672672" lat="37.3516883" lon="-121.9455466"/>
  <node id="6634672673" lat="37.3516121" lon="-121.9457592"/>
  <node id="6634672674" lat="37.3511639" lon="-121.9467956"/>
  <node id="6634695196" lat="37.3505099" lon="-121.9491475"/>
  <node id="6634695197" lat="37.3504864" lon="-121.9492132"/>
  <node id="6634695198" lat="37.3504156" lon="-121.9490995"/>
  <node id="6635635396" lat="37.3520308" lon="-121.9445906"/>
  <node id="6635635399" lat="37.3520358" lon="-121.9445765"/>
  <node id="6635688056" lat="37.3520749" lon="-121.9474321"/>
  <node id="6635688057" lat="37.3517269" lon="-121.9484137"/>
  <node id="6635688058" lat="37.3509362" lon="-121.9479721"/>
  <node id="6635688059" lat="37.3508389" lon="-121.9479181"/>
  <node id="6635688060" lat="37.3508668" lon="-121.9481536"/>
  <node id="6635688061" lat="37.3516566" lon="-121.9485981"/>
  <node id="6635688065" lat="37.3516958" lon="-121.9484954"/>
  <node id="6635688066" lat="37.3516905" lon="-121.9484925"/>
  <node id="6635692942" lat="37.3516845" lon="-121.9455572"/>
  <node id="6635692943" lat="37.3517007" lon="-121.9457914"/>
  <node id="6635692944" lat="37.3517428" lon="-121.9456837"/>
  <node id="6635692945" lat="37.3516160" lon="-121.9457483"/>
  <node id="6635692947" lat="37.3513511" lon="-121.9467883"/>
  <node id="6635692948" lat="37.3521458" lon="-121.9472312"/>
  <node id="6635692949" lat="37.3512851" lon="-121.9469764"/>
  <node id="6635692950" lat="37.3513184" lon="-121.9468815"/>
  <node id="6635692951" lat="37.3511943" lon="-121.9469256"/>
  <node id="6635692952" lat="37.3512614" lon="-121.9467384"/>
  <node id="6635692953" lat="37.3512634" lon="-121.9467328"/>
  <node id="6659525811" lat="37.3518086" lon="-121.9486806"/>
  <node id="6659525818" lat="37.3517185" lon="-121.9486317"/>
  <node id="6685700797" lat="37.3522088" lon="-121.9474994"/>
  <node id="6685700800" lat="37.3518733" lon="-121.9484941"/>
  <node id="6685700801" lat="37.3522086" lon="-121.9472667"/>
  <node id="6685700803" lat="37.3521377" lon="-121.9474626"/>
  <node id="6685700804" lat="37.3521144" lon="-121.9473201"/>
  <node id="6685700805" lat="37.3521074" lon="-121.9473162"/>
  <node id="6685700807" lat="37.3518437" lon="-121.9485794"/>
  <node id="6685700808" lat="37.3517847" lon="-121.9484455"/>
  <node id="6685700809" lat="37.3518532" lon="-121.9485849"/>
  <node id="6806187902" lat="37.3506523" lon="-121.9493058"/>
  <node id="7113660357" lat="37.3511594" lon="-121.9453641"/>
  <node id="7933489205" lat="37.3521963" lon="-121.9459365"/>
  <node id="8558016360" lat="37.3509053" lon="-121.9480526"/>
  <node id="8558016361" lat="37.3507726" lon="-121.9481041"/>
  <node id="8675351956" lat="37.3505755" lon="-121.9464649"/>
  <node id="11255876629" lat="37.3503940" lon="-121.9462509"/>
  <node id="11255876957" lat="37.3516831" lon="-121.9457832"/>
  <node id="11255876959" lat="37.3515598" lon="-121.9456892"/>
  <node id="11255876963" lat="37.3517114" lon="-121.9457692"/>
  <node id="11255876965" lat="37.3512179" lon="-121.9467132"/>
  <node id="11255876966" lat="37.3511873" lon="-121.9467231"/>
  <node id="11255876968" lat="37.3511503" lon="-121.9469034"/>
  <node id="11255876969" lat="37.3513335" lon="-121.9467795"/>
  <node id="11255876970" lat="37.3513400" lon="-121.9468146"/>
  <node id="11255876971" lat="37.3512935" lon="-121.9469577"/>
  <node id="11255876972" lat="37.3512684" lon="-121.9469676"/>
  <node id="11255876977" lat="37.3508459" lon="-121.9481437"/>
  <node id="11255876978" lat="37.3509162" lon="-121.9479604"/>
  <node id="11255876979" lat="37.3509251" lon="-121.9479943"/>
  <node id="11255876989" lat="37.3520841" lon="-121.9474055"/>
  <node id="11255876990" lat="37.3520927" lon="-121.9474421"/>
  <node id="11255876991" lat="37.3521671" lon="-121.9472439"/>
  <node id="11255876992" lat="37.3521341" lon="-121.9472620"/>
  <node id="11255876995" lat="37.3522287" lon="-121.9475103"/>
  <node id="11255876996" lat="37.3522394" lon="-121.9474808"/>
  <node id="26374405" lat="37.3551116" lon="-121.9455568"/>
  <node id="65438666" lat="37.3539677" lon="-121.9455371"/>
  <node id="65438668" lat="37.3535444" lon="-121.9467166"/>
  <node id="65438670" lat="37.3531287" lon="-121.9478863"/>
  <node id="65438674" lat="37.3527023" lon="-121.9490718"/>
  <node id="65460298" lat="37.3549721" lon="-121.9489234"/>
  <node id="65492855" lat="37.3577360" lon="-121.9471749"/>
  <node id="65492857" lat="37.3575256" lon="-121.9476926"/>
  <node id="65492858" lat="37.3571560" lon="-121.9487272"/>
  <node id="65493376" lat="37.3553989" lon="-121.9477420"/>
  <node id="65493377" lat="37.3558484" lon="-121.9464476"/>
  <node id="65493379" lat="37.3563933" lon="-121.9449132"/>
  <node id="65518421" lat="37.3547854" lon="-121.9459998"/>
  <node id="65532712" lat="37.3526103" lon="-121.9461673"/>
  <node id="65532714" lat="37.3562745" lon="-121.9482370"/>
  <node id="65532717" lat="37.3580479" lon="-121.9492086"/>
  <node id="65576987" lat="37.3567684" lon="-121.9468162"/>
  <node id="65577929" lat="37.3530162" lon="-121.9450029"/>
  <node id="65577932" lat="37.3580316" lon="-121.9472920"/>
  <node id="65629164" lat="37.3535835" lon="-121.9434267"/>
  <node id="65643135" lat="37.3572303" lon="-121.9475130"/>
  <node id="282149571" lat="37.3571862" lon="-121.9473336"/>
  <node id="282812924" lat="37.3549228" lon="-121.9456363"/>
  <node id="282812931" lat="37.3582686" lon="-121.9493226"/>
  <node id="282812941" lat="37.3544881" lon="-121.9472492"/>
  <node id="282812942" lat="37.3545920" lon="-121.9473062"/>
  <node id="282812954" lat="37.3539305" lon="-121.9483387"/>
  <node id="282812955" lat="37.3543738" lon="-121.9471594"/>
  <node id="282812991" lat="37.3540849" lon="-121.9484290"/>
  <node id="314511208" lat="37.3549071" lon="-121.9460662"/>
  <node id="606291498" lat="37.3576639" lon="-121.9472784"/>
  <node id="606291499" lat="37.3586863" lon="-121.9476691"/>
  <node id="606291500" lat="37.3579485" lon="-121.9473875"/>
  <node id="650853960" lat="37.3573462" lon="-121.9471479"/>
  <node id="650853961" lat="37.3572760" lon="-121.9470048"/>
  <node id="667360782" lat="37.3545972" lon="-121.9465308"/>
  <node id="667360788" lat="37.3545598" lon="-121.9458728"/>
  <node id="667360797" lat="37.3548134" lon="-121.9457452"/>
  <node id="667360799" lat="37.3546335" lon="-121.9461263"/>
  <node id="667367288" lat="37.3547471" lon="-121.9465250"/>
  <node id="667367295" lat="37.3546989" lon="-121.9466595"/>
  <node id="667367296" lat="37.3548775" lon="-121.9465981"/>
  <node id="667367297" lat="37.3548329" lon="-121.9467318"/>
  <node id="667367298" lat="37.3549385" lon="-121.9462841"/>
  <node id="667367299" lat="37.3552330" lon="-121.9469461"/>
  <node id="667367311" lat="37.3551317" lon="-121.9465997"/>
  <node id="667367312" lat="37.3549985" lon="-121.9468205"/>
  <node id="667367314" lat="37.3551989" lon="-121.9462775"/>
  <node id="667367317" lat="37.3550422" lon="-121.9466944"/>
  <node id="667367318" lat="37.3550962" lon="-121.9467186"/>
  <node id="667367322" lat="37.3554732" lon="-121.9463099"/>
  <node id="667367324" lat="37.3553534" lon="-121.9467109"/>
  <node id="667367325" lat="37.3552650" lon="-121.9462244"/>
  <node id="667367327" lat="37.3552835" lon="-121.9468126"/>
  <node id="667367329" lat="37.3549774" lon="-121.9461658"/>
  <node id="667367334" lat="37.3550418" lon="-121.9459009"/>
  <node id="667367335" lat="37.3550934" lon="-121.9460509"/>
  <node id="667367336" lat="37.3554289" lon="-121.9457367"/>
  <node id="1953986041" lat="37.3541911" lon="-121.9456616"/>
  <node id="1953986045" lat="37.3545893" lon="-121.9459759"/>
  <node id="1953986048" lat="37.3546459" lon="-121.9461811"/>
  <node id="1953986063" lat="37.3546707" lon="-121.9463212"/>
  <node id="1953986065" lat="37.3546369" lon="-121.9458297"/>
  <node id="1953986066" lat="37.3547938" lon="-121.9463895"/>
  <node id="1953986077" lat="37.3550164" lon="-121.9457776"/>
  <node id="1953986078" lat="37.3550568" lon="-121.9462345"/>
  <node id="2338321896" lat="37.3586763" lon="-121.9469309"/>
  <node id="2619191143" lat="37.3538425" lon="-121.9482871"/>
  <node id="2619191147" lat="37.3541732" lon="-121.9484806"/>
  <node id="2619191153" lat="37.3542707" lon="-121.9471045"/>
  <node id="3612914315" lat="37.3581387" lon="-121.9475982"/>
  <node id="3612914316" lat="37.3581138" lon="-121.9474398"/>
  <node id="3612914317" lat="37.3581248" lon="-121.9475909"/>
  <node id="3612914318" lat="37.3581071" lon="-121.9475683"/>
  <node id="3612914319" lat="37.3581556" lon="-121.9475069"/>
  <node id="3612914320" lat="37.3581038" lon="-121.9475373"/>
  <node id="3612914321" lat="37.3581152" lon="-121.9475122"/>
  <node id="3612914322" lat="37.3581407" lon="-121.9475031"/>
  <node id="3612914323" lat="37.3581721" lon="-121.9475572"/>
  <node id="3612914324" lat="37.3581583" lon="-121.9475878"/>
  <node id="3612914325" lat="37.3581672" lon="-121.9475207"/>
  <node id="3612914326" lat="37.3581723" lon="-121.9475391"/>
  <node id="3612914327" lat="37.3581310" lon="-121.9475884"/>
  <node id="3612914328" lat="37.3581188" lon="-121.9475745"/>
  <node id="3612914329" lat="37.3581120" lon="-121.9475431"/>
  <node id="3612914332" lat="37.3587408" lon="-121.9475720"/>
  <node id="3612914333" lat="37.3586031" lon="-121.9477777"/>
  <node id="3612914334" lat="37.3586175" lon="-121.9477795"/>
  <node id="3612914335" lat="37.3586403" lon="-121.9477669"/>
  <node id="3612914336" lat="37.3586499" lon="-121.9477349"/>
  <node id="3612914337" lat="37.3586456" lon="-121.9477141"/>
  <node id="3612914338" lat="37.3586356" lon="-121.9476963"/>
  <node id="3612914339" lat="37.3586196" lon="-121.9476869"/>
  <node id="3612914340" lat="37.3585892" lon="-121.9476980"/>
  <node id="3612914341" lat="37.3585780" lon="-121.9477156"/>
  <node id="3612914342" lat="37.3585764" lon="-121.9477431"/>
  <node id="3612914343" lat="37.3586004" lon="-121.9477704"/>
  <node id="3678002361" lat="37.3571980" lon="-121.9474395"/>
  <node id="3733958216" lat="37.3583907" lon="-121.9474322"/>
  <node id="4169755393" lat="37.3542017" lon="-121.9480496"/>
  <node id="4169755394" lat="37.3543009" lon="-121.9473632"/>
  <node id="4169755396" lat="37.3552332" lon="-121.9453118"/>
  <node id="4169819683" lat="37.3537905" lon="-121.9487435"/>
  <node id="4222650160" lat="37.3586307" lon="-121.9477645"/>
  <node id="4222650161" lat="37.3586956" lon="-121.9476683"/>
  <node id="4222650162" lat="37.3587043" lon="-121.9476701"/>
  <node id="4951309121" lat="37.3542465" lon="-121.9485212"/>
  <node id="4951309122" lat="37.3542029" lon="-121.9486734"/>
  <node id="4951309123" lat="37.3541602" lon="-121.9487344"/>
  <node id="4951309124" lat="37.3540819" lon="-121.9489597"/>
  <node id="4951309125" lat="37.3539173" lon="-121.9488842"/>
  <node id="5053102195" lat="37.3536878" lon="-121.9463223"/>
  <node id="5146084945" lat="37.3586777" lon="-121.9476738"/>
  <node id="5146084946" lat="37.3586686" lon="-121.9476828"/>
  <node id="5146084947" lat="37.3586164" lon="-121.9477720"/>
  <node id="5146084948" lat="37.3586015" lon="-121.9476895"/>
  <node id="5146084949" lat="37.3586479" lon="-121.9477521"/>
  <node id="5146084950" lat="37.3586291" lon="-121.9477765"/>
  <node id="5146084951" lat="37.3585839" lon="-121.9477586"/>
  <node id="5146084952" lat="37.3586428" lon="-121.9477456"/>
  <node id="5146084953" lat="37.3586617" lon="-121.9476938"/>
  <node id="5146084954" lat="37.3581148" lon="-121.9475820"/>
  <node id="5146084955" lat="37.3581037" lon="-121.9475526"/>
  <node id="5146084956" lat="37.3581074" lon="-121.9475238"/>
  <node id="5146084957" lat="37.3581268" lon="-121.9475050"/>
  <node id="5146084958" lat="37.3581675" lon="-121.9475742"/>
  <node id="5146084959" lat="37.3581439" lon="-121.9475920"/>
  <node id="5146084960" lat="37.3581129" lon="-121.9475608"/>
  <node id="5956232911" lat="37.3573397" lon="-121.9482172"/>
  <node id="5956232912" lat="37.3581763" lon="-121.9486806"/>
  <node id="5956232913" lat="37.3582897" lon="-121.9483495"/>
  <node id="5956232914" lat="37.3573093" lon="-121.9467648"/>
  <node id="5956232915" lat="37.3574748" lon="-121.9460088"/>
  <node id="5956232916" lat="37.3574356" lon="-121.9459101"/>
  <node id="5956232917" lat="37.3572856" lon="-121.9455979"/>
  <node id="5956232918" lat="37.3571929" lon="-121.9455540"/>
  <node id="5956232919" lat="37.3570710" lon="-121.9455806"/>
  <node id="5956232920" lat="37.3573033" lon="-121.9468079"/>
  <node id="5956232921" lat="37.3571247" lon="-121.9455689"/>
  <node id="6356609647" lat="37.3580291" lon="-121.9479197"/>
  <node id="6635692946" lat="37.3524925" lon="-121.9462425"/>
  <node id="6649103453" lat="37.3584018" lon="-121.9493493"/>
  <node id="6649103454" lat="37.3583064" lon="-121.9492684"/>
  <node id="6649103455" lat="37.3581789" lon="-121.9491975"/>
  <node id="6649103456" lat="37.3579922" lon="-121.9490602"/>
  <node id="6649103457" lat="37.3578951" lon="-121.9490082"/>
  <node id="6649103458" lat="37.3575654" lon="-121.9488268"/>
  <node id="6649103459" lat="37.3572615" lon="-121.9486700"/>
  <node id="6649103460" lat="37.3572546" lon="-121.9486404"/>
  <node id="6649103461" lat="37.3573528" lon="-121.9483665"/>
  <node id="6649103462" lat="37.3573976" lon="-121.9482493"/>
  <node id="6649103463" lat="37.3574440" lon="-121.9481191"/>
  <node id="6649103464" lat="37.3575193" lon="-121.9479017"/>
  <node id="6649103465" lat="37.3575980" lon="-121.9476805"/>
  <node id="6649103466" lat="37.3577296" lon="-121.9473036"/>
  <node id="6652442231" lat="37.3579577" lon="-121.9492778"/>
  <node id="6652442232" lat="37.3580138" lon="-121.9493007"/>
  <node id="6652442233" lat="37.3581328" lon="-121.9491636"/>
  <node id="6652442234" lat="37.3581030" lon="-121.9492370"/>
  <node id="6652442235" lat="37.3580029" lon="-121.9490681"/>
  <node id="6652442236" lat="37.3579805" lon="-121.9491722"/>
  <node id="6652442237" lat="37.3574572" lon="-121.9489841"/>
  <node id="6652442238" lat="37.3572440" lon="-121.9488710"/>
  <node id="6652442239" lat="37.3572194" lon="-121.9488688"/>
  <node id="6652442240" lat="37.3571894" lon="-121.9488777"/>
  <node id="6652442241" lat="37.3571709" lon="-121.9488954"/>
  <node id="6652442242" lat="37.3571568" lon="-121.9489154"/>
  <node id="6652442248" lat="37.3572281" lon="-121.9487661"/>
  <node id="6652442249" lat="37.3575752" lon="-121.9474005"/>
  <node id="6652442250" lat="37.3575471" lon="-121.9474757"/>
  <node id="6652442251" lat="37.3575251" lon="-121.9475440"/>
  <node id="6652442252" lat="37.3575017" lon="-121.9475760"/>
  <node id="6652442253" lat="37.3574770" lon="-121.9475864"/>
  <node id="6652442254" lat="37.3574303" lon="-121.9475830"/>
  <node id="6652442255" lat="37.3572949" lon="-121.9475017"/>
  <node id="6652442256" lat="37.3572818" lon="-121.9474714"/>
  <node id="6652442257" lat="37.3572736" lon="-121.9474299"/>
  <node id="6652442258" lat="37.3572804" lon="-121.9473755"/>
  <node id="6652442259" lat="37.3572873" lon="-121.9473245"/>
  <node id="6652442260" lat="37.3572743" lon="-121.9472778"/>
  <node id="6652442261" lat="37.3572523" lon="-121.9472397"/>
  <node id="6652442262" lat="37.3572097" lon="-121.9472138"/>
  <node id="6652442263" lat="37.3571664" lon="-121.9472121"/>
  <node id="6652442264" lat="37.3571279" lon="-121.9472302"/>
  <node id="6652442265" lat="37.3570983" lon="-121.9472553"/>
  <node id="6652442266" lat="37.3570832" lon="-121.9472873"/>
  <node id="6652442267" lat="37.3570736" lon="-121.9473409"/>
  <node id="6652442268" lat="37.3570798" lon="-121.9473936"/>
  <node id="6652442269" lat="37.3570901" lon="-121.9474360"/>
  <node id="6652442270" lat="37.3571100" lon="-121.9474922"/>
  <node id="6652442271" lat="37.3571451" lon="-121.9475449"/>
  <node id="6652442272" lat="37.3571787" lon="-121.9475830"/>
  <node id="6652442273" lat="37.3572179" lon="-121.9476201"/>
  <node id="6652442274" lat="37.3572585" lon="-121.9476435"/>
  <node id="6652442275" lat="37.3573911" lon="-121.9477109"/>
  <node id="6652442276" lat="37.3574076" lon="-121.9477317"/>
  <node id="6652442277" lat="37.3574199" lon="-121.9477654"/>
  <node id="6652442278" lat="37.3574241" lon="-121.9477974"/>
  <node id="6652442279" lat="37.3574213" lon="-121.9478337"/>
  <node id="6652442280" lat="37.3571409" lon="-121.9486014"/>
  <node id="6652442281" lat="37.3563610" lon="-121.9481691"/>
  <node id="6652442282" lat="37.3568027" lon="-121.9469392"/>
  <node id="6652442283" lat="37.3570494" lon="-121.9470372"/>
  <node id="6652442284" lat="37.3576124" lon="-121.9476409"/>
  <node id="6652450398" lat="37.3580922" lon="-121.9493212"/>
  <node id="6652450399" lat="37.3580681" lon="-121.9493229"/>
  <node id="6652462386" lat="37.3574157" lon="-121.9477537"/>
  <node id="6652462387" lat="37.3574536" lon="-121.9476502"/>
  <node id="6652462388" lat="37.3575340" lon="-121.9478609"/>
  <node id="6652462390" lat="37.3571910" lon="-121.9486299"/>
  <node id="6652462391" lat="37.3570702" lon="-121.9487939"/>
  <node id="6652462392" lat="37.3571052" lon="-121.9486986"/>
  <node id="6652462393" lat="37.3571195" lon="-121.9488285"/>
  <node id="6652462394" lat="37.3571217" lon="-121.9488223"/>
  <node id="6652462395" lat="37.3571929" lon="-121.9486246"/>
  <node id="6652462396" lat="37.3562960" lon="-121.9483626"/>
  <node id="6652462397" lat="37.3559440" lon="-121.9493375"/>
  <node id="6653750841" lat="37.3549929" lon="-121.9490516"/>
  <node id="6653794159" lat="37.3549586" lon="-121.9487993"/>
  <node id="6653794160" lat="37.3553124" lon="-121.9478201"/>
  <node id="6653794161" lat="37.3545921" lon="-121.9474239"/>
  <node id="6653794162" lat="37.3545672" lon="-121.9474135"/>
  <node id="6653794163" lat="37.3545452" lon="-121.9474135"/>
  <node id="6653794164" lat="37.3545148" lon="-121.9474369"/>
  <node id="6653794165" lat="37.3544997" lon="-121.9474768"/>
  <node id="6653794166" lat="37.3541964" lon="-121.9483284"/>
  <node id="6653794167" lat="37.3542309" lon="-121.9484108"/>
  <node id="6653794168" lat="37.3550301" lon="-121.9489538"/>
  <node id="6653794169" lat="37.3549364" lon="-121.9490215"/>
  <node id="6653794170" lat="37.3549251" lon="-121.9488974"/>
  <node id="6653794171" lat="37.3550072" lon="-121.9488261"/>
  <node id="6653794172" lat="37.3550103" lon="-121.9488177"/>
  <node id="6653794173" lat="37.3549339" lon="-121.9490285"/>
  <node id="6653794174" lat="37.3545764" lon="-121.9472979"/>
  <node id="6653794175" lat="37.3554497" lon="-121.9477707"/>
  <node id="6653794176" lat="37.3553615" lon="-121.9478454"/>
  <node id="6653794177" lat="37.3553500" lon="-121.9477151"/>
  <node id="6653794178" lat="37.3553573" lon="-121.9478570"/>
  <node id="6653794179" lat="37.3554319" lon="-121.9476468"/>
  <node id="6653794855" lat="37.3574027" lon="-121.9469453"/>
  <node id="6653794856" lat="37.3568080" lon="-121.9467277"/>
  <node id="6653794857" lat="37.3568053" lon="-121.9467129"/>
  <node id="6653794858" lat="37.3559402" lon="-121.9463717"/>
  <node id="6653794859" lat="37.3561080" lon="-121.9459010"/>
  <node id="6653794860" lat="37.3572882" lon="-121.9469170"/>
  <node id="6653794861" lat="37.3567877" lon="-121.9467060"/>
  <node id="6653794862" lat="37.3567154" lon="-121.9466774"/>
  <node id="6653794863" lat="37.3566594" lon="-121.9468886"/>
  <node id="6653794864" lat="37.3566869" lon="-121.9467848"/>
  <node id="6653794865" lat="37.3567406" lon="-121.9469286"/>
  <node id="6653794866" lat="37.3566950" lon="-121.9468973"/>
  <node id="6653794867" lat="37.3567436" lon="-121.9469162"/>
  <node id="6653794868" lat="37.3564823" lon="-121.9468048"/>
  <node id="6653794869" lat="37.3562583" lon="-121.9481135"/>
  <node id="6653794870" lat="37.3554793" lon="-121.9476839"/>
  <node id="6653794871" lat="37.3558743" lon="-121.9465756"/>
  <node id="6653794872" lat="37.3562704" lon="-121.9467314"/>
  <node id="6653794873" lat="37.3557218" lon="-121.9466768"/>
  <node id="6653794874" lat="37.3557374" lon="-121.9466322"/>
  <node id="6653794875" lat="37.3557336" lon="-121.9465905"/>
  <node id="6653794876" lat="37.3557175" lon="-121.9465571"/>
  <node id="6653794877" lat="37.3557019" lon="-121.9465327"/>
  <node id="6653794878" lat="37.3551150" lon="-121.9463072"/>
  <node id="6653794879" lat="37.3550879" lon="-121.9462972"/>
  <node id="6653794880" lat="37.3550512" lon="-121.9462916"/>
  <node id="6653794881" lat="37.3550161" lon="-121.9462985"/>
  <node id="6653794882" lat="37.3549508" lon="-121.9463309"/>
  <node id="6653794883" lat="37.3549056" lon="-121.9463792"/>
  <node id="6653794884" lat="37.3548888" lon="-121.9464053"/>
  <node id="6653798685" lat="37.3548672" lon="-121.9464500"/>
  <node id="6653798686" lat="37.3546238" lon="-121.9471313"/>
  <node id="6653798687" lat="37.3546214" lon="-121.9471530"/>
  <node id="6653798688" lat="37.3546211" lon="-121.9471811"/>
  <node id="6653798689" lat="37.3546293" lon="-121.9472059"/>
  <node id="6653798690" lat="37.3546443" lon="-121.9472286"/>
  <node id="6653798691" lat="37.3553805" lon="-121.9476298"/>
  <node id="6653798692" lat="37.3552231" lon="-121.9463483"/>
  <node id="6653798693" lat="37.3554426" lon="-121.9464325"/>
  <node id="6653798694" lat="37.3551779" lon="-121.9463309"/>
  <node id="6653798695" lat="37.3547779" lon="-121.9467020"/>
  <node id="6653798696" lat="37.3548255" lon="-121.9465690"/>
  <node id="6653798697" lat="37.3558095" lon="-121.9465595"/>
  <node id="6653798698" lat="37.3558029" lon="-121.9465788"/>
  <node id="6653798699" lat="37.3554287" lon="-121.9476562"/>
  <node id="6653831568" lat="37.3557789" lon="-121.9492553"/>
  <node id="6653831569" lat="37.3558106" lon="-121.9492642"/>
  <node id="6653831570" lat="37.3558438" lon="-121.9492553"/>
  <node id="6653831571" lat="37.3558659" lon="-121.9492211"/>
  <node id="6653831572" lat="37.3554148" lon="-121.9478728"/>
  <node id="6653831573" lat="37.3550663" lon="-121.9488586"/>
  <node id="6653831574" lat="37.3558087" lon="-121.9493617"/>
  <node id="6653831576" lat="37.3558965" lon="-121.9492985"/>
  <node id="6653831579" lat="37.3557797" lon="-121.9493465"/>
  <node id="6653831581" lat="37.3558925" lon="-121.9493096"/>
  <node id="6653831582" lat="37.3563282" lon="-121.9482668"/>
  <node id="6653831583" lat="37.3563088" lon="-121.9481408"/>
  <node id="6653831584" lat="37.3561898" lon="-121.9483024"/>
  <node id="6653874385" lat="37.3562239" lon="-121.9482084"/>
  <node id="6653874386" lat="37.3562409" lon="-121.9483314"/>
  <node id="6653874387" lat="37.3563385" lon="-121.9482725"/>
  <node id="6653874388" lat="37.3562146" lon="-121.9482032"/>
  <node id="6653874389" lat="37.3563119" lon="-121.9481321"/>
  <node id="6653874390" lat="37.3562375" lon="-121.9483410"/>
  <node id="6653888991" lat="37.3548910" lon="-121.9489972"/>
  <node id="6653888992" lat="37.3541973" lon="-121.9486001"/>
  <node id="6653888993" lat="37.3541648" lon="-121.9485939"/>
  <node id="6653888994" lat="37.3541346" lon="-121.9485990"/>
  <node id="6653888995" lat="37.3541134" lon="-121.9486096"/>
  <node id="6653888996" lat="37.3540876" lon="-121.9486295"/>
  <node id="6653889001" lat="37.3542202" lon="-121.9486132"/>
  <node id="6653889002" lat="37.3539867" lon="-121.9489160"/>
  <node id="6653889003" lat="37.3542055" lon="-121.9483813"/>
  <node id="6653889004" lat="37.3541820" lon="-121.9484854"/>
  <node id="6659520167" lat="37.3528075" lon="-121.9492487"/>
  <node id="6659520168" lat="37.3527897" lon="-121.9492434"/>
  <node id="6659520169" lat="37.3527623" lon="-121.9492405"/>
  <node id="6659520170" lat="37.3527451" lon="-121.9492480"/>
  <node id="6659520171" lat="37.3527236" lon="-121.9492727"/>
  <node id="6659520180" lat="37.3526650" lon="-121.9491781"/>
  <node id="6659525812" lat="37.3525956" lon="-121.9491299"/>
  <node id="6659538487" lat="37.3534758" lon="-121.9493719"/>
  <node id="6677972443" lat="37.3538584" lon="-121.9455795"/>
  <node id="6677972445" lat="37.3540122" lon="-121.9456653"/>
  <node id="6677972447" lat="37.3539311" lon="-121.9456389"/>
  <node id="6678074360" lat="37.3558421" lon="-121.9463268"/>
  <node id="6678074361" lat="37.3551741" lon="-121.9460658"/>
  <node id="6678074362" lat="37.3551312" lon="-121.9460310"/>
  <node id="6678074363" lat="37.3551088" lon="-121.9459860"/>
  <node id="6678074374" lat="37.3563268" lon="-121.9449375"/>
  <node id="6678074375" lat="37.3558827" lon="-121.9463454"/>
  <node id="6678074376" lat="37.3536508" lon="-121.9466877"/>
  <node id="6678074377" lat="37.3541830" lon="-121.9469696"/>
  <node id="6678074378" lat="37.3542234" lon="-121.9469803"/>
  <node id="6678074379" lat="37.3542733" lon="-121.9469736"/>
  <node id="6678074380" lat="37.3543067" lon="-121.9469611"/>
  <node id="6678074381" lat="37.3543444" lon="-121.9469284"/>
  <node id="6678074382" lat="37.3543674" lon="-121.9468935"/>
  <node id="6678074383" lat="37.3545898" lon="-121.9462773"/>
  <node id="6678074384" lat="37.3546012" lon="-121.9462295"/>
  <node id="6678094985" lat="37.3546015" lon="-121.9461806"/>
  <node id="6678094986" lat="37.3545948" lon="-121.9461299"/>
  <node id="6678094987" lat="37.3545828" lon="-121.9460866"/>
  <node id="6678094993" lat="37.3546185" lon="-121.9460723"/>
  <node id="6678094994" lat="37.3542421" lon="-121.9472332"/>
  <node id="6678094995" lat="37.3542827" lon="-121.9471117"/>
  <node id="6678094996" lat="37.3535953" lon="-121.9468397"/>
  <node id="6678094997" lat="37.3536243" lon="-121.9467603"/>
  <node id="6678094998" lat="37.3536433" lon="-121.9467710"/>
  <node id="6678095000" lat="37.3546991" lon="-121.9459531"/>
  <node id="6678095002" lat="37.3547294" lon="-121.9457991"/>
  <node id="6678095003" lat="37.3552748" lon="-121.9461045"/>
  <node id="6678095004" lat="37.3551921" lon="-121.9456024"/>
  <node id="6685674149" lat="37.3542213" lon="-121.9472167"/>
  <node id="6685674150" lat="37.3542046" lon="-121.9471956"/>
  <node id="6685674151" lat="37.3532332" lon="-121.9478504"/>
  <node id="6685674152" lat="37.3538405" lon="-121.9481960"/>
  <node id="6685674153" lat="37.3538628" lon="-121.9482009"/>
  <node id="6685674154" lat="37.3538794" lon="-121.9481983"/>
  <node id="6685674155" lat="37.3538997" lon="-121.9481901"/>
  <node id="6685674156" lat="37.3539158" lon="-121.9481702"/>
  <node id="6685674157" lat="37.3542286" lon="-121.9472921"/>
  <node id="6685674158" lat="37.3535236" lon="-121.9465855"/>
  <node id="6685674159" lat="37.3527635" lon="-121.9461707"/>
  <node id="6685674160" lat="37.3527462" lon="-121.9461519"/>
  <node id="6685674161" lat="37.3527312" lon="-121.9461330"/>
  <node id="6685674162" lat="37.3527277" lon="-121.9460924"/>
  <node id="6685674163" lat="37.3527347" lon="-121.9460605"/>
  <node id="6685674164" lat="37.3530655" lon="-121.9451611"/>
  <node id="6685674166" lat="37.3529785" lon="-121.9451111"/>
  <node id="6685674168" lat="37.3530513" lon="-121.9449055"/>
  <node id="6685674169" lat="37.3534431" lon="-121.9467517"/>
  <node id="6685674170" lat="37.3535101" lon="-121.9468147"/>
  <node id="6685674171" lat="37.3534709" lon="-121.9466746"/>
  <node id="6685674172" lat="37.3534600" lon="-121.9466688"/>
  <node id="6685674173" lat="37.3535062" lon="-121.9468257"/>
  <node id="6685674174" lat="37.3535792" lon="-121.9466187"/>
  <node id="6685677674" lat="37.3549898" lon="-121.9463052"/>
  <node id="6685677675" lat="37.3549499" lon="-121.9462404"/>
  <node id="6685677676" lat="37.3549694" lon="-121.9462658"/>
  <node id="6685677677" lat="37.3547442" lon="-121.9461157"/>
  <node id="6685677678" lat="37.3548633" lon="-121.9461880"/>
  <node id="6685677680" lat="37.3550984" lon="-121.9459586"/>
  <node id="6685677681" lat="37.3550639" lon="-121.9459792"/>
  <node id="6685677682" lat="37.3549512" lon="-121.9459492"/>
  <node id="6685700798" lat="37.3530162" lon="-121.9479487"/>
  <node id="6685700799" lat="37.3526630" lon="-121.9489413"/>
  <node id="6685700802" lat="37.3522649" lon="-121.9474037"/>
  <node id="6685700806" lat="37.3522769" lon="-121.9474103"/>
  <node id="6685700810" lat="37.3527927" lon="-121.9491230"/>
  <node id="6685700811" lat="37.3528074" lon="-121.9491313"/>
  <node id="6685700812" lat="37.3527352" lon="-121.9489804"/>
  <node id="6685700813" lat="37.3526310" lon="-121.9490309"/>
  <node id="6685700814" lat="37.3526223" lon="-121.9490259"/>
  <node id="6685700815" lat="37.3530527" lon="-121.9478438"/>
  <node id="6685700816" lat="37.3530438" lon="-121.9478388"/>
  <node id="6685700817" lat="37.3532200" lon="-121.9479376"/>
  <node id="6685700818" lat="37.3531576" lon="-121.9478052"/>
  <node id="6685700819" lat="37.3530905" lon="-121.9479924"/>
  <node id="6685713958" lat="37.3530819" lon="-121.9477600"/>
  <node id="6685713959" lat="37.3522971" lon="-121.9473167"/>
  <node id="6685713960" lat="37.3526513" lon="-121.9463306"/>
  <node id="6685713961" lat="37.3527263" lon="-121.9461198"/>
  <node id="6685713962" lat="37.3525355" lon="-121.9461256"/>
  <node id="6685713963" lat="37.3525676" lon="-121.9462842"/>
  <node id="6685713964" lat="37.3526927" lon="-121.9462146"/>
  <node id="6685713965" lat="37.3526408" lon="-121.9460799"/>
  <node id="6685713966" lat="37.3525634" lon="-121.9462955"/>
  <node id="6685713967" lat="37.3526442" lon="-121.9460699"/>
  <node id="6685713968" lat="37.3535067" lon="-121.9493354"/>
  <node id="6685713969" lat="37.3538100" lon="-121.9484749"/>
  <node id="6685713970" lat="37.3538142" lon="-121.9484261"/>
  <node id="6685713971" lat="37.3538022" lon="-121.9483983"/>
  <node id="6685713972" lat="37.3537795" lon="-121.9483702"/>
  <node id="6685713973" lat="37.3531679" lon="-121.9480380"/>
  <node id="6685713974" lat="37.3528180" lon="-121.9490251"/>
  <node id="6685713975" lat="37.3534335" lon="-121.9493799"/>
  <node id="6685713976" lat="37.3534576" lon="-121.9493818"/>
  <node id="6685713977" lat="37.3532057" lon="-121.9479295"/>
  <node id="6685713978" lat="37.3538607" lon="-121.9482978"/>
  <node id="6712917161" lat="37.3540898" lon="-121.9479521"/>
  <node id="6712917162" lat="37.3545548" lon="-121.9470665"/>
  <node id="7087874113" lat="37.3534237" lon="-121.9486252"/>
  <node id="7087874114" lat="37.3535607" lon="-121.9482513"/>
  <node id="7087874115" lat="37.3535995" lon="-121.9481507"/>
  <node id="7229601201" lat="37.3573823" lon="-121.9470441"/>
  <node id="7229601202" lat="37.3574187" lon="-121.9468677"/>
  <node id="7229601203" lat="37.3574760" lon="-121.9466620"/>
  <node id="7229601204" lat="37.3575857" lon="-121.9463255"/>
  <node id="7229601206" lat="37.3561124" lon="-121.9457361"/>
  <node id="7229601224" lat="37.3563282" lon="-121.9451411"/>
  <node id="7547149967" lat="37.3545151" lon="-121.9464842"/>
  <node id="7547149968" lat="37.3544736" lon="-121.9464485"/>
  <node id="7547149969" lat="37.3544674" lon="-121.9464329"/>
  <node id="7547149970" lat="37.3544669" lon="-121.9464121"/>
  <node id="7547149971" lat="37.3545367" lon="-121.9462242"/>
  <node id="7547149972" lat="37.3545387" lon="-121.9461936"/>
  <node id="7547149973" lat="37.3545325" lon="-121.9461637"/>
  <node id="7547149974" lat="37.3545175" lon="-121.9461338"/>
  <node id="7547149975" lat="37.3544092" lon="-121.9460444"/>
  <node id="7547149978" lat="37.3544395" lon="-121.9459536"/>
  <node id="7547149979" lat="37.3540715" lon="-121.9470135"/>
  <node id="7547149980" lat="37.3541047" lon="-121.9469252"/>
  <node id="7547149981" lat="37.3542603" lon="-121.9464795"/>
  <node id="7933489219" lat="37.3543970" lon="-121.9457760"/>
  <node id="8410676606" lat="37.3526709" lon="-121.9476299"/>
  <node id="8410676607" lat="37.3526948" lon="-121.9475410"/>
  <node id="8410676608" lat="37.3527918" lon="-121.9472669"/>
  <node id="8410676609" lat="37.3528700" lon="-121.9470610"/>
  <node id="8410676610" lat="37.3529737" lon="-121.9467619"/>
  <node id="8410676611" lat="37.3530445" lon="-121.9465531"/>
  <node id="8410676612" lat="37.3530777" lon="-121.9464538"/>
  <node id="8484597886" lat="37.3531050" lon="-121.9464695"/>
  <node id="8484597887" lat="37.3532431" lon="-121.9460816"/>
  <node id="8484597888" lat="37.3532622" lon="-121.9460555"/>
  <node id="8484597889" lat="37.3533224" lon="-121.9460424"/>
  <node id="8484597890" lat="37.3531422" lon="-121.9463714"/>
  <node id="8484597891" lat="37.3531667" lon="-121.9463012"/>
  <node id="9480704366" lat="37.3563948" lon="-121.9449400"/>
  <node id="9499457675" lat="37.3586661" lon="-121.9443779"/>
  <node id="9499457676" lat="37.3583203" lon="-121.9442154"/>
  <node id="9499457677" lat="37.3581048" lon="-121.9441177"/>
  <node id="9499457678" lat="37.3578775" lon="-121.9440110"/>
  <node id="9499457679" lat="37.3575965" lon="-121.9438853"/>
  <node id="9499457680" lat="37.3575461" lon="-121.9438607"/>
  <node id="9751765182" lat="37.3546494" lon="-121.9463804"/>
  <node id="11255876981" lat="37.3527130" lon="-121.9461142"/>
  <node id="11255876982" lat="37.3527203" lon="-121.9461432"/>
  <node id="11255876983" lat="37.3525827" lon="-121.9460593"/>
  <node id="11255876984" lat="37.3525525" lon="-121.9460786"/>
  <node id="11255876985" lat="37.3525004" lon="-121.9462209"/>
  <node id="11255876986" lat="37.3525129" lon="-121.9462542"/>
  <node id="11255876987" lat="37.3526327" lon="-121.9463207"/>
  <node id="11255876988" lat="37.3526595" lon="-121.9463067"/>
  <node id="11255876993" lat="37.3522764" lon="-121.9473039"/>
  <node id="11255876994" lat="37.3522865" lon="-121.9473441"/>
  <node id="11282390930" lat="37.3535432" lon="-121.9435381"/>
  <node id="11464394655" lat="37.3586864" lon="-121.9468247"/>
  <node id="11464394656" lat="37.3587603" lon="-121.9466019"/>
  <node id="11464394657" lat="37.3588070" lon="-121.9465527"/>
  <node id="11956215831" lat="37.3577946" lon="-121.9481170"/>
  <node id="11956215832" lat="37.3575006" lon="-121.9479558"/>
  <node id="12975337814" lat="37.3576326" lon="-121.9462608"/>
  <node id="12975337815" lat="37.3580065" lon="-121.9471182"/>
  <node id="12975337816" lat="37.3579566" lon="-121.9471419"/>
  <node id="12975337818" lat="37.3576982" lon="-121.9473940"/>
  <node id="12975337819" lat="37.3577203" lon="-121.9473624"/>
  <node id="12975337820" lat="37.3577091" lon="-121.9473729"/>
  <node id="12975337821" lat="37.3577172" lon="-121.9473526"/>
  <node id="12975337822" lat="37.3577363" lon="-121.9472799"/>
  <node id="12975337823" lat="37.3579747" lon="-121.9473741"/>
  <node id="12975337824" lat="37.3580990" lon="-121.9474191"/>
  <node id="12975337825" lat="37.3581239" lon="-121.9474695"/>
  <node id="12975337826" lat="37.3579525" lon="-121.9473561"/>
  <node id="12975337827" lat="37.3575806" lon="-121.9473716"/>
  <node id="12975337828" lat="37.3575765" lon="-121.9473371"/>
  <node id="12975337829" lat="37.3575630" lon="-121.9473051"/>
  <node id="12975337830" lat="37.3575458" lon="-121.9472860"/>
  <node id="12975337831" lat="37.3575825" lon="-121.9473316"/>
  <node id="12975337832" lat="37.3576434" lon="-121.9473411"/>
  <node id="12975337833" lat="37.3577358" lon="-121.9473584"/>
  <node id="12975337834" lat="37.3577503" lon="-121.9473591"/>
  <node id="12975337835" lat="37.3574454" lon="-121.9479238"/>
  <node id="12975337836" lat="37.3575424" lon="-121.9476505"/>
  <node id="13279365652" lat="37.3550307" lon="-121.9460176"/>
  <node id="13279365658" lat="37.3546773" lon="-121.9460751"/>
  <node id="13279365659" lat="37.3549546" lon="-121.9462432"/>
  <node id="13279365660" lat="37.3549577" lon="-121.9462203"/>
  <node id="13279365661" lat="37.3549355" lon="-121.9462318"/>
  <node id="13279392487" lat="37.3571160" lon="-121.9470744"/>
  <node id="13279392488" lat="37.3571371" lon="-121.9470828"/>
  <node id="13279392489" lat="37.3571623" lon="-121.9470898"/>
  <node id="13279392490" lat="37.3571910" lon="-121.9471004"/>
  <node id="13279392491" lat="37.3572103" lon="-121.9471110"/>
  <node id="13279392492" lat="37.3572303" lon="-121.9471251"/>
  <node id="13279392493" lat="37.3572517" lon="-121.9471436"/>
  <node id="13279392494" lat="37.3572715" lon="-121.9471655"/>
  <node id="13279392495" lat="37.3572883" lon="-121.9471870"/>
  <node id="13279392496" lat="37.3573093" lon="-121.9472040"/>
  <node id="13279392497" lat="37.3573816" lon="-121.9472453"/>
  <node id="13279392498" lat="37.3574044" lon="-121.9472514"/>
  <node id="13279392499" lat="37.3575269" lon="-121.9472789"/>
  <node id="13279392500" lat="37.3573553" lon="-121.9472322"/>
  <node id="13741725983" lat="37.3549860" lon="-121.9462943"/>
  <node id="13741725984" lat="37.3550013" lon="-121.9462489"/>
  <node id="13741725985" lat="37.3553487" lon="-121.9459575"/>
  <node id="13741725986" lat="37.3553080" lon="-121.9459978"/>
  <node id="13741725987" lat="37.3550170" lon="-121.9460557"/>
  <node id="13741725988" lat="37.3552386" lon="-121.9461662"/>
  <node id="13741725989" lat="37.3551308" lon="-121.9461140"/>
  <node id="13741725990" lat="37.3551021" lon="-121.9462315"/>
  <node id="13741725992" lat="37.3550533" lon="-121.9459473"/>
  <node id="13741725994" lat="37.3541778" lon="-121.9470647"/>
  <node id="13741725996" lat="37.3546924" lon="-121.9458160"/>
  <node id="13741725997" lat="37.3544851" lon="-121.9458319"/>
  <node id="13741726000" lat="37.3546131" lon="-121.9471833"/>
  <node id="13741753501" lat="37.3545431" lon="-121.9474020"/>
  <node id="13741753502" lat="37.3542280" lon="-121.9472380"/>
  <node id="13741753503" lat="37.3542169" lon="-121.9473334"/>
  <node id="13741753504" lat="37.3543374" lon="-121.9469478"/>
  <node id="13741753505" lat="37.3543335" lon="-121.9469394"/>
  <node id="13741753506" lat="37.3543794" lon="-121.9468633"/>
  <node id="13741753510" lat="37.3538510" lon="-121.9456008"/>
  <node id="13741753511" lat="37.3538538" lon="-121.9455928"/>
  <node id="13741753512" lat="37.3540059" lon="-121.9456827"/>
  <node id="13741753517" lat="37.3534537" lon="-121.9467810"/>
  <node id="13741753518" lat="37.3534361" lon="-121.9467712"/>
  <node id="13741753519" lat="37.3534988" lon="-121.9465972"/>
  <node id="13741753520" lat="37.3536411" lon="-121.9466555"/>
  <node id="13741753521" lat="37.3536586" lon="-121.9466657"/>
  <node id="13741753522" lat="37.3535712" lon="-121.9468510"/>
  <node id="13741753523" lat="37.3535880" lon="-121.9468602"/>
  <node id="13741753524" lat="37.3535064" lon="-121.9465758"/>
  <node id="65524566" lat="37.3604087" lon="-121.9481839"/>
  <node id="65527944" lat="37.3615289" lon="-121.9486060"/>
  <node id="65541699" lat="37.3607154" lon="-121.9454892"/>
  <node id="65574645" lat="37.3596391" lon="-121.9442645"/>
  <node id="65574654" lat="37.3594484" lon="-121.9447600"/>
  <node id="65574656" lat="37.3591222" lon="-121.9466064"/>
  <node id="65574658" lat="37.3595179" lon="-121.9478510"/>
  <node id="258339031" lat="37.3595315" lon="-121.9474991"/>
  <node id="286891691" lat="37.3592575" lon="-121.9452454"/>
  <node id="286891692" lat="37.3591495" lon="-121.9468124"/>
  <node id="286891693" lat="37.3595372" lon="-121.9477213"/>
  <node id="431712871" lat="37.3604698" lon="-121.9480126"/>
  <node id="431713207" lat="37.3603606" lon="-121.9483130"/>
  <node id="431715834" lat="37.3597930" lon="-121.9438896"/>
  <node id="651208343" lat="37.3601205" lon="-121.9493250"/>
  <node id="1071375144" lat="37.3596173" lon="-121.9476346"/>
  <node id="1071375161" lat="37.3597274" lon="-121.9479276"/>
  <node id="1071375165" lat="37.3596818" lon="-121.9478472"/>
  <node id="1254778879" lat="37.3598767" lon="-121.9436853"/>
  <node id="1254778882" lat="37.3597256" lon="-121.9440449"/>
  <node id="1341967044" lat="37.3598103" lon="-121.9438433"/>
  <node id="2330193354" lat="37.3592967" lon="-121.9492814"/>
  <node id="2338321894" lat="37.3593579" lon="-121.9471869"/>
  <node id="2338321895" lat="37.3592240" lon="-121.9472267"/>
  <node id="3678002355" lat="37.3605111" lon="-121.9482227"/>
  <node id="3678002356" lat="37.3596014" lon="-121.9478827"/>
  <node id="3678002357" lat="37.3596452" lon="-121.9477469"/>
  <node id="3678002358" lat="37.3596306" lon="-121.9476782"/>
  <node id="3678002359" lat="37.3595944" lon="-121.9475816"/>
  <node id="3678005434" lat="37.3591275" lon="-121.9467126"/>
  <node id="3678005435" lat="37.3592831" lon="-121.9451086"/>
  <node id="3678005436" lat="37.3593236" lon="-121.9449987"/>
  <node id="3694442460" lat="37.3601326" lon="-121.9429753"/>
  <node id="3701537820" lat="37.3612475" lon="-121.9485000"/>
  <node id="4103683337" lat="37.3592103" lon="-121.9485909"/>
  <node id="4103683338" lat="37.3592444" lon="-121.9488054"/>
  <node id="4103683339" lat="37.3593424" lon="-121.9490361"/>
  <node id="4103683341" lat="37.3593467" lon="-121.9493043"/>
  <node id="4103683342" lat="37.3593542" lon="-121.9481094"/>
  <node id="4103683344" lat="37.3593787" lon="-121.9480759"/>
  <node id="4103683347" lat="37.3597795" lon="-121.9487196"/>
  <node id="4181886493" lat="37.3598129" lon="-121.9479598"/>
  <node id="4181886494" lat="37.3601502" lon="-121.9480866"/>
  <node id="4548699340" lat="37.3593941" lon="-121.9479313"/>
  <node id="4548699341" lat="37.3594540" lon="-121.9479543"/>
  <node id="4626757902" lat="37.3609989" lon="-121.9484064"/>
  <node id="4626757904" lat="37.3601491" lon="-121.9492044"/>
  <node id="5057939928" lat="37.3607067" lon="-121.9482964"/>
  <node id="5058055871" lat="37.3613120" lon="-121.9485243"/>
  <node id="5388437755" lat="37.3599281" lon="-121.9435428"/>
  <node id="5388543491" lat="37.3614648" lon="-121.9488697"/>
  <node id="5388543510" lat="37.3602020" lon="-121.9489812"/>
  <node id="5388543511" lat="37.3598498" lon="-121.9488543"/>
  <node id="5388543512" lat="37.3601690" lon="-121.9491204"/>
  <node id="5388543513" lat="37.3598210" lon="-121.9489830"/>
  <node id="5388543514" lat="37.3603389" lon="-121.9484044"/>
  <node id="5388543515" lat="37.3600172" lon="-121.9482776"/>
  <node id="5388543516" lat="37.3600366" lon="-121.9480450"/>
  <node id="5388543517" lat="37.3600006" lon="-121.9483581"/>
  <node id="5388543518" lat="37.3599473" lon="-121.9485646"/>
  <node id="5388543519" lat="37.3600273" lon="-121.9486035"/>
  <node id="5388543520" lat="37.3602691" lon="-121.9486988"/>
  <node id="6856851586" lat="37.3605538" lon="-121.9471491"/>
  <node id="6856851587" lat="37.3606657" lon="-121.9471900"/>
  <node id="6856851588" lat="37.3609775" lon="-121.9473076"/>
  <node id="7138227083" lat="37.3591769" lon="-121.9460566"/>
  <node id="7138227084" lat="37.3593404" lon="-121.9460847"/>
  <node id="7138280185" lat="37.3597196" lon="-121.9461399"/>
  <node id="7138280186" lat="37.3597374" lon="-121.9461320"/>
  <node id="7138280187" lat="37.3597662" lon="-121.9459092"/>
  <node id="7138280188" lat="37.3597567" lon="-121.9458817"/>
  <node id="7138280189" lat="37.3593606" lon="-121.9458231"/>
  <node id="7138280190" lat="37.3592028" lon="-121.9457953"/>
  <node id="7312068118" lat="37.3613604" lon="-121.9492997"/>
  <node id="7930961565" lat="37.3597778" lon="-121.9479466"/>
  <node id="7930961566" lat="37.3598294" lon="-121.9476286"/>
  <node id="7930961567" lat="37.3598073" lon="-121.9475148"/>
  <node id="7930961568" lat="37.3596682" lon="-121.9473353"/>
  <node id="7930961569" lat="37.3595787" lon="-121.9472455"/>
  <node id="7930961570" lat="37.3594868" lon="-121.9471025"/>
  <node id="7930961571" lat="37.3594566" lon="-121.9470827"/>
  <node id="7930961572" lat="37.3594215" lon="-121.9470903"/>
  <node id="7930961573" lat="37.3593394" lon="-121.9471537"/>
  <node id="8410858717" lat="37.3605167" lon="-121.9475294"/>
  <node id="8410858718" lat="37.3609329" lon="-121.9476717"/>
  <node id="8410858719" lat="37.3609530" lon="-121.9476979"/>
  <node id="8410858720" lat="37.3609626" lon="-121.9477268"/>
  <node id="8410858721" lat="37.3608918" lon="-121.9483657"/>
  <node id="8410858722" lat="37.3606126" lon="-121.9475686"/>
  <node id="8410858723" lat="37.3594088" lon="-121.9489589"/>
  <node id="8410858724" lat="37.3594355" lon="-121.9488420"/>
  <node id="8410858725" lat="37.3594387" lon="-121.9487391"/>
  <node id="8410858726" lat="37.3594104" lon="-121.9486342"/>
  <node id="8410858727" lat="37.3592335" lon="-121.9485126"/>
  <node id="9499457669" lat="37.3593104" lon="-121.9448850"/>
  <node id="9499457670" lat="37.3593186" lon="-121.9448446"/>
  <node id="9499457671" lat="37.3593125" lon="-121.9447991"/>
  <node id="9499457672" lat="37.3592936" lon="-121.9447582"/>
  <node id="9499457673" lat="37.3592685" lon="-121.9447364"/>
  <node id="9499457674" lat="37.3591329" lon="-121.9446420"/>
  <node id="9499457681" lat="37.3592530" lon="-121.9450017"/>
  <node id="9499457682" lat="37.3592209" lon="-121.9451040"/>
  <node id="9499457683" lat="37.3591975" lon="-121.9452285"/>
  <node id="9499457684" lat="37.3591226" lon="-121.9460112"/>
  <node id="9499457685" lat="37.3590652" lon="-121.9465979"/>
  <node id="9499457686" lat="37.3590618" lon="-121.9466626"/>
  <node id="9499457687" lat="37.3590667" lon="-121.9467629"/>
  <node id="9499457688" lat="37.3590981" lon="-121.9468903"/>
  <node id="9499457689" lat="37.3592800" lon="-121.9472093"/>
  <node id="9499457690" lat="37.3594099" lon="-121.9474632"/>
  <node id="9499457691" lat="37.3594272" lon="-121.9475688"/>
  <node id="9499457692" lat="37.3594178" lon="-121.9476254"/>
  <node id="9499457693" lat="37.3593932" lon="-121.9476663"/>
  <node id="9499457694" lat="37.3596888" lon="-121.9477339"/>
  <node id="9499457695" lat="37.3596221" lon="-121.9477538"/>
  <node id="9499457696" lat="37.3595812" lon="-121.9480083"/>
  <node id="9679876177" lat="37.3600046" lon="-121.9482060"/>
  <node id="9679876178" lat="37.3600063" lon="-121.9482396"/>
  <node id="10688850361" lat="37.3595533" lon="-121.9486900"/>
  <node id="10688850362" lat="37.3595128" lon="-121.9486692"/>
  <node id="10688850363" lat="37.3594595" lon="-121.9485987"/>
  <node id="10688850364" lat="37.3594736" lon="-121.9485290"/>
  <node id="10688850365" lat="37.3593892" lon="-121.9493702"/>
  <node id="10688850366" lat="37.3593456" lon="-121.9493551"/>
  <node id="10688850367" lat="37.3593228" lon="-121.9493469"/>
  <node id="11150025276" lat="37.3591901" lon="-121.9459226"/>
  <node id="11150025277" lat="37.3591318" lon="-121.9459149"/>
  <node id="11150025285" lat="37.3589652" lon="-121.9445468"/>
  <node id="11202915380" lat="37.3592499" lon="-121.9484572"/>
  <node id="11203040673" lat="37.3604661" lon="-121.9493163"/>
  <node id="11464394658" lat="37.3591258" lon="-121.9466771"/>
  <node id="5057939934" lat="37.3604879" lon="-121.9419895"/>
  <node id="5388437757" lat="37.3602572" lon="-121.9426296"/>
  <node id="5388437759" lat="37.3602853" lon="-121.9425517"/>
  <way id="416227651">
    <nd ref="4170447856"/>
    <nd ref="6553226748"/>
    <nd ref="65433077"/>
  </way>
  <way id="496032369">
    <nd ref="4877499563"/>
    <nd ref="8557900548"/>
    <nd ref="4877499565"/>
  </way>
  <way id="505549548">
    <nd ref="4877499563"/>
    <nd ref="65433077"/>
  </way>
  <way id="417073172">
    <nd ref="4176992228"/>
    <nd ref="2839948302"/>
    <nd ref="6473973656"/>
    <nd ref="282813059"/>
  </way>
  <way id="416223566">
    <nd ref="282813104"/>
    <nd ref="282813137"/>
  </way>
  <way id="516434371">
    <nd ref="282813137"/>
    <nd ref="5041442783"/>
  </way>
  <way id="516434372">
    <nd ref="5041442784"/>
    <nd ref="282813104"/>
  </way>
  <way id="516434373">
    <nd ref="5041442783"/>
    <nd ref="5041442784"/>
  </way>
  <way id="279805029">
    <nd ref="282813089"/>
    <nd ref="2839948316"/>
    <nd ref="1078266808"/>
  </way>
  <way id="416151864">
    <nd ref="282813043"/>
    <nd ref="6659520184"/>
    <nd ref="2619191135"/>
    <nd ref="6804262700"/>
    <nd ref="4181855192"/>
  </way>
  <way id="416223561">
    <nd ref="282813059"/>
    <nd ref="282813089"/>
  </way>
  <way id="417682607">
    <nd ref="282813043"/>
    <nd ref="282813023"/>
  </way>
  <way id="417682619">
    <nd ref="4181855191"/>
    <nd ref="2565123124"/>
    <nd ref="6659520177"/>
    <nd ref="282813023"/>
  </way>
  <way id="516435973">
    <nd ref="9792434344"/>
    <nd ref="2839948317"/>
    <nd ref="282813089"/>
  </way>
  <way id="52637310">
    <nd ref="65596348"/>
    <nd ref="6649067574"/>
    <nd ref="668437486"/>
  </way>
  <way id="1060540769">
    <nd ref="6804262724"/>
    <nd ref="6649067573"/>
    <nd ref="65596348"/>
  </way>
  <way id="408449670">
    <nd ref="65574658"/>
    <nd ref="4548699341"/>
    <nd ref="4103683344"/>
    <nd ref="4103683342"/>
    <nd ref="11202915380"/>
    <nd ref="8410858727"/>
    <nd ref="4103683337"/>
    <nd ref="4103683338"/>
    <nd ref="4103683339"/>
    <nd ref="4103683341"/>
    <nd ref="10688850366"/>
    <nd ref="4103683340"/>
    <nd ref="4103683343"/>
    <nd ref="4103683345"/>
    <nd ref="4103683346"/>
    <nd ref="4103683347"/>
  </way>
  <way id="369618701">
    <nd ref="3733958216"/>
    <nd ref="3612914332"/>
    <nd ref="65574658"/>
  </way>
  <way id="8937826">
    <nd ref="606291498"/>
    <nd ref="650853960"/>
    <nd ref="650853961"/>
  </way>
  <way id="52512129">
    <nd ref="667367325"/>
    <nd ref="667367314"/>
    <nd ref="13741725990"/>
    <nd ref="667367329"/>
    <nd ref="314511208"/>
  </way>
  <way id="52512130">
    <nd ref="667367317"/>
    <nd ref="667367296"/>
    <nd ref="6653798696"/>
    <nd ref="667367288"/>
  </way>
  <way id="52512136">
    <nd ref="667367299"/>
    <nd ref="667367327"/>
    <nd ref="667367318"/>
    <nd ref="667367317"/>
  </way>
  <way id="52512137">
    <nd ref="667367312"/>
    <nd ref="667367317"/>
  </way>
  <way id="52512138">
    <nd ref="667367317"/>
    <nd ref="6653798694"/>
    <nd ref="667367314"/>
  </way>
  <way id="93014925">
    <nd ref="1953986041"/>
    <nd ref="7933489219"/>
    <nd ref="13741725997"/>
    <nd ref="667360788"/>
  </way>
  <way id="184853234">
    <nd ref="1953986063"/>
    <nd ref="1953986048"/>
    <nd ref="667360799"/>
    <nd ref="6678094993"/>
    <nd ref="1953986045"/>
    <nd ref="667360788"/>
  </way>
  <way id="184853236">
    <nd ref="667360788"/>
    <nd ref="1953986065"/>
    <nd ref="13741725996"/>
    <nd ref="6678095002"/>
    <nd ref="667360797"/>
    <nd ref="282812924"/>
  </way>
  <way id="358444829">
    <nd ref="65518421"/>
    <nd ref="6678095000"/>
    <nd ref="667360788"/>
  </way>
  <way id="416143548">
    <nd ref="4169755396"/>
    <nd ref="26374405"/>
    <nd ref="1953986077"/>
    <nd ref="6685677682"/>
    <nd ref="314511208"/>
  </way>
  <way id="518543247">
    <nd ref="650853961"/>
    <nd ref="7229601201"/>
    <nd ref="65492855"/>
    <nd ref="65577932"/>
  </way>
  <way id="1061397254">
    <nd ref="1953986063"/>
    <nd ref="6685677677"/>
    <nd ref="65518421"/>
  </way>

</osm>
