company,email,segment,role,city,cluster,hook,source_url,priority,status,round,last_sent,replied
GM,mediaservices@gm.com,oem,ADAS V&V Manager,Detroit,Detroit/Warren,23 个安全关键 CARLA 边缘场景含遥测 CSV 与可复现脚本，可直接挂入贵司 Super Cruise 的 SOTIF 验证流程，覆盖 UN-R157 ALKS 触发条件,https://pressroom.gm.com/content/gmbx/us/en/pressroom/home/contacts.html,HIGH,contacted,1,2026-08-05T12:54:02.399524,
GM,faryl.ury@gm.com,oem,Functional Safety Lead,Detroit,Detroit/Warren,23 个含 ISO 21448 SOTIF 合规标注的边缘场景可加速 Cruise/GM 自动驾驶团队的未知不安全场景（unknown unsafe）识别与论证,https://pressroom.gm.com/content/gmbx/us/en/pressroom/home/contacts.html,HIGH,contacted,1,2026-08-05T12:54:03.048807,
GM,kevin.m.kelly@gm.com,oem,Head of Simulation & Safety Validation,Warren,Detroit/Warren,23 个 CARLA 场景提供可复现脚本与逐帧遥测，便于在 Warren 技术中心搭建回归测试基线，缩短 SOTIF 论证周期,https://pressroom.gm.com/content/gmbx/us/en/pressroom/home/contacts.html,HIGH,contacted,1,2026-08-05T12:54:04.005945,
GM,chaiti.sen@gm.com,oem,Strategic Technology Communications Lead,Detroit,Detroit/Warren,"含 UN-R157 合规标注的 23 个场景包可作为贵司技术传播中""安全验证证据链""的实证素材",https://pressroom.gm.com/content/gmbx/us/en/pressroom/home/contacts.html,MED,contacted,1,2026-08-05T12:54:04.809112,
Ford,media@ford.com,oem,ADAS V&V Manager,Dearborn,Dearborn,BlueCruise 的 SOTIF 验证需要大量边缘触发场景，23 个 CARLA 场景含遥测 CSV 可直接纳入 Ford 的 AV 仿真回归集,https://media.ford.com/content/fordmedia/fna/ca/en/people/sammy-omari.html,HIGH,contacted,1,2026-08-05T12:54:05.534137,
Stellantis,frank.j.matyok@stellantis.com,oem,ADAS V&V Manager,Auburn Hills,Automation Alley,Stellantis 的 L2+/L3 推进需要 UN-R157 合规场景，23 个 CARLA 边缘场景含可复现脚本可直接补充 Auburn Hills 仿真资产,https://media.stellantisnorthamerica.com/cgm-contacts.do,HIGH,contacted,1,2026-08-05T12:54:06.189571,
Stellantis,annmarie.fortunate@stellantis.com,oem,Head of Safety Validation,Auburn Hills,Automation Alley,23 个含 SOTIF 合规标注的场景包可缩短 STLA Autodrive 安全论证文档的编制时间,https://media.stellantisnorthamerica.com/cgm-contacts.do,HIGH,contacted,1,2026-08-05T12:54:06.905646,
Stellantis,communications@stellantis.com,oem,Functional Safety Lead,Auburn Hills,Automation Alley,面向 STLA 平台的多传感器边缘场景库，可直接映射 UN-R157 ALKS 与 ISO 21448 验证项,https://stellantis.com/en/news/media-contacts,MED,contacted,1,2026-08-05T12:54:07.669961,
Stellantis,kaileen.connelly@stellantis.com,oem,Simulation Engineer,Auburn Hills,Automation Alley,23 个 CARLA 可复现脚本支持在 Stellantis 仿真农场做确定性回归，便于复现罕见边缘触发,https://media.stellantisnorthamerica.com/cgm-contacts.do,MED,contacted,1,2026-08-05T12:54:10.230523,
Stellantis,megan.soule@stellantis.com,oem,Technology Communications Manager,Auburn Hills,Automation Alley,含合规标注的场景数据可作为对外安全沟通的可验证证据,https://media.stellantisnorthamerica.com/cgm-contacts.do,MED,contacted,1,2026-08-05T12:54:10.918799,
Stellantis,investor.relations@stellantis.com,oem,VP Functional Safety (IR-facing),Auburn Hills,Automation Alley,可量化的 SOTIF 验证资产有助于向投资人说明 ADAS 安全投入产出,https://stellantis.com/en/news/media-contacts,MED,contacted,1,2026-08-05T12:54:11.625991,
Magna,louis.tonelli@magna.com,tier1,ADAS V&V Manager,Troy,Automation Alley,Magna 的 BlueCity 与驾驶辅助系统需要边缘场景库，23 个含遥测的 CARLA 场景可直接进 Troy 仿真流水线,https://www.nasdaq.com/press-release/magna-announces-strong-second-quarter-results-raises-outlook-2026-2026-07-31-0,HIGH,contacted,1,2026-08-05T12:54:12.190663,
Magna,tracy.fuerst@magna.com,tier1,Functional Safety Lead,Troy,Automation Alley,23 个 ISO 21448 标注场景可支撑 Magna 域控制器功能安全案例的 SOTIF 论证,https://magna.com/stories/news-press-release/2025/magna-to-showcase-its-vision-for-safer--smarter--greener-mobility-at-iaa-mobility-2025,HIGH,contacted,1,2026-08-05T12:54:13.011555,
Magna,dave.niemiec@magna.com,tier1,Head of Simulation,Auburn Hills,Automation Alley,可复现 CARLA 脚本便于在 Auburn Hills 做跨项目回归，统一 ADAS 验证基线,https://www.magna.com/zh/%E6%96%B0%E9%97%BB%E4%B8%AD%E5%BF%83/news-press-releases/release/2021/12/02/news-release---magna-secures-business-for-hybrid-dual-clutch-transmission-program,MED,contacted,1,2026-08-05T12:54:13.819863,
Magna,rej.husetovic@magna.com,tier1,ADAS Program Manager,Troy,Automation Alley,23 个安全关键场景可直接用于客户（OEM）验收前的内部 SOTIF 压力测试,https://magna.com/stories/news-press-release/2025/magna-to-showcase-its-vision-for-safer--smarter--greener-mobility-at-iaa-mobility-2025,MED,contacted,1,2026-08-05T12:54:14.674733,
Magna,nancy.hansford@magna.com,tier1,Communications & Safety Story Lead,Troy,Automation Alley,"可验证的场景数据强化对外""安全优先""叙事",https://www.nasdaq.com/press-release/magna-announces-strong-second-quarter-results-raises-outlook-2026-2026-07-31-0,MED,contacted,1,2026-08-05T12:54:15.662902,
Bosch,contact@us.bosch.com,tier1,ADAS V&V Manager,Farmington Hills,Detroit Metro,Bosch Mobility 的驾驶员辅助与 ADS 业务需要 UN-R157 合规场景，23 个 CARLA 边缘场景含遥测可直接入库,https://us.bosch-press.com/pressportal/us/en/imprint/provider.html,HIGH,contacted,1,2026-08-05T12:54:16.474022,
Bosch,tim.wieland@us.bosch.com,tier1,Functional Safety Lead,Farmington Hills,Detroit Metro,23 个含 ISO 21448 标注场景支撑 Bosch 跨 OEM 项目的 SOTIF 论证复用,https://www.bosch-press.it/pressportal/us/en/contact.html,HIGH,contacted,1,2026-08-05T12:54:18.406030,
Bosch,alissa.cleland@us.bosch.com,tier1,Head of Simulation,Farmington Hills,Detroit Metro,可复现脚本便于在 Farmington Hills 做确定性仿真，复现罕见传感器失效边缘,https://us.bosch-press.com/pressportal/us/en/imprint/provider.html,MED,contacted,1,2026-08-05T12:54:19.158968,
Bosch,megan.bonelli@us.bosch.com,tier1,Simulation Engineer,Farmington Hills,Detroit Metro,23 个 CARLA 场景可直接作为 Bosch 仿真回归集的补充资产,https://www.bosch.us/news-and-stories/,MED,contacted,1,2026-08-05T12:54:21.864079,
ZF,communications@zf.com,tier1,ADAS V&V Manager,Northville,Detroit Metro,ZF 的 ADAS 与自动驾驶单元需要边缘场景库，23 个含遥测的 CARLA 场景可补充 Northville 验证资产,https://www.zf.com/usa_canada/en/press/press.html,HIGH,contacted,1,2026-08-05T12:54:22.821064,
ZF,tony.sapienza@zf.com,tier1,Functional Safety Lead,Farmington Hills,Detroit Metro,23 个 ISO 21448 标注场景支撑 ZF 制动/转向安全案例的 SOTIF 论证,https://www.zf.com/site/locations/en/north_america/unitedstates_locations/united_states_zfworldwide.html,HIGH,contacted,1,2026-08-05T12:54:23.605289,
ZF,dawn.swindle@zf.com,tier1,Passive & Active Safety Engineer,Farmington Hills,Detroit Metro,含 UN-R157 触发条件的场景可验证 ZF 主被动安全协同的边界表现,https://www.zf.com/usa_canada/en/press/press.html,MED,contacted,1,2026-08-05T12:54:24.343725,
ZF,ashley.vanhorn@zf.com,tier1,Simulation Engineer,Northville,Detroit Metro,可复现 CARLA 脚本便于做确定性回归与 OEM 验收前内部压力测试,https://www.zf.com/usa_canada/en/press/press.html,MED,contacted,1,2026-08-05T12:54:25.116763,
ZF,matthew.charboneau@zf.com,tier1,ADAS Program Manager,Northville,Detroit Metro,23 个安全关键场景直接用于项目交付前的 SOTIF 压力测试,https://www.zf.com/usa_canada/en/press/press.html,MED,contacted,1,2026-08-05T12:54:25.852936,
Continental,mary.arraf@continental.com,tier1,ADAS V&V Manager,Auburn Hills,Automation Alley,Continental 的 ARTS 与雷达/摄像头融合需要边缘场景库，23 个 CARLA 场景含遥测可直接进 Auburn Hills 仿真集,https://www.businesswire.com/news/home/20250520171772/en/,HIGH,contacted,1,2026-08-05T12:54:26.589032,
Continental,christina.clarke@continental.com,tier1,Functional Safety Lead,Auburn Hills,Automation Alley,23 个 ISO 21448 标注场景支撑 Continental 跨 OEM ADAS 项目的 SOTIF 论证,https://www.continental.com/en/press/fairs-events/ces-2025/,HIGH,contacted,1,2026-08-05T12:54:27.494517,
Continental,brianna.blust@continental.com,tier1,Head of Simulation,Auburn Hills,Automation Alley,可复现脚本便于在本地做确定性仿真，复现罕见边缘触发,https://www.businesswire.com/news/home/20250520171772/en/,MED,contacted,1,2026-08-05T12:54:28.241886,
Continental,mary.arraf@continental-corporation.com,tier1,Simulation Engineer,Auburn Hills,Automation Alley,23 个 CARLA 场景作为 Continental 仿真回归集的补充资产,https://www.businesswire.com/news/home/20250520171772/en/,MED,contacted,1,2026-08-05T12:54:29.188959,
Aptiv,MediaRelations@aptiv.com,tier1,ADAS V&V Manager,Troy,Automation Alley,Aptiv 的卫星计算与主动安全需要 UN-R157 合规场景，23 个 CARLA 边缘场景含遥测可直接入库 Troy 仿真,http://www.aptiv.com/contact-us/media,HIGH,contacted,1,2026-08-05T12:54:30.260794,
Aptiv,Lisa.Scalzo@aptiv.com,tier1,Functional Safety Lead,Troy,Automation Alley,23 个含 ISO 21448 标注场景支撑 Aptiv 域控制器 SOTIF 论证,https://www.aptiv.com/en/newsroom/article/paul-meister-joins-aptiv-board-of-directors,HIGH,contacted,1,2026-08-06T12:22:19.016245,
Aptiv,elena.rosman@aptiv.com,tier1,VP Investor Relations (safety spend),Troy,Automation Alley,可量化的 SOTIF 验证资产有助于向投资人说明主动安全投入,https://www.aptiv.com/en/newsroom/article/paul-meister-joins-aptiv-board-of-directors,MED,contacted,1,2026-08-06T12:22:19.962377,
Aptiv,Ariel.Gavilan@aptiv.com,tier1,Head of Simulation,Troy,Automation Alley,可复现 CARLA 脚本便于在本地做确定性回归,http://www.aptiv.com/contact-us/media,MED,contacted,1,2026-08-06T12:22:20.785772,
Gentex,craig.piersma@gentex.com,tier1,ADAS V&V Manager,Zeeland,West Michigan,Gentex 的 DMS 与镜体摄像头需要边缘场景验证，23 个 CARLA 场景含遥测可补充 Zeeland 仿真资产,https://www.gentex.com/post/gentex-kicks-off-50th-anniversary-celebrations-returns-as-sponsor-of-the-michigan-international-auto-show,HIGH,contacted,1,2026-08-06T12:22:21.655233,
Gentex,josh.oberski@gentex.com,tier1,Functional Safety Lead,Zeeland,West Michigan,23 个含 ISO 21448 标注场景支撑 Gentex 视觉系统 SOTIF 论证,http://newsroom.gentex.com/,HIGH,contacted,1,2026-08-06T12:22:22.946642,
Gentex,hendrik.borgmeier@gentex.com,tier1,Head of Simulation,Zeeland,West Michigan,可复现 CARLA 脚本便于做确定性回归与 OEM 验收前内部压力测试,https://www.gentex.com/post/gentex-kicks-off-50th-anniversary-celebrations-returns-as-sponsor-of-the-michigan-international-auto-show,MED,contacted,1,2026-08-06T12:22:23.908140,
Gentex,ir@gentex.com,tier1,Investor Relations (safety),Zeeland,West Michigan,可量化 SOTIF 验证资产有助于投资人沟通,http://newsroom.gentex.com/,MED,pending,0,,
FORVIA HELLA,info-usa.hella@forvia.com,tier1,ADAS V&V Manager,Northville,Detroit Metro,HELLA 的雷达与照明 ADAS 需要边缘场景库，23 个 CARLA 场景含遥测可直接进 Northville 仿真集,https://www.hella.com/us/Company-226/,HIGH,pending,0,,
FORVIA HELLA,daniel.morfeld@forvia.com,tier1,Functional Safety Lead,Northville,Detroit Metro,23 个含 ISO 21448 标注场景支撑 HELLA 传感器 SOTIF 论证,https://hella.com/hella-com/en/Company-30.html,HIGH,pending,0,,
Autoliv,media@autoliv.com,tier1,ADAS V&V Manager,Auburn Hills,Detroit Metro,Autoliv 的约束系统与主动安全需要边缘触发场景，23 个 CARLA 场景含遥测可补充 Auburn Hills 验证资产,https://www.autoliv.com/news-and-media/press-contacts,HIGH,pending,0,,
Autoliv,gabriella.etemad@autoliv.com,tier1,Functional Safety Lead,Auburn Hills,Detroit Metro,23 个含 UN-R157 标注场景支撑 Autoliv 主被动安全协同的 SOTIF 论证,https://www.autoliv.com/sites/autoliv/files/pr/202502199816-3.pdf,HIGH,pending,0,,
Autoliv,ir@autoliv.com,tier1,Investor Relations (safety),Auburn Hills,Detroit Metro,可量化验证资产有助于投资人安全叙事,https://www.autoliv.com/news-and-media/press-contacts,MED,pending,0,,
Visteon,Media@Visteon.com,tier1,ADAS V&V Manager,Van Buren Township,Detroit Metro,Visteon 的数字座舱与 ADAS 域控需要边缘场景库，23 个 CARLA 场景含遥测可直接进本地仿真,https://investors.visteon.com/investors/investor-news/news-details/2026/Visteon-to-Host-Investor-Day-on-June-25-2026/default.aspx,HIGH,pending,0,,
Visteon,Investor@visteon.com,tier1,Functional Safety Lead,Van Buren Township,Detroit Metro,23 个含 ISO 21448 标注场景支撑 Visteon 域控 SOTIF 论证,https://investors.visteon.com/investors/shareholder-resources/investor-contact/default.aspx,HIGH,pending,0,,
Nissan,Jay.Cooney@nissan-usa.com,oem,ADAS V&V Manager,Farmington Hills,Detroit Metro,Nissan 北美技术中心的 ProPILOT 验证需要 UN-R157 合规场景，23 个 CARLA 边缘场景含遥测可直接入库,https://usa.nissannews.com/en-US/contacts,HIGH,pending,0,,
Nissan,Ashli.Bobo@nissan-usa.com,oem,Functional Safety Lead,Farmington Hills,Detroit Metro,23 个含 ISO 21448 标注场景支撑 Nissan 北美 SOTIF 论证,https://usa.nissannews.com/en-US/contacts,HIGH,pending,0,,
HATCI,Communications@hatci.com,oem,ADAS V&V Manager,Superior Township,Ann Arbor,HATCI 的 ADAS/自动驾驶研发需要边缘场景库，23 个 CARLA 场景含遥测可直接进 Ann Arbor 仿真集,https://www.hatci.com/contact/,HIGH,pending,0,,
HATCI,jcherry@hatci.com,oem,Functional Safety Lead,Superior Township,Ann Arbor,23 个含 ISO 21448 标注场景支撑现代北美 SOTIF 论证,https://www.hatci.com/contact/,HIGH,pending,0,,
Valeo,press-contact.mailbox@valeo.com,tier1,ADAS V&V Manager,Troy,Automation Alley,Valeo 的下一代雷达与泊车 ADAS 需要边缘场景库，23 个 CARLA 场景含遥测可直接进 Troy 仿真集,https://www.valeo.com/en/valeo-secures-contract-for-next-generation-radar-technology-with-north-american-oem,HIGH,pending,0,,
Valeo,valeo.corporateaccess.mailbox@valeo.com,tier1,Functional Safety Lead,Troy,Automation Alley,23 个含 UN-R157 标注场景支撑 Valeo 传感器 SOTIF 论证,https://www.valeo.com/en/valeo-secures-contract-for-next-generation-radar-technology-with-north-american-oem,MED,pending,0,,
Luminar,Press@luminartech.com,tier1,ADAS V&V Manager,Detroit,Detroit Metro,Luminar 的激光雷达与主动安全需要边缘触发场景，23 个 CARLA 场景含遥测可补充 Detroit 验证资产,https://investors.luminartech.com/sec-filings/all-sec-filings/content/0001628280-25-014115/q42024earningsrelease991.htm,HIGH,pending,0,,
Luminar,marketing@luminartech.com,tier1,Functional Safety Lead,Detroit,Detroit Metro,23 个含 ISO 21448 标注场景支撑 Luminar 与 OEM 联调的 SOTIF 论证,https://luminartech.com,MED,pending,0,,
Rivian,media@rivian.com,oem,ADAS V&V Manager,Plymouth,Detroit Metro,Rivian 的 Gen-2 ADAS 栈需要 UN-R157 合规场景，23 个 CARLA 边缘场景含遥测可直接进密歇根验证资产,https://rivian.com/en-BE/newsroom/article/media-advisory-rivian-to-host-ai-and-autonomy-day-on-december-11,HIGH,pending,0,,
Rivian,ir@rivian.com,oem,Functional Safety Lead,Plymouth,Detroit Metro,23 个含 ISO 21448 标注场景支撑 Rivian 自动驾驶安全论证,https://rivian.com/fr-BE/newsroom/article/mercedes-benz-vans-and-rivian-move-to-partner-on-electric-van-production,MED,pending,0,,
Mobileye,investors@mobileye.com,tier1,ADAS V&V Manager,Detroit,Detroit Metro,Mobileye 的 SuperVision/Chauffeur 需要大量边缘触发场景，23 个 CARLA 场景含遥测可直接进其验证资产,https://ir.mobileye.com/news-releases/news-release-details/mobileye-announces-participation-upcoming-second-quarter-2026,HIGH,pending,0,,
Mobileye,justin.hyde@mobileye.com,tier1,Functional Safety Lead,Detroit,Detroit Metro,23 个含 UN-R157 标注场景支撑 Mobileye 与 OEM 联调的 SOTIF 论证,https://www.mobileye.com/news/mobileye-announces-ces-2026-press-conference,HIGH,pending,0,,
Toyota Research Institute,contact@tri.global,oem,ADAS V&V Manager,Los Altos,US-West (non-MI),TRI 的自动驾驶安全研究需要边缘场景库，23 个 CARLA 场景含遥测与 ISO 21448 标注可直接进其仿真研究,https://www.tri.global/privacy-policy/,HIGH,pending,0,,
Toyota Research Institute,privacy@tri.global,oem,Functional Safety Researcher,Los Altos,US-West (non-MI),23 个含 SOTIF 标注场景支撑 TRI 未知不安全场景研究方法学,https://www.tri.global/privacy-policy/,MED,pending,0,,
Vector,sales@us.vector.com,sim,US Sales Team,San Mateo CA / Novi MI / East Greenwich RI,Bay Area / Michigan / Northeast,Complementary to CARLA -- offer our 23 SOTIF-annotated edge scenarios with telemetry CSV + reproducible scripts as a validation library for Vector CANoe/CANalyzer and vTESTstudio users building ISO 21448 arguments.,https://www.vector.com/us/en/company/contact/,HIGH,pending,0,,
Vector,support@us.vector.com,sim,Technical Support (US),San Mateo CA / Novi MI / East Greenwich RI,Bay Area / Michigan / Northeast,Vector support engineers field ISO 26262/21448 questions; route safety-conscious customers to our edge-case scenario packs.,https://www.vector.com/us/en/company/contact/,MED,pending,0,,
Vector,training@us.vector.com,sim,Training Academy (US),San Mateo CA / Novi MI / East Greenwich RI,Bay Area / Michigan / Northeast,Vector training academy teaches AUTOSAR/simulation; co-branded module on SOTIF edge-case validation using our 23 CARLA scenarios.,https://www.vector.com/us/en/company/contact/,MED,pending,0,,
Applied Intuition,press@applied.co,sim,Press / Communications,Sunnyvale CA,Bay Area,Co-sell: our 23 reproducible CARLA edge scenarios + telemetry accelerate validation on Applied's simulation stack; offer as a curated SOTIF edge-case library for their automotive customers.,https://www.appliedintuition.com/press-releases/av-applied-intuition-advance-uncrewed-teaming,HIGH,pending,0,,
Wind River,salesinquiry@windriver.com,sim,Sales Inquiries,Walnut Creek CA,Bay Area,Edge-case telemetry + ISO 21448 annotations strengthen edge-to-cloud safety cases on VxWorks/Wind River Linux; co-sell into AV compute safety programs.,https://www.windriver.com/company/contact,HIGH,pending,0,,
Wind River,inquiries@windriver.com,sim,General Inquiries,Walnut Creek CA,Bay Area,General inbound -- route to automotive/AV safety team for co-sell of SOTIF edge-case scenario packs.,https://www.windriver.com/company/contact,MED,pending,0,,
Lattice,sales@latticesemi.com,sim,Sales Team,Hillsboro OR,Oregon / US West,Low-latency FPGA edge inference meets our safety-critical edge scenarios -- co-sell scenario packs validating Lattice automotive FPGA perception under ISO 21448.,https://www.latticesemi.com/en/About/ContactUs,HIGH,pending,0,,
Lattice,custreq@latticesemi.com,sim,Customer Requirements / Compliance,Hillsboro OR,Oregon / US West,Lattice compliance team can adopt our UN-R157/SOTIF-annotated scenarios as reference validation material for automotive FPGA customers.,https://www.latticesemi.com/en/About/ContactUs,MED,pending,0,,
Synopsys,pete.smith@synopsys.com,sim,Media Relations (PR),Sunnyvale CA,Bay Area,Complementary: our CARLA telemetry + SOTIF annotations feed Synopsys verification/AV validation flows; co-market edge-case coverage for silicon-to-system safety.,https://news.synopsys.com/2026-07-27-Synopsys-Advances-Agentic-AI-Chip-Design-with-AMD-and-Microsoft,HIGH,contacted,1,2026-08-06T12:22:30,
Synopsys,kelliw@synopsys.com,sim,Corporate PR,Sunnyvale CA,Bay Area,Media reach-out -- pitch joint story on edge-case validation for autonomous systems using our 23 SOTIF scenarios.,https://news.synopsys.com/2026-07-27-Synopsys-Advances-Agentic-AI-Chip-Design-with-AMD-and-Microsoft,MED,contacted,1,2026-08-06T12:22:30,
Synopsys,corp-pr@synopsys.com,sim,Corporate Communications,Sunnyvale CA,Bay Area,Corporate comms -- channel to automotive/AV safety product leads for co-sell of edge-case scenario libraries.,https://news.synopsys.com/2026-07-27-Synopsys-Advances-Agentic-AI-Chip-Design-with-AMD-and-Microsoft,HIGH,contacted,1,2026-08-06T12:22:30,
AVL,press@avl.com,sim,Press & Media,Ann Arbor MI / Lake Forest CA,Michigan / SOCal,AVL simulation & test suites gain a ready-made 23-scenario SOTIF edge-case library with telemetry; co-sell validation packages.,https://www.avl.com/en/contact,MED,contacted,1,2026-08-06T12:22:30,
AVL,MTI.Sales@avl.com,sim,Simulation Sales (Mobility Tech Intl),Ann Arbor MI / Lake Forest CA,Michigan / SOCal,Direct sim-tooling sales contact -- co-sell our CARLA edge-case scenarios into AVL's automotive simulation accounts.,https://www.avl.com/en/contact,HIGH,contacted,1,2026-08-06T12:22:30,
AVL,security@avl.com,sim,Product Security (PSIRT),Ann Arbor MI / Lake Forest CA,Michigan / SOCal,AVL product security can use our SOTIF-annotated edge scenarios to stress safety-validation pipelines.,https://www.avl.com/en/contact,LOW,contacted,1,2026-08-06T12:22:30,
ETAS,sales.us@etas.com,sim,Sales US (ETAS Inc.),Plymouth MI,Michigan / Detroit,Complement ETAS vehicle software with ISO 21448 edge-case scenarios validating sensor fusion/actuation safety; co-sell to OEM/Tier-1 accounts.,https://www.etas.com/ww/en/contact/etas-in-the-united-states/,HIGH,contacted,1,2026-08-06T12:22:30,
Deepen.ai,info@deepen.ai,sim,Info / Business Inquiry,Bay Area CA,Bay Area,Directly complementary -- our SOTIF-annotated CARLA scenarios extend Deepen's synthetic-data/sim pipelines; co-sell edge-case libraries.,https://www.deepen.ai/contact-us,HIGH,contacted,1,2026-08-06T12:22:30,
Waymo,press@waymo.com,av_operator,Press / Media,Mountain View CA / Phoenix / LA,Bay Area / Southwest,Independent 23-scenario SOTIF edge-case benchmark to stress-test and document the Waymo Driver's long-tail handling; co-sell/reference validation dataset.,https://waymo.com/press/,MED,contacted,1,2026-08-06T12:22:30,
Aurora,press@aurora.tech,av_operator,Media Relations,Pittsburgh PA,Pittsburgh,Edge-case scenario library (telemetry + ISO 21448 annotations) augments Aurora's safety-case evidence for driverless freight; partnership/validation opportunity.,https://ir.aurora.tech/news-events/press-releases/detail/144/aurora-launches-second-generation-driverless-trucks-in-u-s-to-meet-customer-demand,MED,contacted,1,2026-08-06T12:22:30,
Aurora,ir@aurora.tech,av_operator,Investor Relations,Pittsburgh PA,Pittsburgh,IR can surface our SOTIF edge-case validation dataset as a differentiator in Aurora's safety narrative to investors.,https://ir.aurora.tech/news-events/press-releases/detail/144/aurora-launches-second-generation-driverless-trucks-in-u-s-to-meet-customer-demand,MED,contacted,1,2026-08-06T12:22:30,
WeRide,pr@weride.ai,av_operator,PR Team,Silicon Valley CA,Bay Area,SOTIF-annotated edge scenarios bolster WeRide's global AV safety dossier (UN-R157) across US/intl deployments; co-sell validation data.,https://www.weride.ai/contact,MED,contacted,1,2026-08-06T12:22:30,
WeRide,contact@weride.ai,av_operator,General / Business Contact,Silicon Valley CA,Bay Area,Business contact -- pitch co-sell/licensing of our 23 reproducible CARLA edge scenarios for WeRide safety validation.,https://www.weride.ai/contact,HIGH,contacted,1,2026-08-06T12:22:30,
WeRide,hr@weride.ai,av_operator,HR / Talent,Silicon Valley CA,Bay Area,HR inbox -- low-fit; can forward to safety/validation hiring managers interested in edge-case tooling.,https://www.weride.ai/contact,LOW,contacted,1,2026-08-06T12:22:30,
Plus,ir@plus.ai,av_operator,Investor Relations,Cupertino CA,Bay Area,Edge-case telemetry library validates Plus's supervised-autonomy stack against ISO 21448 long-tail risks; co-sell safety-validation package.,https://www.plus.ai/news-and-insights/2026-03-16-nvidia-alpamayo,MED,contacted,1,2026-08-06T12:22:30,
Plus,pr@plus.ai,av_operator,Media Relations,Cupertino CA,Bay Area,Media contact -- pitch joint validation story using our 23 SOTIF edge scenarios with Plus's AV stack.,https://www.plus.ai/news-and-insights/2026-03-16-nvidia-alpamayo,MED,contacted,1,2026-08-06T12:22:30,
Nuro,press@nuro.ai,av_operator,Press / Media,South San Francisco CA,Bay Area,SOTIF edge-case scenario pack hardens Nuro's autonomous delivery safety case; co-sell/license validation dataset.,https://www.nuro.ai/press,MED,contacted,1,2026-08-06T12:22:30,
May Mobility,Media@MayMobility.com,av_operator,Media Relations,Ann Arbor MI,Michigan / Detroit,Our 23 MPDM-stressing edge scenarios + SOTIF annotations help May Mobility quantify edge-case coverage; co-sell validation library.,https://maymobility.com/posts/may-mobility-recognized-on-fast-companys-2026-list-of-the-worlds-most-innovative-companies/,MED,contacted,1,2026-08-06T12:22:30,
Kodiak,dan@kodiak.ai,av_operator,"VP, External Affairs",Mountain View CA,Bay Area,Edge-case CARLA scenarios with telemetry validate the Kodiak Driver's long-tail handling for trucking; co-sell safety-evidence package (External Affairs = partnerships).,https://kodiak.ai/news/bosch-kodiak-autonomous-trucking-hardware,HIGH,contacted,1,2026-08-06T12:22:30,
Kodiak,stacy.morris@futuristacommunications.com,av_operator,PR Agency (Kodiak media),Mountain View CA,Bay Area,Kodiak's official media agency -- use to place co-sell/safety-validation story.,https://kodiak.ai/news/bosch-kodiak-autonomous-trucking-hardware,LOW,contacted,1,2026-08-06T12:22:30,
Kodiak,Lauren@blueshirtgroup.com,av_operator,IR Agency (Kodiak investors),Mountain View CA,Bay Area,Kodiak's official IR agency -- surface SOTIF edge-case validation as investor-facing safety differentiator.,https://kodiak.ai/news/bosch-kodiak-autonomous-trucking-hardware,LOW,contacted,1,2026-08-06T12:22:30,
May Mobility,info@maymobility.com,av_operator,Head of AV Safety,"Ann Arbor, MI",Michigan/Ann Arbor,May 在 Ann Arbor、Peachtree Corners、Atlanta 的低速市区接驳 ODD 里最痛的就是路侧上下客——我们的 dooring 场景带逐帧遥测 CSV，可直接做 curbside stop 的回归基线，配 ISO 21448 标注挂进安全案例,https://maymobility.com/contact/,HIGH,contacted,1,2026-08-06T12:22:30,
Motional,partnerships@motional.com,av_operator,Simulation & Scenario Lead,"Boston, MA",Boston/Northeast,IONIQ 5 robotaxi 在 Las Vegas 夜间运营，night cut-in 与 occluded pedestrian 两组场景可复现脚本能补齐夜间回归集，遥测 CSV 直接对齐 UN-R157 触发条件,https://motional.com/contact-us,HIGH,contacted,1,2026-08-06T12:22:30,
Motional,press@motional.com,av_operator,Head of AV Safety Communications,"Boston, MA",Boston/Northeast,23 个带 ISO 21448/UN-R157 标注的边缘场景可作为对外安全叙事的可验证证据链，而不是只讲里程数,https://motional.com/contact-us,MED,contacted,1,2026-08-06T12:22:30,
Nuro,vulnerabilities@nuro.ai,av_operator,Safety & Security Disclosure Owner,"Mountain View, CA",Bay Area,该邮箱为官网明示的安全披露入口；边缘场景库可作为 SOTIF 侧「已知不安全触发条件」的补充输入,https://www.nuro.ai/contact,LOW,pending,0,,
Kodiak AI,sales@kodiak.ai,av_operator,Safety Validation Lead,"Mountain View, CA",Bay Area/Trucking,Kodiak Driver 已在德州做无人驾驶货运，highway night cut-in 场景带完整遥测，可直接对标 UN-R157 ALKS 切入条件做仿真回归，缩短 safety case 证据补齐时间,https://kodiak.ai/contact,HIGH,pending,0,,
Kodiak AI,contact@kodiak.ai,av_operator,Head of AV Safety,"Mountain View, CA",Bay Area/Trucking,23 个安全关键场景含 ISO 21448 标注，可挂进 Kodiak 的 safety case 作为 unknown-unsafe 场景覆盖证据,https://kodiak.ai/contact,HIGH,pending,0,,
Kodiak AI,defense@kodiak.ai,av_operator,Defense Program Safety Manager,"Mountain View, CA",Bay Area/Trucking,国防自主车辆项目同样需要可复现的边缘场景做验收，CARLA 脚本可离线部署、不依赖外部云,https://kodiak.ai/contact,MED,pending,0,,
Kodiak AI,press@kodiak.ai,av_operator,Safety Communications Lead,"Mountain View, CA",Bay Area/Trucking,合规标注的场景数据可支撑对外「我们验证过什么」的具体表述,https://kodiak.ai/contact,LOW,pending,0,,
Aurora Innovation,support@aurora.tech,av_operator,Fleet Safety Manager,"Pittsburgh, PA",Pittsburgh/Trucking,Aurora Driver 在 Dallas-Houston 商业运营，occluded pedestrian 与夜间切入场景可用于运营侧事件复盘的仿真重演,https://aurora.tech/contact-us,MED,pending,0,,
Oxa,hello@oxa.tech,av_operator,Head of Safety Assurance,"Oxford, UK",UK/Industrial-AV,Oxa 在机场、港口、物流园区做自动驾驶部署，混合交通中的遮挡行人与开门（dooring）场景是其 ODD 高频风险；可复现 CARLA 脚本便于每次软件迭代跑确定性回归,https://oxa.tech/contact/,HIGH,pending,0,,
EasyMile,info@easymile.com,av_operator,Simulation Engineer,"Toulouse, France",EU/Shuttle,EZ10 接驳车运行在混合交通与厂区，occluded pedestrian 与横穿场景直击其低速 ODD；UN-R157 标注对欧洲型式认证材料直接有用,https://easymile.com/contact,HIGH,pending,0,,
Auve Tech,hello@auve.tech,av_operator,Head of AV Safety,"Tallinn, Estonia",EU/Shuttle,MiCa 接驳车在塔林市区与校园运行，行人密集且常有遮挡；23 个场景带遥测 CSV，可在小团队里低成本建立回归测试闭环,https://auve.tech/contact/,HIGH,pending,0,,
Sensible 4,sales@sensible4.fi,av_operator,Safety Validation Lead,Finland,Nordics/All-weather,Sensible 4 主打全天候自动驾驶，night cut-in 与低能见度场景正是其差异化验证点；CARLA 脚本可复现，便于对比不同天气参数下的失效边界,https://sensible4.fi/contact/,HIGH,pending,0,,
Sensible 4,info@sensible4.fi,av_operator,Simulation Engineer,Finland,Nordics/All-weather,23 个安全关键场景含 ISO 21448 标注，可直接补进其 SOTIF 论证材料,https://sensible4.fi/contact/,MED,pending,0,,
Fernride,press@fernride.com,av_operator,Head of AV Safety,"Munich, Germany",EU/Yard-Logistics,码头与厂区牵引车的盲区与遮挡行人风险极高，occluded pedestrian 场景可迁移到其 teleop 接管阈值标定；UN-R157 标注利于欧盟合规沟通,https://fernride.com/contact,MED,pending,0,,
Ohmio,hello@ohmio.com,av_operator,Fleet Safety Manager,"Riverside, CA",SoCal/Shuttle,Ohmio 接驳车部署在机场与园区，路侧上下客的 dooring 场景与行人横穿场景可直接作为其部署前验收用例,https://ohmio.com/contact/,HIGH,pending,0,,
Wayve,partners@wayve.ai,av_operator,Head of Safety Validation,"London, UK",UK/E2E-AV,端到端模型最难证明的是长尾覆盖；23 个带标注的确定性 CARLA 场景可作为 e2e 策略的闭环评估集，输出可审计的通过/失败矩阵,https://wayve.ai/contact/,HIGH,pending,0,,
Wayve,hello@wayve.ai,av_operator,Simulation Engineer,"London, UK",UK/E2E-AV,可复现脚本 + 遥测 CSV，便于在 Wayve 的仿真流水线里做确定性回归与失效归因,https://wayve.ai/contact/,HIGH,pending,0,,
Wayve,media@wayve.ai,av_operator,Safety Communications Lead,"London, UK",UK/E2E-AV,ISO 21448/UN-R157 标注让「我们测了哪些边缘案例」可以被具体陈述,https://wayve.ai/contact/,LOW,pending,0,,
Overland AI,hello@overland.ai,av_operator,Head of Autonomy Validation,"Seattle, WA",PNW/Off-road-AV,越野自主同样需要结构化边缘场景做验收；23 个场景的可复现脚本与遥测格式可迁移到其 OverDrive 测试闭环,https://overland.ai/contact,MED,pending,0,,
Overland AI,demo@overland.ai,av_operator,Simulation Engineer,"Seattle, WA",PNW/Off-road-AV,官网明示的 demo 入口，适合直接提交场景包演示请求,https://overland.ai/contact,MED,pending,0,,
Overland AI,press@overland.ai,av_operator,Program Communications Lead,"Seattle, WA",PNW/Off-road-AV,可用作场景库联合发布的对接口,https://overland.ai/contact,LOW,pending,0,,
Roboauto,info@roboauto.tech,av_operator,Simulation Engineer,"Brno, Czech Republic",EU/Teleop-AV,Roboauto 做自动驾驶与远程操控集成，接管决策阈值需要遮挡与夜间切入场景标定；CARLA 脚本可复现，便于回放同一触发条件,https://www.roboauto.tech/contact,MED,pending,0,,
Zeabuz,contact@zeabuz.com,av_operator,Head of Autonomy Safety,Norway,Nordics/Autonomous-Marine,自主渡轮的 SOTIF 论证结构与路面 AV 同源，ISO 21448 标注方法与遥测格式可直接借鉴（场景本身需海事适配）,https://www.zeabuz.com/contact,LOW,pending,0,,
Mcity (University of Michigan),mcguireg@umich.edu,av_operator,Managing Director,"Ann Arbor, MI",Michigan/Ann Arbor,Mcity 2.0 数字孪生正需要标注完备的边缘场景做混合现实测试；23 个 CARLA 场景含遥测 CSV 与 SOTIF 标注，可直接进 Mcity 的开放场景库供会员复用,https://mcity.umich.edu/contact-us/,HIGH,pending,0,,
Mcity (University of Michigan),gregstvn@umich.edu,av_operator,Research Director,"Ann Arbor, MI",Michigan/Ann Arbor,研究项目需要可复现、可引用的场景基线；dooring 与 occluded pedestrian 场景带完整参数与遥测，便于做跨算法对比实验,https://mcity.umich.edu/contact-us/,HIGH,pending,0,,
Mcity (University of Michigan),derekjns@umich.edu,av_operator,Principal Engineer,"Ann Arbor, MI",Michigan/Ann Arbor,CARLA 可复现脚本可直接接入 Mcity 的仿真-实车联合测试链路，做场景一致性验证,https://mcity.umich.edu/contact-us/,HIGH,pending,0,,
Mcity (University of Michigan),jlollar@umich.edu,av_operator,Test Facilities Manager,"Ann Arbor, MI",Michigan/Ann Arbor,闭场测试排程昂贵，先用 23 个仿真场景筛掉失效项再上实车，可显著压缩场地占用,https://mcity.umich.edu/contact-us/,MED,pending,0,,
Mcity (University of Michigan),henryliu@umich.edu,av_operator,Director (Mcity/UMTRI),"Ann Arbor, MI",Michigan/Ann Arbor,面向 Mcity 会员企业的共享边缘场景资产，含 ISO 21448/UN-R157 标注，可作为联合研究项目的现成输入,https://mcity.umich.edu/contact-us/,MED,pending,0,,
American Center for Mobility,info@acmwillowrun.org,av_operator,Testing & Validation Services Lead,"Ypsilanti Township, MI",Michigan/Willow Run,ACM 官网明列 Testing & Validation Services；23 个 CARLA 场景可作为客户上实车前的仿真预筛包，配合 Willow Run 高速环道与城市街区做虚实对照,https://www.acmwillowrun.org/contact/,HIGH,pending,0,,
GoMentum Station,info@gomentum.org,av_operator,CAV Test Program Manager,"Concord, CA",Bay Area/Proving-Ground,GoMentum 主打 V2P 与低速城市场景测试；occluded pedestrian 与 dooring 的仿真版可用于客户进场前的场景设计与排程优化,https://gomentum.org/contact/,HIGH,pending,0,,
Virginia Tech Transportation Institute,inquiries@vtti.vt.edu,av_operator,AV Safety Research Lead,"Blacksburg, VA",Virginia/Research,VTTI 做大规模自然驾驶与 AV 安全评估，23 个带 SOTIF 标注的可复现场景可作为仿真侧的对照基线，与其自然驾驶数据互补,https://www.vtti.vt.edu/contact/index.html,HIGH,pending,0,,
Virginia Tech Transportation Institute,mperez@vtti.vt.edu,av_operator,Research Scientist (AV Safety),"Blacksburg, VA",Virginia/Research,逐帧遥测 CSV 便于做场景触发条件的统计分析与算法对比,https://www.vtti.vt.edu/contact/index.html,MED,pending,0,,
GCAPS (VTTI),info@gcaps.net,av_operator,Automated Systems Safety Lead,"Blacksburg, VA",Virginia/Research,GCAPS 面向自动化系统安全评估，ISO 21448/UN-R157 标注的场景包可直接用于第三方评估流程,https://www.vtti.vt.edu/contact/index.html,MED,pending,0,,
SunTrax (Florida DOT),Yasmina.Platt@dot.state.fl.us,av_operator,Safety and Integration Development,"Auburndale, FL",Florida/Proving-Ground,SunTrax 负责安全与集成开发，23 个 CARLA 边缘场景可作为进场测试前的仿真筛查与场景设计输入，含 UN-R157 触发条件标注,https://suntraxfl.com/contact/,HIGH,pending,0,,
SunTrax (Florida DOT),Pam.Foster@dot.state.fl.us,av_operator,Ground Deployment Lead,"Auburndale, FL",Florida/Proving-Ground,地面部署排程可先用仿真场景确定测试矩阵，减少无效实车轮次,https://suntraxfl.com/contact/,MED,pending,0,,
SunTrax (Florida DOT),Courtney.Hance@dot.state.fl.us,av_operator,Capital Development and Research,"Auburndale, FL",Florida/Proving-Ground,场景库可作为设施研究能力的补充资产，供进场企业复用,https://suntraxfl.com/contact/,MED,pending,0,,
exida,info@exida.com,eng,Functional Safety Consultant,"Sellersville, PA",US-Northeast,"exida already sells IEC 61508/ISO 26262 assessment hours; our 23 CARLA edge scenarios (telemetry CSV + rerun scripts + ISO 21448 clause tags) give assessors a ready-made pre-validation evidence layer so client SOTIF audits start from data, not from a blank scenario catalogue.",https://www.exida.com/Contact-Us,HIGH,pending,0,,
Fraunhofer IKS,nuria.mata@iks.fraunhofer.de,eng,Head of Department Mobility,Garching bei Muenchen,DE-Munich,IKS Mobility builds safety argumentation for AI-based driving functions; our 23 reproducible edge cases with UN-R157 ALKS cut-in/cut-out annotations plug straight into their assurance-case demonstrators as third-party residual-risk evidence.,https://www.iks.fraunhofer.de/en/contact.html,HIGH,pending,0,,
Fraunhofer IKS,josef.jiru@iks.fraunhofer.de,eng,Business Development Mobility,Garching bei Muenchen,DE-Munich,"For IKS mobility projects, a licensable 23-scenario pack (CSV telemetry + deterministic CARLA scripts) is a fast add-on deliverable that shortens the SOTIF triggering-condition identification phase in customer bids.",https://www.iks.fraunhofer.de/en/contact.html,HIGH,pending,0,,
Fraunhofer IKS,gereon.weiss@iks.fraunhofer.de,eng,Head of Department Automation Systems,Garching bei Muenchen,DE-Munich,Runtime-safety and resilience work needs failure-inducing inputs on demand; our 23 annotated edge scenarios provide repeatable trigger conditions for validating dynamic risk management under ISO 21448 Clause 7-10.,https://www.iks.fraunhofer.de/en/contact.html,HIGH,pending,0,,
Fraunhofer IKS,mario.trapp@iks.fraunhofer.de,eng,Executive Director,Garching bei Muenchen,DE-Munich,"Institute-level: a pre-validated, citable edge-scenario evidence layer lets IKS ship SOTIF closure artefacts to industry partners without re-building scenario tooling for every project.",https://www.iks.fraunhofer.de/en/contact.html,HIGH,pending,0,,
Fraunhofer IKS,reinhard.stolle@iks.fraunhofer.de,eng,Deputy Director,Garching bei Muenchen,DE-Munich,"Second entry point at IKS for the same offer: 23 CARLA safety-critical scenarios delivered as reproducible scripts + telemetry, mapped to ISO 21448 hazard categories.",https://www.iks.fraunhofer.de/en/contact.html,MED,pending,0,,
IAV Automotive Engineering Inc.,sales@iav-usa.com,eng,Business Development,"Novi, MI",Detroit,IAV's US ADAS/AD validation teams bill OEMs for scenario-based V&V; dropping in our 23 pre-validated edge cases with UN-R157 tagging removes 3-4 weeks of scenario authoring from each SOTIF engagement.,https://www.iav.com/en/locations/,HIGH,pending,0,,
Bertrandt AG,info@bertrandt.com,eng,V&V Engineer,Ehningen,DE-Stuttgart,Bertrandt runs large ADAS validation programmes for German OEMs; our 23-scenario pack acts as a ready evidence layer for the 'known unsafe / triggering condition' quadrant of the SOTIF matrix.,https://www.bertrandt.com/en/imprint,HIGH,pending,0,,
FEV Group,imprint@fev.com,eng,Business Development,Aachen,DE-Aachen,FEV.io's ADAS validation line can resell our 23 CARLA edge scenarios as a pre-validation dataset that front-loads SOTIF verification before customer proving-ground time is booked.,https://www.fev.com/imprint,MED,pending,0,,
AVL List GmbH,info@avl.com,eng,V&V Engineer,Graz,AT-Graz,AVL's scenario-based ADAS/AD toolchain needs curated critical scenarios; our 23 reproducible CARLA cases with CSV telemetry slot in as a validated stimulus set for SOTIF acceptance-criteria demonstration.,https://www.avl.com/en/imprint,HIGH,pending,0,,
Elektrobit,inquiries@elektrobit.com,eng,Functional Safety Consultant,Erlangen,DE-Nuremberg,"EB's safety-certified AD stacks need external counter-evidence; 23 annotated edge scenarios give an independent, rerunnable check on perception/planning residual risk for ISO 21448 argumentation.",https://www.elektrobit.com/legal-notice/,HIGH,pending,0,,
Virtual Vehicle Research GmbH,office@v2c2.at,eng,V&V Engineer,Graz,AT-Graz,"Virtual Vehicle runs EU scenario-based validation projects; our 23 CARLA edge cases arrive as citable, reproducible evidence artefacts that accelerate SOTIF closure in consortium deliverables.",https://www.virtual-vehicle.at/contact/,HIGH,pending,0,,
IABG mbH,info@iabg.de,eng,V&V Engineer,Ottobrunn,DE-Munich,"IABG's automotive V&V unit can attach our 23-scenario pre-validation layer to type-approval support work, giving clients documented edge-case coverage before UN-R157 assessment.",https://www.iabg.de/en/imprint,MED,pending,0,,
Bylogix Group srl,info@bylogix.it,eng,Functional Safety Consultant,"Troy, MI",Detroit,Bylogix delivers ISO 26262 FMEA/FMEDA consulting from Troy MI; our 23 edge scenarios extend their offer from hardware-side safety into SOTIF evidence with rerunnable CARLA telemetry.,https://www.bylogix.it/functional-safety-2/,MED,pending,0,,
DornerWorks,sales@dornerworks.com,eng,Business Development,"Grand Rapids, MI",West Michigan,"DornerWorks builds safety-critical embedded platforms; our 23-scenario evidence layer lets them show customers system-level SOTIF behaviour, not just component-level ISO 26262 compliance.",https://www.dornerworks.com/contact/,MED,pending,0,,
Exponent,info@exponent.com,eng,V&V Engineer,"Menlo Park, CA",Bay Area,Exponent's vehicle engineering practice reconstructs ADAS incidents; our 23 reproducible CARLA edge cases with telemetry CSVs provide a controlled baseline for comparing real-world triggering conditions.,https://www.exponent.com/contact-us,MED,pending,0,,
Tata Technologies,mridvika.raisinghani@tatatechnologies.com,eng,Global Head - Alliances & Partners,Thane,IN-Mumbai,Partner-channel route: our 23-scenario SOTIF evidence pack is a low-friction add-on to Tata Technologies' ADAS validation services for OEM clients needing UN-R157 documentation.,https://www.tatatechnologies.com/in/contact-us/,MED,pending,0,,
Ricardo plc,media@ricardo.com,eng,Business Development,Shoreham-by-Sea,UK-South,Public-facing entry to Ricardo's automotive assurance practice; pitch is 23 pre-validated CARLA edge scenarios as an evidence layer for their clients' SOTIF safety cases.,https://www.ricardo.com/en/contact-us,MED,pending,0,,
Transportation Research Center Inc. (TRC),info@trcpg.com,test_facility,V&V Engineer,"East Liberty, OH",Ohio,TRC's SMARTCenter runs physical ADAS scenario testing; pairing it with our 23 reproducible virtual edge cases creates a sim-to-track evidence chain that regulators accept for UN-R157 arguments.,https://www.trcpg.com/,HIGH,pending,0,,
Transportation Research Center Inc. (TRC) - California,california@trcpg.com,test_facility,V&V Engineer,California,US-West,TRC's West Coast operation serves AV developers near Silicon Valley; the 23-scenario pack front-loads SOTIF triggering-condition discovery before expensive closed-course runs.,https://www.trcpg.com/,HIGH,pending,0,,
Transportation Research Center Inc. (TRC) - Minnesota,MN@trcpg.com,test_facility,V&V Engineer,Minnesota,US-Midwest,Cold-weather ADAS testing needs a matching virtual baseline; our 23 annotated edge scenarios give a reproducible reference set to compare against winter track data.,https://www.trcpg.com/,MED,pending,0,,
"Mcity, University of Michigan",murphyal@umich.edu,test_facility,"Associate Director, Social Science Research","Ann Arbor, MI",Ann Arbor,Human-factors studies need controlled critical events; our 23 reproducible edge scenarios provide repeatable stimuli tied to ISO 21448 triggering conditions.,https://mcity.umich.edu/contact/,MED,pending,0,,
"Driving Safety Research Institute, University of Iowa",dsri-contacts@uiowa.edu,test_facility,V&V Engineer,"Iowa City, IA",US-Midwest,DSRI runs the National Advanced Driving Simulator; our 23 reproducible edge scenarios with ISO 21448 tags are drop-in stimuli for SOTIF-relevant driver-interaction studies.,https://dsri.uiowa.edu/about-us/contact-us,HIGH,pending,0,,
"Driving Safety Research Institute, University of Iowa",daniel-mcgehee@uiowa.edu,test_facility,Director,"Iowa City, IA",US-Midwest,Institute lead: a licensable pre-validated edge-scenario layer lets DSRI offer sponsors faster SOTIF closure without building a scenario catalogue from scratch.,https://dsri.uiowa.edu/about-us/contact-us,HIGH,pending,0,,
"Driving Safety Research Institute, University of Iowa",omar-ahmad@uiowa.edu,test_facility,Simulation Operations Lead,"Iowa City, IA",US-Midwest,"Simulation-side contact: our CARLA scripts are deterministic and CSV-logged, so scenarios port cleanly into NADS study protocols.",https://dsri.uiowa.edu/about-us/contact-us,HIGH,pending,0,,
Clemson University CU-ICAR,dwclayt@clemson.edu,test_facility,Executive Director,"Greenville, SC",US-Southeast,CU-ICAR brokers OEM/Tier-1 research partnerships; our 23-scenario SOTIF evidence layer is an easy-to-package capability for industry members needing UN-R157 documentation.,https://cuicar.com/contact/,MED,pending,0,,
Clemson University CU-ICAR,plumble@clemson.edu,test_facility,Marketing & Communications Manager,"Greenville, SC",US-Southeast,Secondary CU-ICAR route into partner programmes for the 23-scenario pre-validation evidence pack.,https://cuicar.com/contact/,MED,pending,0,,
Ohio State University Center for Automotive Research (CAR),car@osu.edu,test_facility,V&V Engineer,"Columbus, OH",Ohio,OSU CAR's safety and autonomy programmes need reproducible critical scenarios; our 23 CARLA cases with telemetry CSVs are directly usable in sponsored SOTIF validation work.,https://car.osu.edu/contact-us,HIGH,pending,0,,
Ohio State University Center for Automotive Research (CAR),herr.40@osu.edu,test_facility,Marketing and Communication Specialist,"Columbus, OH",Ohio,Published CAR contact for industry inquiries; route to consortium members who need a pre-validated edge-scenario evidence layer for SOTIF closure.,https://car.osu.edu/about-us,MED,pending,0,,
TUV SUD AG,info@tuvsud.com,cert,Certification Manager,Munich,DE-Munich,TUV SUD assesses ADAS/AD safety cases under ISO 21448 and UN-R157; our 23 reproducible edge scenarios give assessors an independent evidence layer to challenge applicant claims quickly.,https://www.tuvsud.com/en/imprint,HIGH,pending,0,,
TUV SUD AG,Liz.Fendt@tuvsud.com,cert,Global Sales & Marketing,Munich,DE-Munich,Named commercial contact at TUV SUD for packaging our 23-scenario SOTIF pre-validation layer into their automotive certification service lines.,https://www.tuvsud.com/en/imprint,MED,pending,0,,
DEKRA SE,info@dekra.com,cert,Certification Manager,Stuttgart,DE-Stuttgart,DEKRA runs both AV proving grounds and type-approval services; our 23 annotated CARLA edge cases bridge the two by supplying virtual pre-validation evidence ahead of physical UN-R157 assessment.,https://www.dekra.com/en/imprint/,HIGH,pending,0,,
TUV Rheinland,genau.richtig@de.tuv.com,cert,Certification Manager,Cologne,DE-Cologne,TUV Rheinland's mobility certification arm needs repeatable scenario evidence; our 23-case pack with ISO 21448 clause mapping shortens applicant review cycles.,https://www.tuv.com/germany/de/rechtliche-hinweise/impressum/,HIGH,pending,0,,
TUV NORD AG,info@tuev-nord.de,cert,Certification Manager,Hannover,DE-Hannover,TUV NORD certifies functional safety processes (and partners with LHP in the US); our 23-scenario evidence layer supports SOTIF argumentation for their automotive clients.,https://www.tuev-nord.de/de/impressum/,HIGH,pending,0,,
TUV NORD AG,sulbrich@tuev-nord.de,cert,Media / Corporate Communications,Hannover,DE-Hannover,Named published contact at TUV NORD AG; secondary route to their automotive functional safety certification line.,https://www.tuev-nord.de/de/impressum/,MED,pending,0,,
SGS-TUV Saar GmbH,sgs.germany@sgs.com,cert,Functional Safety Certification Manager,Sulzbach,DE-Saarland,SGS-TUV Saar is a dedicated ISO 26262/ISO 21448 certification body; our 23 reproducible edge scenarios give their auditors ready-made counter-evidence to test applicant SOTIF acceptance criteria.,https://www.sgs-tuev-saar.com/impressum/,HIGH,pending,0,,
University of Michigan Transportation Research Institute (UMTRI),umtri@umich.edu,research,General Contact,Ann Arbor,Michigan,23个带ISO 21448/UN-R157 SOTIF标注的CARLA安全关键边缘场景可直接作为UMTRI安全验证研究的测试用例库，加速UN-R157合规论证与回归测试,https://umtri.umich.edu/contact,HIGH,pending,0,,
University of Michigan Transportation Research Institute (UMTRI),shanbao@umich.edu,research,Research Scientist,Ann Arbor,Michigan,23个SOTIF标注的CARLA边缘场景适合UMTRI做安全关键交互（切入、遮挡、失效）的量化评估,https://umtri.umich.edu/contact,HIGH,pending,0,,
Michigan State University (Autonomous & Connected Vehicle),radha@egr.msu.edu,research,Faculty - Autonomous Systems,East Lansing,Michigan,MSU自动驾驶课程与科研可用23个真实CARLA边缘场景作为SOTIF危害分析与可复现实验数据集,https://egr.msu.edu,HIGH,pending,0,,
Kettering University Mobility Research Center (MRC),MRC@kettering.edu,research,Mobility Research Center Contact,Flint,Michigan,Kettering MRC可将23个带遥测的CARLA安全关键场景用于其自动驾驶测试设施的教学与验证项目,https://kettering.edu,MED,pending,0,,
Automation Alley,info@automationalley.com,eng,General Contact,Troy,Michigan,Automation Alley可向密歇根AV成员企业推送23个可复现CARLA边缘场景作为安全验证数据集资源,https://automationalley.com,MED,pending,0,,
Automation Alley,kampen@automationalley.com,eng,Program Lead,Troy,Michigan,其AV/出行项目可用23个ISO 21448标注场景作为成员企业SOTIF培训与合规素材,https://automationalley.com,MED,pending,0,,
Automation Alley,lasserl@automationalley.com,eng,Program Lead,Troy,Michigan,可将23个CARLA场景纳入密歇根出行技术人才与中小企业赋能计划,https://automationalley.com,MED,pending,0,,
Michigan Office of Future Mobility and Electrification (OFME),ElseL1@michigan.gov,eng,State Mobility Program Lead,Lansing,Michigan,OFME可用23个SOTIF合规CARLA场景支撑密歇根AV安全验证生态与产业招商叙事,https://www.michigan.gov/ofme,MED,pending,0,,
Michigan Office of Future Mobility and Electrification (OFME),ScimecaE1@michigan.gov,eng,State Mobility Program Lead,Lansing,Michigan,23个可复现CARLA边缘场景可作为密歇根州AV安全标准的示范数据集,https://www.michigan.gov/ofme,MED,pending,0,,
University of Michigan-Dearborn (IAVS),dysart@umich.edu,research,AV Safety Researcher,Dearborn,Michigan,UM-Dearborn IAVS可将23个SOTIF标注CARLA场景用于其安全关键仿真与V2X研究,https://umich.edu/dearborn,HIGH,pending,0,,
University of Michigan-Dearborn (IAVS),yilu@umich.edu,research,AV Safety Researcher,Dearborn,Michigan,23个真实CARLA遥测场景适合IAVS做自动驾驶安全边界与失效模式分析,https://umich.edu/dearborn,HIGH,pending,0,,
Wayne State University (Electrical & Computer Engineering),ece@wayne.edu,research,Department Contact,Detroit,Michigan,Wayne State ECE的自动驾驶/智能交通方向可用23个CARLA边缘场景作为教学与验证数据集,https://wayne.edu,MED,pending,0,,
The Ohio State University (CARLab),aksunguvenc.1@osu.edu,research,Principal Investigator,Columbus,Ohio,Sunguvenc教授的协同自动驾驶研究可用23个真实CARLA边缘场景做安全关键交互验证,https://car.osu.edu/directory,HIGH,pending,0,,
The Ohio State University (CARLab),yurtsever.2@osu.edu,research,AV Safety Researcher,Columbus,Ohio,23个可复现CARLA场景适合做自动驾驶安全论证与SOTIF场景目录构建,https://car.osu.edu/directory,HIGH,pending,0,,
UC Berkeley (PATH),jfishelson@berkeley.edu,research,AV Safety Researcher,Berkeley,California,Berkeley PATH可用23个带遥测CSV的CARLA边缘场景做安全关键交通流与协同驾驶验证,https://path.berkeley.edu,HIGH,pending,0,,
UC Berkeley (PATH),smoura@berkeley.edu,research,Principal Investigator,Berkeley,California,Moura教授的出行系统研究可用23个SOTIF标注场景做鲁棒性与安全边界分析,https://path.berkeley.edu,HIGH,pending,0,,
Berkeley DeepDrive (BDD),bdd@its.berkeley.edu,research,Research Consortium Contact,Berkeley,California,BDD联盟成员可用23个真实CARLA安全关键场景作为感知与决策验证共享数据集,https://bdd.berkeley.edu,MED,pending,0,,
MIT AgeLab,agelabinfo@mit.edu,research,Lab Contact,Cambridge,Massachusetts,MIT AgeLab可将23个SOTIF合规CARLA场景用于老龄驾驶与AV安全人机研究,https://agelab.mit.edu/about-us/people,HIGH,pending,0,,
Carnegie Mellon University (Robotics Institute),robotics.admissions@ri.cmu.edu,research,Institute Contact,Pittsburgh,Pennsylvania,CMU RI可将23个CARLA边缘场景纳入自动驾驶安全研究与教学实验素材,https://ri.cmu.edu/about/contact/,HIGH,pending,0,,
Carnegie Mellon University (Robotics Institute),aaupperl@andrew.cmu.edu,research,AV Safety Researcher,Pittsburgh,Pennsylvania,23个可复现SOTIF场景适合CMU在规划与控制安全验证方向使用,https://ri.cmu.edu/about/contact/,HIGH,pending,0,,
Penn State (Larson Transportation Institute),rdb28@psu.edu,research,Transportation Researcher,State College,Pennsylvania,Larson研究所可用23个CARLA安全关键场景做基础设施与AV交互安全评估,https://larson.psu.edu,HIGH,pending,0,,
University of Wisconsin (TOPS Lab),danoyce@wisc.edu,research,Mobility Researcher,Madison,Wisconsin,Wisconsin TOPS可用23个CARLA安全关键场景做公交与出行系统安全验证,https://tops.wisc.edu,MED,pending,0,,
Texas A&M Transportation Institute (TTI),jwenzel@tti.tamu.edu,research,Research Scientist,College Station,Texas,TTI可用23个SOTIF合规CARLA场景做基础设施与自动驾驶安全论证,https://tti.tamu.edu,HIGH,pending,0,,
Texas A&M Transportation Institute (TTI),mnevis@tti.tamu.edu,research,AV Researcher,College Station,Texas,23个可复现CARLA边缘场景适合TTI做安全关键交互研究,https://tti.tamu.edu,HIGH,pending,0,,
University of Central Florida (AV Research),cece@ucf.edu,research,AV Researcher,Orlando,Florida,UCF自动驾驶方向可用23个带遥测的CARLA场景做安全关键边缘测试,https://ucf.edu,MED,pending,0,,
UT Austin (Autonomous Systems),pstone@cs.utexas.edu,research,Principal Investigator,Austin,Texas,Stone教授的自动驾驶强化学习研究可用23个SOTIF标注CARLA场景做安全边界评估,https://cs.utexas.edu,HIGH,pending,0,,
NYU (C2SMART),c2smart@nyu.edu,research,Research Center Contact,Brooklyn,New York,C2SMART可用23个CARLA安全关键场景做智慧城市与AV安全验证示范,https://c2smart.engineering.nyu.edu,HIGH,pending,0,,
Georgia Tech (DCSC / Aerospace),tsiotras@gatech.edu,research,Principal Investigator,Atlanta,Georgia,Tsiotras教授的控制与安全研究可用23个真实CARLA边缘场景做自动驾驶安全验证,https://ae.gatech.edu,MED,pending,0,,
adastec,info@adastec.com,av_operator,General Contact,Novi,Michigan,adastec的自动驾驶客车可用23个SOTIF标注CARLA场景做安全关键边缘工况仿真回归,https://adastec.com,MED,pending,0,,
Bot Auto,contact@bot.auto,av_operator,General Contact,Houston,Texas,Bot Auto的L4货运可用23个可复现CARLA安全关键场景补强其仿真验证管线,https://bot.auto,MED,pending,0,,
Plus.ai,info@plus.ai,av_operator,General Contact,Santa Clara,California,Plus的L4卡车自动驾驶可用23个SOTIF标注CARLA场景做安全关键边缘验证,https://plus.ai,MED,pending,0,,
Zoox,hello@zoox.com,av_operator,General Contact,Foster City,California,Zoox的robotaxi可用23个真实CARLA遥测场景做安全关键边缘工况复现与回归,https://zoox.com,MED,pending,0,,
Perrone Robotics,contact@perronerobotics.com,av_operator,General Contact,Charlottesville,Virginia,Perrone的通用AV平台可用23个CARLA安全关键场景做SOTIF合规验证,https://perronerobotics.com,MED,pending,0,,
Imagry,info@imagry.co,eng,General Contact,Berkeley,California,Imagry的mapless自动驾驶可用23个带SOTIF标注的CARLA边缘场景做安全验证,https://imagry.co,MED,pending,0,,
Centrepolis Accelerator,info@centrepolisaccelerator.com,eng,General Contact,Southfield,Michigan,Centrepolis可向密歇根硬件与出行初创推送23个CARLA安全场景作为验证加速资源,https://centrepolisaccelerator.com,MED,pending,0,,
"Quantum Signal AI, LLC",info@quantumsignalai.com,sim,Simulation Engineering Lead,"Saline, MI",Ann Arbor-Saline,QSAI（福特子公司）自研ANVEL实时仿真、专注智能车测试验证；23个CARLA边缘场景+遥测CSV+SOTIF标注可直接补充其场景库覆盖度,https://quantumsignalai.com/,HIGH,pending,0,,
Michigan Technical Resource Park (MITRP),Testing@mitrp.com,test_facility,Proving Ground Test Manager,"Ottawa Lake, MI",Detroit-Ottawa Lake Proving Ground,MITRP为TRI等客户提供闭环AV试车场，23个CARLA边缘场景可作为实车路试前的虚拟预筛，压缩台架占用时间,https://www.mitrp.com/contact-us.html,HIGH,pending,0,,
Applied Intuition - VehicleSim (CarSim) Ann Arbor,sales@carsim.com,sim,VehicleSim Application Engineer,"Ann Arbor, MI",Ann Arbor-Green Rd,CarSim/TruckSim用户常缺高质量边缘场景输入，23个CARLA场景+遥测CSV+NCAP/ISO 21448标注可作为其ADAS工具链的现成激励集,https://www.carsim.com/contactus/,HIGH,pending,0,,
WeOn Automation Inc.,support@weonauto.com,tier1,ADAS V&V Manager,"Troy, MI",Troy-Big Beaver,WeOn做线控与智能感知方案且需量产级认证测试，23个CARLA边缘场景+SOTIF标注可直接充实其感知与控制验证用例,https://weonauto.com,HIGH,pending,0,,
eTech Stars,info@etechstars.com,eng,Autonomy Validation Lead,"Detroit, MI",Detroit-Downtown,底特律+霍顿双研发中心专注AV与机器人技术，23个预验证CARLA边缘场景可即插即用地扩充其自动驾驶回归测试集,https://www.etechstars.com,HIGH,pending,0,,
eTech Stars,partnerships@etechstars.com,eng,Partnerships / Technology Sourcing,"Detroit, MI",Detroit-Downtown,以合作方式引入现成边缘场景数据集，比自建场景库快，23个CARLA场景含遥测CSV与SOTIF标注,https://www.etechstars.com,MED,pending,0,,
"Touchstone Evaluations, Inc.",president@touchstoneevaluations.com,eng,Human Factors / Driver-in-the-Loop Lead,"Grosse Pointe, MI",Detroit-Grosse Pointe,其driver-in-the-loop与模拟器研究需要可复现的危险场景脚本，23个CARLA边缘场景+遥测CSV可直接驱动被试实验,http://touchstone-evaluations.com/home,HIGH,pending,0,,
University of Michigan APRIL Robotics Lab,ebolson@umich.edu,research,Lab Director / Perception Research PI,"Ann Arbor, MI",Ann Arbor-Mcity,APRIL实验室做感知与规划算法，23个带SOTIF标注的CARLA边缘场景+遥测CSV可作为算法鲁棒性基准集,https://april.eecs.umich.edu/people/ebolson,MED,pending,0,,
CompuMak Engineering (Autonomous Systems),eng-central@compumakengineering.com,eng,Simulation & Validation Manager,"Houston, TX",Houston-HQ / Detroit-MI Engineering Center,官网明确使用CARLA+IPG CarMaker+dSPACE做闭环仿真与安全关键场景验证，23个现成CARLA边缘场景+SOTIF标注可立即接入其交付项目,https://compumakengineering.com/contact,HIGH,pending,0,,
Reynolds & Moore,info@reynolds-moore.com,eng,Functional Safety Lead,"Dallas (Coppell), TX",Dallas-Cypress Waters,专做ISO 26262/自主系统安全案例，23个CARLA边缘场景+NCAP/ISO 21448/UN-R157标注可作为其客户安全论证的现成证据素材,https://www.reynolds-moore.com/careers,HIGH,pending,0,,
UT Austin Center for Transportation Research (Texas SMARTTrack),a-bhasin@mail.utexas.edu,test_facility,Test Track Program Director,"Austin, TX",Austin-Pickle Research Campus,SMARTTrack三级试车场建设中，23个CARLA边缘场景可作为实车测试前的虚拟场景库与标准化评测基线,https://ctr.utexas.edu/research/texas-smarttrack/,HIGH,pending,0,,
Texas A&M Transportation Institute - Connected & Automated Transportation,B-Kuhn@tti.tamu.edu,research,CAV Strategy Lead,"College Station, TX",Bryan-College Station RELLIS,TTI主导德州AV试验场合作，23个预验证CARLA边缘场景+遥测CSV可补足其虚拟测试环节的场景多样性,https://connected-vehicles.tti.tamu.edu/people,HIGH,pending,0,,
Texas A&M Transportation Institute - Center for Transportation Safety,m-manser@tti.tamu.edu,research,Vehicle Automation / Human Factors Lead,"Austin, TX",Austin-TTI Office,研究方向含车辆自动化与驾驶人行为，23个CARLA边缘场景+遥测CSV可作为人机共驾实验的可复现刺激材料,https://connected-vehicles.tti.tamu.edu/people,MED,pending,0,,
Texas A&M Transportation Institute - System Operations & Technologies,r-brydia@tamu.edu,research,Emerging Technologies Division Head,"College Station, TX",Bryan-College Station RELLIS,负责新兴技术与CAV方向，23个带NCAP/ISO 21448标注的CARLA场景可直接用于其CAV评测项目,https://connected-vehicles.tti.tamu.edu/people,MED,pending,0,,
"SIERA.AI (Stocked Robotics, Inc.)",info@siera.ai,eng,Perception Safety Engineering Manager,"Austin, TX",Austin-Capital of Texas Hwy,做工业车辆AI防撞与3D感知安全系统，23个CARLA边缘场景+遥测CSV可用于其感知模型的极端工况回归验证,http://www.siera.ai/contact-us/,MED,pending,0,,
"SIERA.AI (Stocked Robotics, Inc.)",sales@siera.ai,eng,Solutions / Technical Sales Lead,"Austin, TX",Austin-Capital of Texas Hwy,以订阅式边缘场景库支撑其安全系统的验证话术与客户举证，含SOTIF标注,http://www.siera.ai/contact-us/,LOW,pending,0,,
Autolane,kyle@goautolane.com,av_operator,Head of Marketing / Ops Partnerships,"Austin, TX",Austin-Retail AV Delivery,在奥斯汀运营受监管的自动配送，23个CARLA边缘场景可用于其取送货场景的风险预演与对外安全叙事,https://www.businesswire.com/news/home/20260720175183/en/,MED,pending,0,,
UL Solutions (Functional Safety / kVA by UL),Global.FunctionalSafety@ul.com,cert,Functional Safety Assessment Lead,"Northbrook, IL",US-National Certification,提供UL 4600/ISO 21448/ISO 26262评估，23个带标注的CARLA边缘场景可作为其客户安全案例的第三方场景证据来源,https://developer.arm.com/solutions/functional-safety-partnership-program/ul,MED,pending,0,,
General Motors,info@gm.com,oem,Functional Safety Manager,"Warren, MI",Detroit Metro/GM Tech Center,Super Cruise ODD expansion needs pre-validated SOTIF edge cases for UN-R157 evidence,https://www.gm.com,HIGH,pending,,,false
Ford Motor Company,info@ford.com,oem,ADAS Validation Lead,"Dearborn, MI",Detroit Metro/Dearborn,BlueCruise hands-free release gates need reproducible edge-case scenarios mapped to ISO 21448,https://www.ford.com,HIGH,pending,,,false
Stellantis North America,info@stellantis.com,oem,Safety Case Engineer,"Auburn Hills, MI",Auburn Hills Corridor,AutoDrive L3 programs need SOTIF triggering-condition coverage evidence for homologation,https://www.stellantis.com,HIGH,pending,,,false
Toyota Motor North America R&D,info@toyota.com,oem,AV Validation Lead,"York Township, MI",Ann Arbor Area,Toyota Safety Sense NCAP re-validation benefits from a curated edge-case scenario library,https://www.toyota.com,HIGH,pending,,,false
Hyundai America Technical Center,info@hatci.com,oem,Functional Safety Manager,"Superior Township, MI",Ann Arbor Area,HDA and Highway Driving Pilot validation needs SOTIF edge-case coverage for US NCAP,https://www.hatci.com,HIGH,pending,,,false
Nissan Technical Center North America,info@nissanusa.com,oem,ADAS Systems Engineer,"Farmington Hills, MI",Detroit Metro,ProPILOT Assist validation needs reproducible cut-in and VRU edge cases,https://www.nissanusa.com,HIGH,pending,,,false
Subaru Research and Development,info@subaru.com,oem,ADAS Validation Lead,"Ann Arbor, MI",Ann Arbor Area,EyeSight stereo-camera limits are exactly the SOTIF triggering conditions our library covers,https://www.subaru.com,HIGH,pending,,,false
Mazda North American Operations,info@mazdausa.com,oem,Safety Case Engineer,"Ann Arbor, MI",Ann Arbor Area,i-Activsense NCAP uplift needs scenario evidence beyond regulated test cases,https://www.mazdausa.com,MED,pending,,,false
Rivian Automotive,info@rivian.com,oem,AV Validation Lead,"Plymouth, MI",Detroit Metro/Plymouth,Autonomy Platform release gating needs edge-case regression scenarios for safety case sign-off,https://www.rivian.com,HIGH,pending,,,false
Volkswagen Group of America,info@vw.com,oem,Functional Safety Manager,"Auburn Hills, MI",Auburn Hills Corridor,IQ.DRIVE and Travel Assist validation needs UN-R157 aligned scenario evidence,https://www.vw.com,MED,pending,,,false
Bollinger Motors,info@bollingermotors.com,oem,Safety Case Engineer,"Oak Park, MI",Detroit Metro,Class 4 commercial EV ADAS content needs a defensible SOTIF argument on a small safety team,https://www.bollingermotors.com,MED,pending,,,false
Daimler Truck North America,info@daimlertruck.com,oem,Functional Safety Manager,"Detroit, MI",Detroit Metro,Detroit Assurance active safety suite needs heavy-truck edge cases for SOTIF sign-off,https://www.daimlertruck.com,HIGH,pending,,,false
General Dynamics Land Systems,info@gdls.com,oem,Director of Autonomy,"Sterling Heights, MI",Detroit Metro/Sterling Heights,Autonomous ground vehicle programs need structured edge-case scenarios for safety release,https://www.gdls.com,HIGH,pending,,,false
BAE Systems Combat Vehicles,info@baesystems.com,oem,Safety Case Engineer,"Sterling Heights, MI",Detroit Metro/Sterling Heights,Optionally manned vehicle autonomy needs a scenario-based safety argument,https://www.baesystems.com,MED,pending,,,false
AM General,info@amgeneral.com,oem,Functional Safety Manager,"Auburn Hills, MI",Auburn Hills Corridor,Tactical vehicle driver-assist content needs edge-case validation evidence,https://www.amgeneral.com,MED,pending,,,false
Slate Auto,info@slate.auto,oem,ADAS Systems Engineer,"Troy, MI",Detroit Metro/Troy,New-entrant EV program needs an off-the-shelf edge-case library to stand up a SOTIF process fast,https://www.slate.auto,MED,pending,,,false
The Shyft Group,info@theshyftgroup.com,oem,Safety Case Engineer,"Novi, MI",Novi Tech Corridor,Blue Arc last-mile EV platforms need ADAS edge-case validation for fleet customers,https://www.theshyftgroup.com,MED,pending,,,false
Robert Bosch LLC,info@bosch.us,tier1,Functional Safety Manager,"Farmington Hills, MI",Detroit Metro,Radar and camera perception stacks need SOTIF triggering-condition scenarios for OEM sign-off,https://www.bosch.us,HIGH,pending,,,false
ZF North America,info@zf.com,tier1,Safety Case Engineer,"Northville, MI",Detroit Metro/Northville,coPILOT and commercial vehicle AD need UN-R157 aligned scenario evidence,https://www.zf.com,HIGH,pending,,,false
Continental Automotive Systems,info@continental.com,tier1,Functional Safety Manager,"Auburn Hills, MI",Auburn Hills Corridor,Perception sensor validation needs edge cases beyond regulated NCAP test protocols,https://www.continental.com,HIGH,pending,,,false
Lear Corporation,info@lear.com,tier1,ADAS Systems Engineer,"Southfield, MI",Detroit Metro/Southfield,E-Systems safety-critical content needs ISO 26262 and SOTIF scenario evidence,https://www.lear.com,MED,pending,,,false
Magna Electronics,info@magna.com,tier1,AV Validation Lead,"Auburn Hills, MI",Auburn Hills Corridor,Magna ADAS and autonomous driving portfolio needs edge-case coverage for OEM safety cases,https://www.magna.com,HIGH,pending,,,false
BorgWarner,info@borgwarner.com,tier1,Functional Safety Manager,"Auburn Hills, MI",Auburn Hills Corridor,Safety-critical propulsion controls need ISO 26262 scenario-based validation evidence,https://www.borgwarner.com,MED,pending,,,false
DENSO International America,info@denso.com,tier1,ADAS Validation Lead,"Southfield, MI",Detroit Metro/Southfield,Global Safety Package sensor fusion needs SOTIF triggering-condition scenarios,https://www.denso.com,HIGH,pending,,,false
Forvia,info@forvia.com,tier1,Safety Case Engineer,"Auburn Hills, MI",Auburn Hills Corridor,Cockpit and ADAS integration needs edge-case evidence for OEM homologation packages,https://www.forvia.com,MED,pending,,,false
Gentex Corporation,info@gentex.com,tier1,ADAS Systems Engineer,"Zeeland, MI",West Michigan/Zeeland,Full Display Mirror and camera monitoring systems need adverse-condition edge cases,https://www.gentex.com,HIGH,pending,,,false
Valeo North America,info@valeo.com,tier1,AV Validation Lead,"Troy, MI",Detroit Metro/Troy,SCALA lidar and Drive4U validation needs SOTIF scenario coverage for L3 programs,https://www.valeo.com,HIGH,pending,,,false
Autoliv Americas,info@autoliv.com,tier1,Safety Case Engineer,"Auburn Hills, MI",Auburn Hills Corridor,Passive and active safety integration needs VRU edge cases for EU NCAP scoring,https://www.autoliv.com,HIGH,pending,,,false
Veoneer US Safety Systems,info@veoneer.com,tier1,Functional Safety Manager,"Southfield, MI",Detroit Metro/Southfield,Active safety electronics need SOTIF triggering-condition libraries for OEM release,https://www.veoneer.com,HIGH,pending,,,false
Visteon Corporation,info@visteon.com,tier1,ADAS Systems Engineer,"Van Buren Township, MI",Willow Run Corridor,DriveCore compute platform validation needs scenario-based safety evidence,https://www.visteon.com,HIGH,pending,,,false
Joyson Safety Systems,info@joysonsafety.com,tier1,Safety Case Engineer,"Auburn Hills, MI",Auburn Hills Corridor,Occupant and active safety integration needs edge-case scenarios for NCAP protocols,https://www.joysonsafety.com,HIGH,pending,,,false
Adient,info@adient.com,tier1,Functional Safety Manager,"Plymouth, MI",Detroit Metro/Plymouth,Seating safety systems in AV interiors need new occupant-state edge-case scenarios,https://www.adient.com,MED,pending,,,false
Dana Incorporated,info@dana.com,tier1,ADAS Systems Engineer,"Novi, MI",Novi Tech Corridor,Drive-by-wire and e-axle safety content needs ISO 26262 scenario evidence,https://www.dana.com,MED,pending,,,false
American Axle and Manufacturing,info@aam.com,tier1,Functional Safety Manager,"Detroit, MI",Detroit Metro,Electric drive units feeding AV platforms need safety-critical validation scenarios,https://www.aam.com,MED,pending,,,false
Nexteer Automotive,info@nexteer.com,tier1,Safety Case Engineer,"Auburn Hills, MI",Auburn Hills Corridor,Steer-by-wire and hands-off detection are core UN-R157 SOTIF concerns our library targets,https://www.nexteer.com,HIGH,pending,,,false
Tenneco,info@tenneco.com,tier1,ADAS Systems Engineer,"Northville, MI",Detroit Metro/Northville,Semi-active suspension interacting with ADAS needs coupled edge-case scenarios,https://www.tenneco.com,MED,pending,,,false
Cooper Standard,info@cooperstandard.com,tier1,Functional Safety Manager,"Northville, MI",Detroit Metro/Northville,Sensor-adjacent sealing and cleaning systems affect perception in adverse-weather edge cases,https://www.cooperstandard.com,LOW,pending,,,false
Brose North America,info@brose.com,tier1,Safety Case Engineer,"Auburn Hills, MI",Auburn Hills Corridor,Automated door and closure systems in robotaxis need new hazard scenarios,https://www.brose.com,MED,pending,,,false
MAHLE Industries,info@mahle.com,tier1,Functional Safety Manager,"Farmington Hills, MI",Detroit Metro,Thermal management for AV compute stacks needs safety-relevant degradation scenarios,https://www.mahle.com,LOW,pending,,,false
Marelli North America,info@marelli.com,tier1,ADAS Validation Lead,"Southfield, MI",Detroit Metro/Southfield,Adaptive lighting and sensor integration need night and glare edge cases for NCAP,https://www.marelli.com,MED,pending,,,false
Panasonic Automotive Systems,info@na.panasonic.com,tier1,ADAS Systems Engineer,"Farmington Hills, MI",Detroit Metro,Cockpit domain and camera systems need SOTIF scenario coverage for OEM programs,https://na.panasonic.com,MED,pending,,,false
HARMAN International,info@harman.com,tier1,Functional Safety Manager,"Novi, MI",Novi Tech Corridor,Ready Care driver monitoring needs edge-case scenarios for UN-R157 driver-availability logic,https://www.harman.com,HIGH,pending,,,false
Alps Alpine North America,info@alpsalpine.com,tier1,ADAS Systems Engineer,"Auburn Hills, MI",Auburn Hills Corridor,Sensing and HMI content for automated driving needs validated edge-case data,https://www.alpsalpine.com,MED,pending,,,false
Hitachi Astemo Americas,info@hitachiastemo.com,tier1,AV Validation Lead,"Farmington Hills, MI",Detroit Metro,Stereo camera and AD ECU validation needs SOTIF triggering-condition scenarios,https://www.hitachiastemo.com,HIGH,pending,,,false
AISIN World Corp of America,info@aisinworld.com,tier1,Functional Safety Manager,"Northville, MI",Detroit Metro/Northville,Braking and parking automation content needs ISO 26262 and SOTIF scenario evidence,https://www.aisinworld.com,MED,pending,,,false
Toyota Boshoku America,info@toyota-boshoku.com,tier1,Safety Case Engineer,"Novi, MI",Novi Tech Corridor,AV interior and occupant sensing concepts need new hazard scenario coverage,https://www.toyota-boshoku.com,LOW,pending,,,false
JTEKT North America,info@jtekt.com,tier1,Functional Safety Manager,"Plymouth, MI",Detroit Metro/Plymouth,Electric power steering for hands-off driving is a core UN-R157 SOTIF interface,https://www.jtekt.com,MED,pending,,,false
NSK Americas,info@nsk.com,tier1,ADAS Systems Engineer,"Ann Arbor, MI",Ann Arbor Area,Steering and actuation components in ADAS loops need failure-mode edge cases,https://www.nsk.com,LOW,pending,,,false
Schaeffler Group USA,info@schaeffler.us,tier1,Functional Safety Manager,"Troy, MI",Detroit Metro/Troy,Steer-by-wire and rolling chassis programs need scenario-based safety validation,https://www.schaeffler.us,MED,pending,,,false
Vitesco Technologies USA,info@vitesco-technologies.com,tier1,Safety Case Engineer,"Auburn Hills, MI",Auburn Hills Corridor,Safety-critical powertrain controls need ISO 26262 aligned scenario evidence,https://www.vitesco-technologies.com,MED,pending,,,false
Webasto,info@webasto.com,tier1,ADAS Systems Engineer,"Auburn Hills, MI",Auburn Hills Corridor,Roof-mounted sensor pods for AVs need environmental and soiling edge cases,https://www.webasto.com,MED,pending,,,false
Gentherm,info@gentherm.com,tier1,Functional Safety Manager,"Northville, MI",Detroit Metro/Northville,Occupant sensing for AV cabins needs new driver-state edge-case scenarios,https://www.gentherm.com,LOW,pending,,,false
Yazaki North America,info@yazaki-na.com,tier1,Safety Case Engineer,"Canton, MI",Detroit Metro,High-speed sensor data architectures need integrity scenarios for AV safety cases,https://www.yazaki-na.com,LOW,pending,,,false
Yanfeng Automotive Interiors,info@yfai.com,tier1,ADAS Systems Engineer,"Novi, MI",Novi Tech Corridor,AV interior concepts need occupant-safety edge cases for non-standard seating,https://www.yfai.com,LOW,pending,,,false
Mitsubishi Electric Automotive America,info@meaa-mea.com,tier1,AV Validation Lead,"Northville, MI",Detroit Metro/Northville,Automated driving sensing portfolio needs SOTIF scenario coverage for OEM programs,https://www.meaa-mea.com,HIGH,pending,,,false
LG Electronics Vehicle Solutions,info@lg.com,tier1,ADAS Systems Engineer,"Troy, MI",Detroit Metro/Troy,ADAS camera and telematics content needs edge-case validation for OEM release,https://www.lg.com,MED,pending,,,false
Flex-N-Gate,info@flex-n-gate.com,tier1,Safety Case Engineer,"Detroit, MI",Detroit Metro,Lighting and sensor-integrated fascias need adverse-condition perception scenarios,https://www.flex-n-gate.com,LOW,pending,,,false
Stoneridge,info@stoneridge.com,tier1,ADAS Validation Lead,"Novi, MI",Novi Tech Corridor,MirrorEye camera monitor system needs regulated and edge-case visibility scenarios,https://www.stoneridge.com,HIGH,pending,,,false
Hyundai Mobis North America,info@mobis.com,tier1,Functional Safety Manager,"Plymouth, MI",Detroit Metro/Plymouth,ADAS sensor and integrated controller validation needs SOTIF edge-case libraries,https://www.mobis.com,HIGH,pending,,,false
Kostal North America,info@kostal.com,tier1,Safety Case Engineer,"Troy, MI",Detroit Metro/Troy,Steering column controls and hands-on detection tie directly to UN-R157 requirements,https://www.kostal.com,MED,pending,,,false
Preh Inc,info@preh.com,tier1,ADAS Systems Engineer,"Novi, MI",Novi Tech Corridor,HMI and control units in automated driving need driver-interaction edge cases,https://www.preh.com,MED,pending,,,false
TE Connectivity,info@te.com,tier1,Functional Safety Manager,"Troy, MI",Detroit Metro/Troy,Sensor and high-speed data connectivity for AVs needs integrity failure scenarios,https://www.te.com,LOW,pending,,,false
Eaton Vehicle Group,info@eaton.com,tier1,Safety Case Engineer,"Galesburg, MI",West Michigan,Commercial vehicle safety-critical controls need ISO 26262 scenario evidence,https://www.eaton.com,MED,pending,,,false
Guardian Glass,info@guardian.com,tier1,ADAS Systems Engineer,"Auburn Hills, MI",Auburn Hills Corridor,Windshield optics affect camera perception and are a real SOTIF triggering condition,https://www.guardian.com,LOW,pending,,,false
Varroc Lighting Systems,info@varroclighting.com,tier1,ADAS Validation Lead,"Plymouth, MI",Detroit Metro/Plymouth,Adaptive driving beam validation needs night and oncoming-traffic edge cases,https://www.varroclighting.com,MED,pending,,,false
N.S. International,info@nsna.com,tier1,ADAS Systems Engineer,"Troy, MI",Detroit Metro/Troy,Head-up display content for automated driving needs HMI edge-case scenarios,https://www.nsna.com,MED,pending,,,false
OPmobility,info@opmobility.com,tier1,Safety Case Engineer,"Troy, MI",Detroit Metro/Troy,Sensor-integrated exteriors need soiling and damage scenarios that degrade perception,https://www.opmobility.com,MED,pending,,,false
Inteva Products,info@intevaproducts.com,tier1,Functional Safety Manager,"Troy, MI",Detroit Metro/Troy,Closure and interior electronics in AV fleets need new hazard scenario coverage,https://www.intevaproducts.com,LOW,pending,,,false
Android Industries,info@androidindustries.com,tier1,Test Engineering Manager,"Auburn Hills, MI",Auburn Hills Corridor,Automated assembly cells adjacent to AV programs need functional safety validation,https://www.androidindustries.com,LOW,pending,,,false
Prefix Corporation,info@prefix.com,tier1,AV Validation Lead,"Rochester Hills, MI",Detroit Metro,Prototype AV builds and sensor integration need edge-case test scenarios,https://www.prefix.com,MED,pending,,,false
Toyoda Gosei North America,info@toyoda-gosei.com,tier1,Safety Case Engineer,"Troy, MI",Detroit Metro/Troy,Sensor-integrated exterior components affect perception in adverse conditions,https://www.toyoda-gosei.com,LOW,pending,,,false
Niterra North America,info@niterra.com,tier1,Functional Safety Manager,"Wixom, MI",Detroit Metro,Automotive sensing portfolio needs ISO 26262 aligned validation scenarios,https://www.niterra.com,LOW,pending,,,false
Hanon Systems,info@hanonsystems.com,tier1,ADAS Systems Engineer,"Novi, MI",Novi Tech Corridor,Thermal management of AV compute needs degradation scenarios for safety analysis,https://www.hanonsystems.com,LOW,pending,,,false
Nidec Automotive Motor Americas,info@nidec.com,tier1,Functional Safety Manager,"Auburn Hills, MI",Auburn Hills Corridor,Actuation motors in steering and braking loops need safety-critical edge cases,https://www.nidec.com,LOW,pending,,,false
SAF-Holland,info@safholland.com,tier1,Safety Case Engineer,"Holland, MI",West Michigan/Holland,Trailer braking and coupling automation need commercial-vehicle edge cases,https://www.safholland.com,LOW,pending,,,false
Musashi Americas,info@musashiamericas.com,tier1,Functional Safety Manager,"Troy, MI",Detroit Metro/Troy,Driveline components in AV platforms need safety-relevant failure scenarios,https://www.musashiamericas.com,LOW,pending,,,false
Mayco International,info@maycointernational.com,tier1,Safety Case Engineer,"Sterling Heights, MI",Detroit Metro/Sterling Heights,Interior and exterior systems for AV platforms need occupant-safety scenarios,https://www.maycointernational.com,LOW,pending,,,false
Martinrea International,info@martinrea.com,tier1,Functional Safety Manager,"Auburn Hills, MI",Auburn Hills Corridor,Structural and fluid systems in AV platforms need safety-relevant validation content,https://www.martinrea.com,LOW,pending,,,false
Grupo Antolin North America,info@grupoantolin.com,tier1,Safety Case Engineer,"Auburn Hills, MI",Auburn Hills Corridor,Headliner-integrated sensors for AVs need packaging and perception edge cases,https://www.grupoantolin.com,LOW,pending,,,false
ATCO Industries,info@atcoindustries.com,tier1,Test Engineering Manager,"Sterling Heights, MI",Detroit Metro/Sterling Heights,Quality containment for ADAS components benefits from scenario-based failure data,https://www.atcoindustries.com,LOW,pending,,,false
Microchip Technology,info@microchip.com,tier1,Functional Safety Manager,"Novi, MI",Novi Tech Corridor,Detroit Automotive Technology Center supports ISO 26262 designs needing scenario validation,https://www.microchip.com,MED,pending,,,false
Infineon Technologies Americas,info@infineon.com,tier1,Safety Case Engineer,"Novi, MI",Novi Tech Corridor,AURIX safety controllers in ADAS ECUs need system-level edge-case evidence,https://www.infineon.com,MED,pending,,,false
Renesas Electronics America,info@renesas.com,tier1,Functional Safety Manager,"Novi, MI",Novi Tech Corridor,R-Car ADAS SoCs need scenario-based validation to support customer safety cases,https://www.renesas.com,MED,pending,,,false
NXP Semiconductors,info@nxp.com,tier1,ADAS Systems Engineer,"Novi, MI",Novi Tech Corridor,S32 and imaging radar platforms need SOTIF scenarios for perception validation,https://www.nxp.com,MED,pending,,,false
Perceptron,info@perceptron.com,tier1,Test Engineering Manager,"Plymouth, MI",Detroit Metro/Plymouth,3D vision metrology expertise maps onto sensor calibration edge cases for ADAS,https://www.perceptron.com,LOW,pending,,,false
Eckhart,info@eckhartusa.com,tier1,Test Engineering Manager,"Warren, MI",Detroit Metro/Warren,Automation and AGV safety work overlaps with autonomous system hazard analysis,https://www.eckhartusa.com,LOW,pending,,,false
FANUC America,info@fanucamerica.com,tier1,Functional Safety Manager,"Rochester Hills, MI",Detroit Metro,Autonomous mobile robot safety validation shares methodology with AV SOTIF work,https://www.fanucamerica.com,LOW,pending,,,false
KUKA,info@kuka.com,tier1,Safety Case Engineer,"Shelby Township, MI",Detroit Metro,Mobile robotics safety cases benefit from structured edge-case scenario libraries,https://www.kuka.com,LOW,pending,,,false
Torc Robotics,info@torc.ai,av_operator,Safety Case Engineer,"Ann Arbor, MI",Ann Arbor Area,New Ann Arbor engineering center scaling autonomous trucking needs edge-case regression content,https://www.torc.ai,HIGH,pending,,,false
Refraction AI,info@refraction.ai,av_operator,AV Validation Lead,"Ann Arbor, MI",Ann Arbor Area,Sidewalk and road-edge delivery AVs face VRU edge cases our library covers,https://www.refraction.ai,HIGH,pending,,,false
Cavnue,info@cavnue.com,av_operator,Director of Autonomy,"Detroit, MI",Detroit/Corktown,I-94 connected and automated corridor work needs standardized edge-case scenario definitions,https://www.cavnue.com,HIGH,pending,,,false
Dataspeed Inc,info@dataspeedinc.com,av_operator,AV Validation Lead,"Rochester Hills, MI",Detroit Metro,Drive-by-wire AV research platforms need ready-made edge-case scenarios for customer programs,https://www.crunchbase.com/organization/dataspeed,HIGH,pending,,,false
Derq,info@derq.com,av_operator,Safety Case Engineer,"Detroit, MI",Detroit Metro,V2X collision-prediction at intersections needs validated conflict edge cases,https://www.derq.com,HIGH,pending,,,false
Pratt Miller,info@prattmiller.com,av_operator,Director of Autonomy,"New Hudson, MI",Detroit Metro,Autonomous defense and motorsport vehicle programs need structured scenario validation,https://www.prattmiller.com,HIGH,pending,,,false
dSPACE Inc,info@dspace.com,sim_tool,Simulation Engineer,"Wixom, MI",Detroit Metro/Wixom,SIMPHERA and HIL customers need validated edge-case scenario content for ADAS release testing,https://www.dspace.com,HIGH,pending,,,false
Vector North America,info@vector.com,sim_tool,Simulation Engineer,"Novi, MI",Novi Tech Corridor,DYNA4 and vTESTstudio users need scenario libraries mapped to ISO 21448,https://www.vector.com,HIGH,pending,,,false
ETAS Inc,info@etas.com,sim_tool,Simulation Engineer,"Ann Arbor, MI",Ann Arbor Area,COSYM virtual validation customers need SOTIF edge-case scenario packs,https://www.etas.com,HIGH,pending,,,false
IPG Automotive USA,info@ipg-automotive.com,sim_tool,Simulation Engineer,"Novi, MI",Novi Tech Corridor,CarMaker users need pre-validated edge-case scenarios for ADAS and AD sign-off,https://www.ipg-automotive.com,HIGH,pending,,,false
VI-grade,info@vi-grade.com,sim_tool,Simulation Engineer,"Farmington Hills, MI",Detroit Metro,Driving simulator customers need standardized edge-case scenarios for human-in-the-loop studies,https://www.vi-grade.com,HIGH,pending,,,false
Siemens Digital Industries Software,info@siemens.com,sim_tool,Simulation Engineer,"Plymouth, MI",Detroit Metro/Plymouth,Simcenter Prescan users need curated SOTIF edge-case scenario content,https://www.sw.siemens.com,HIGH,pending,,,false
Altair Engineering,info@altair.com,sim_tool,Simulation Engineer,"Troy, MI",Detroit Metro/Troy,Vehicle simulation portfolio can be extended with ADAS edge-case scenario libraries,https://www.altair.com,MED,pending,,,false
Hexagon Manufacturing Intelligence,info@hexagon.com,sim_tool,Simulation Engineer,"Novi, MI",Novi Tech Corridor,Virtual test and positioning portfolio pairs well with edge-case scenario data,https://hexagon.com,MED,pending,,,false
ESI North America,info@esi-group.com,sim_tool,Simulation Engineer,"Farmington Hills, MI",Detroit Metro,Virtual prototyping customers need ADAS scenario content for safety validation,https://www.esi-group.com,MED,pending,,,false
MathWorks,info@mathworks.com,sim_tool,Simulation Engineer,"Novi, MI",Novi Tech Corridor,Automated Driving Toolbox users need ready-made SOTIF edge-case scenarios,https://www.mathworks.com,MED,pending,,,false
Ansys,info@ansys.com,sim_tool,Simulation Engineer,"Novi, MI",Novi Tech Corridor,AVxcelerate sensor simulation needs edge-case scenario content for customer safety cases,https://www.ansys.com,MED,pending,,,false
Dassault Systemes,info@3ds.com,sim_tool,Simulation Engineer,"Auburn Hills, MI",Auburn Hills Corridor,Virtual twin programs for vehicles need validated ADAS edge-case scenarios,https://www.3ds.com,MED,pending,,,false
Intrepid Control Systems,info@intrepidcs.com,sim_tool,Test Engineering Manager,"Troy, MI",Detroit Metro/Troy,Vehicle network data tools pair with scenario libraries for ADAS validation campaigns,https://www.intrepidcs.com,HIGH,pending,,,false
Danlaw Inc,info@danlawinc.com,sim_tool,V&V Manager,"Novi, MI",Novi Tech Corridor,V2X and connected vehicle test services need standardized edge-case scenarios,https://www.danlawinc.com,HIGH,pending,,,false
Sakor Technologies,info@sakor.com,sim_tool,Test Engineering Manager,"Owosso, MI",Mid-Michigan,Dynamometer test systems can be driven by scenario-based ADAS validation profiles,https://www.sakor.com,MED,pending,,,false
Link Engineering Company,info@linkeng.com,sim_tool,V&V Manager,"Plymouth, MI",Detroit Metro/Plymouth,Brake and vehicle test systems need AEB edge-case scenarios for NCAP correlation,https://www.linkeng.com,HIGH,pending,,,false
Burke E. Porter Machinery,info@bepco.com,sim_tool,Test Engineering Manager,"Grand Rapids, MI",West Michigan/Grand Rapids,End-of-line ADAS calibration systems benefit from edge-case validation scenarios,https://www.bepco.com,HIGH,pending,,,false
Humanetics,info@humaneticsgroup.com,sim_tool,ADAS Validation Lead,"Farmington Hills, MI",Detroit Metro,Active safety test targets and ATDs pair directly with our EU NCAP edge-case scenarios,https://www.humaneticsgroup.com,HIGH,pending,,,false
AB Dynamics,info@abdynamics.com,sim_tool,ADAS Validation Lead,"Plymouth, MI",Detroit Metro/Plymouth,Driving robots and soft targets need scenario definitions beyond regulated NCAP cases,https://www.abdynamics.com,HIGH,pending,,,false
HORIBA Instruments,info@horiba.com,sim_tool,V&V Manager,"Ann Arbor, MI",Ann Arbor Area,HORIBA MIRA ADAS validation services need expanded edge-case scenario libraries,https://www.horiba.com,HIGH,pending,,,false
NI,info@ni.com,sim_tool,Test Engineering Manager,"Novi, MI",Novi Tech Corridor,Novi Engineering Innovation Center ADAS Garage needs scenario content for HIL campaigns,https://www.ni.com,HIGH,pending,,,false
Keysight Technologies,info@keysight.com,sim_tool,ADAS Validation Lead,"Novi, MI",Novi Tech Corridor,Radar scene emulation needs realistic edge-case scenarios to drive test cases,https://www.keysight.com,MED,pending,,,false
Kistler Instrument Corporation,info@kistler.com,sim_tool,Test Engineering Manager,"Novi, MI",Novi Tech Corridor,Vehicle dynamics measurement pairs with scenario-based ADAS test protocols,https://www.kistler.com,MED,pending,,,false
KPIT Technologies,info@kpit.com,sim_tool,V&V Manager,"Novi, MI",Novi Tech Corridor,ADAS and AD software engineering programs need reusable edge-case validation content,https://www.kpit.com,HIGH,pending,,,false
BlackBerry QNX,info@blackberry.com,sim_tool,Functional Safety Manager,"Ann Arbor, MI",Ann Arbor Area,Safety-certified OS customers need system-level SOTIF scenario evidence,https://www.blackberry.com,MED,pending,,,false
Green Hills Software,info@ghs.com,sim_tool,Functional Safety Manager,"Novi, MI",Novi Tech Corridor,ASIL-D platform customers need scenario-based validation for full safety cases,https://www.ghs.com,MED,pending,,,false
Soar Technology,info@soartech.com,sim_tool,Simulation Engineer,"Ann Arbor, MI",Ann Arbor Area,Autonomy behavior modeling work pairs with structured edge-case scenario libraries,https://www.soartech.com,MED,pending,,,false
Coherix,info@coherix.com,sim_tool,Test Engineering Manager,"Ann Arbor, MI",Ann Arbor Area,3D machine vision expertise overlaps with perception validation edge cases,https://www.coherix.com,LOW,pending,,,false
Traffic Intelligence,info@traffic-intelligence.com,sim_tool,Simulation Engineer,"Ann Arbor, MI",Ann Arbor Area,Traffic analytics and safety modeling pair with validated conflict edge cases,https://www.traffic-intelligence.com,MED,pending,,,false
Michigan Technical Resource Park,CustomerSupport@mitrp.com,certification,V&V Manager,"Ottawa Lake, MI",Ottawa Lake Proving Ground,Toyota built an edge-case course on this site so scenario-driven test packages are a natural fit,http://www.mitrp.com/news/feed/index.html,HIGH,pending,,,false
Intertek,info@intertek.com,certification,V&V Manager,"Plymouth, MI",Detroit Metro/Plymouth,Plymouth automotive lab can extend into scenario-based ADAS validation services,https://www.intertek.com,MED,pending,,,false
TUV Rheinland of North America,info@tuv.com,certification,Functional Safety Manager,"Plymouth, MI",Detroit Metro/Plymouth,AV homologation support services need standardized SOTIF scenario evidence,https://www.tuv.com,MED,pending,,,false
Element Materials Technology,info@element.com,certification,V&V Manager,"Auburn Hills, MI",Auburn Hills Corridor,Auburn Hills lab already lists ADAS testing and could bundle our scenario library,https://www.element.com,HIGH,pending,,,false
UL Solutions,info@ul.com,certification,Safety Case Engineer,"Novi, MI",Novi Tech Corridor,Autonomy safety assurance practice needs reference edge-case scenario sets,https://www.ul.com,MED,pending,,,false
Applus IDIADA North America,info@applusidiada.com,certification,Homologation Manager,"Northville, MI",Detroit Metro/Northville,UN-R157 homologation support needs pre-validated edge-case scenario packages,https://www.applusidiada.com,MED,pending,,,false
Smithers,info@smithers.com,certification,Test Engineering Manager,"Brimley, MI",Upper Peninsula Winter Test,Winter test center work maps directly onto adverse-weather perception edge cases,https://www.smithers.com,MED,pending,,,false
SAE International,info@sae.org,certification,Safety Case Engineer,"Troy, MI",Detroit Metro/Troy,Scenario description and AV safety standards work aligns with our ISO 21448 mapping,https://www.sae.org,MED,pending,,,false
USCAR,info@uscar.org,certification,Research Director,"Southfield, MI",Detroit Metro/Southfield,Pre-competitive OEM collaboration on AV safety needs shared edge-case scenario sets,https://www.uscar.org,MED,pending,,,false
Ricardo Inc,info@ricardo.com,certification,Functional Safety Manager,"Van Buren Township, MI",Willow Run Corridor,ISO 26262 and SOTIF consulting engagements need reusable edge-case scenario libraries,https://www.ricardo.com,HIGH,pending,,,false
FEV North America,info@fev.com,certification,ADAS Validation Lead,"Auburn Hills, MI",Auburn Hills Corridor,Auburn Hills benchmarking center covers ADAS and E/E and needs edge-case scenario data,https://www.fev.com,HIGH,pending,,,false
IAV Automotive Engineering,info@iav.com,certification,Functional Safety Manager,"Northville, MI",Detroit Metro/Northville,SOTIF engineering services need pre-validated triggering-condition scenario sets,https://www.iav.com,HIGH,pending,,,false
Roush Industries,info@roush.com,certification,AV Validation Lead,"Livonia, MI",Detroit Metro/Livonia,AV integration and prototype programs need structured edge-case validation content,https://www.roush.com,HIGH,pending,,,false
Expleo,info@expleo.com,adas,Functional Safety Manager,"Troy, MI",Detroit Metro/Troy,New Troy digital engineering center covers functional safety and ADAS for OEM clients,https://www.expleo.com,HIGH,pending,,,false
EDAG Inc,info@edag.com,adas,Safety Case Engineer,"Auburn Hills, MI",Auburn Hills Corridor,Vehicle development programs need SOTIF scenario evidence for customer safety cases,https://www.edag.com,MED,pending,,,false
P3 USA,info@p3-group.com,adas,ADAS Validation Lead,"Southfield, MI",Detroit Metro/Southfield,ADAS benchmarking and validation consulting needs standardized edge-case libraries,https://www.p3-group.com,MED,pending,,,false
Segula Technologies,info@segulagroup.com,adas,V&V Manager,"Troy, MI",Detroit Metro/Troy,Vehicle engineering services need reusable ADAS edge-case validation content,https://www.segulagroup.com,MED,pending,,,false
Detroit Engineered Products,info@depusa.com,adas,Simulation Engineer,"Troy, MI",Detroit Metro/Troy,CAE and simulation services can extend into ADAS scenario-based validation,https://www.depusa.com,MED,pending,,,false
Tech Mahindra,info@techmahindra.com,adas,V&V Manager,"Farmington Hills, MI",Detroit Metro,ADAS engineering delivery for OEMs needs packaged edge-case scenario content,https://www.techmahindra.com,MED,pending,,,false
L&T Technology Services,info@ltts.com,adas,ADAS Validation Lead,"Novi, MI",Novi Tech Corridor,ADAS validation practice needs reusable SOTIF scenario libraries for OEM programs,https://www.ltts.com,MED,pending,,,false
HCLTech,info@hcltech.com,adas,V&V Manager,"Novi, MI",Novi Tech Corridor,Software defined vehicle engagements need edge-case validation scenario sets,https://www.hcltech.com,MED,pending,,,false
Akkodis,info@akkodis.com,adas,ADAS Systems Engineer,"Troy, MI",Detroit Metro/Troy,Automotive engineering services need standardized ADAS edge-case test content,https://www.akkodis.com,MED,pending,,,false
RGBSI,info@rgbsi.com,adas,V&V Manager,"Troy, MI",Detroit Metro/Troy,Engineering and simulation services can bundle edge-case scenario validation,https://www.rgbsi.com,MED,pending,,,false
Wipro,info@wipro.com,adas,V&V Manager,"Southfield, MI",Detroit Metro/Southfield,Automotive engineering delivery needs ADAS edge-case scenario content for OEM clients,https://www.wipro.com,LOW,pending,,,false
Capgemini,info@capgemini.com,adas,ADAS Validation Lead,"Southfield, MI",Detroit Metro/Southfield,Intelligent industry automotive practice needs SOTIF scenario libraries,https://www.capgemini.com,LOW,pending,,,false
Accenture,info@accenture.com,adas,V&V Manager,"Detroit, MI",Detroit Metro,Industry X automotive engineering needs edge-case validation content for AV clients,https://www.accenture.com,LOW,pending,,,false
Atos Syntel,info@atos.net,adas,V&V Manager,"Troy, MI",Detroit Metro/Troy,Automotive digital engineering delivery needs ADAS scenario validation content,https://www.atos.net,LOW,pending,,,false
Stefanini,info@stefanini.com,adas,ADAS Systems Engineer,"Southfield, MI",Detroit Metro/Southfield,Automotive engineering services need edge-case scenario libraries for ADAS programs,https://www.stefanini.com,LOW,pending,,,false
Cognizant,info@cognizant.com,adas,V&V Manager,"Southfield, MI",Detroit Metro/Southfield,Connected and autonomous vehicle practice needs structured edge-case content,https://www.cognizant.com,LOW,pending,,,false
Multimatic,info@multimatic.com,adas,V&V Manager,"Livonia, MI",Detroit Metro/Livonia,Vehicle engineering and dynamics work pairs with scenario-based ADAS validation,https://www.multimatic.com,LOW,pending,,,false
Altimetrik,info@altimetrik.com,adas,Simulation Engineer,"Southfield, MI",Detroit Metro/Southfield,Automotive data engineering work can be extended with scenario validation pipelines,https://www.altimetrik.com,LOW,pending,,,false
MSX International,info@msxi.com,adas,ADAS Systems Engineer,"Southfield, MI",Detroit Metro/Southfield,Automotive technical services can extend into ADAS scenario validation support,https://www.msxi.com,LOW,pending,,,false
Tomco Service Group,Info@tomcousa.com,functionsafety,Functional Safety Manager,"Clinton Township, MI",Detroit Metro,Explicitly advertises ISO 26262 and ISO 21448 SOTIF services so our scenarios are direct project content,https://sites.google.com/view/tomcoservicegroup,HIGH,pending,,,false
Unatech Technology Solutions,sfraser@unatech.net,functionsafety,Functional Safety Manager,"Metro Detroit, MI",Detroit Metro,ASPICE and ISO 26262 compliant software work needs scenario-based validation evidence,https://unatech.net/,HIGH,pending,,,false
Omnex,info@omnex.com,functionsafety,Functional Safety Manager,"Ann Arbor, MI",Ann Arbor Area,ISO 26262 and ASPICE consulting and training needs reference SOTIF edge-case material,https://www.omnex.com,HIGH,pending,,,false
LHP Engineering Solutions,info@lhpes.com,functionsafety,Functional Safety Manager,"Pontiac, MI",Detroit Metro/Pontiac,Functional safety practice needs pre-validated edge-case scenarios for client safety cases,https://www.lhpes.com,HIGH,pending,,,false
Methodica Technologies,info@methodicatech.com,functionsafety,Safety Case Engineer,"Troy, MI",Detroit Metro/Troy,ASPICE and functional safety consulting needs reusable SOTIF scenario libraries,https://www.methodicatech.com,HIGH,pending,,,false
Karamba Security,info@karambasecurity.com,functionsafety,Safety Case Engineer,"Ann Arbor, MI",Ann Arbor Area,Automotive cyber and safety convergence needs edge-case scenarios for combined assessments,https://www.karambasecurity.com,MED,pending,,,false
Block Harbor Cybersecurity,info@blockharbor.io,functionsafety,Safety Case Engineer,"Detroit, MI",Detroit Metro,Vehicle security testing pairs with SOTIF scenario evidence for full assurance cases,https://www.blockharbor.io,MED,pending,,,false
Upstream Security,info@upstream.auto,functionsafety,Safety Case Engineer,"Ann Arbor, MI",Ann Arbor Area,Connected vehicle risk analytics benefits from structured edge-case scenario definitions,https://upstream.auto,MED,pending,,,false
University of Michigan Transportation Research Institute,info@umtri.umich.edu,research,Research Director,"Ann Arbor, MI",Ann Arbor/UMTRI,Naturalistic driving datasets pair naturally with a curated edge-case scenario library,https://umtri.umich.edu,HIGH,pending,,,false
Mcity University of Michigan,info@mcity.umich.edu,research,Research Director,"Ann Arbor, MI",Ann Arbor/Mcity,Mcity test facility and AV research programs need standardized edge-case scenarios,https://mcity.umich.edu,HIGH,pending,,,false
University of Michigan-Dearborn,info@umdearborn.edu,research,Research Director,"Dearborn, MI",Detroit Metro/Dearborn,Institute for Advanced Vehicle Systems research needs validated edge-case scenario data,https://umdearborn.edu,MED,pending,,,false
Michigan State University,info@msu.edu,research,Research Director,"East Lansing, MI",Lansing Capital Region,CANVAS autonomous vehicle research program needs structured edge-case scenarios,https://msu.edu,HIGH,pending,,,false
Wayne State University,info@wayne.edu,research,Research Director,"Detroit, MI",Detroit Metro,Bioengineering and vehicle safety research pairs with ADAS edge-case scenario work,https://wayne.edu,MED,pending,,,false
Kettering University,info@kettering.edu,research,Research Director,"Flint, MI",Flint,GM Mobility Research Center runs AV testing and needs edge-case scenario content,https://www.kettering.edu,HIGH,pending,,,false
Lawrence Technological University,info@ltu.edu,research,Research Director,"Southfield, MI",Detroit Metro/Southfield,Autonomous vehicle research and competition teams need validated scenario libraries,https://www.ltu.edu,MED,pending,,,false
Oakland University,info@oakland.edu,research,Research Director,"Rochester, MI",Detroit Metro,Automotive and robotics research programs need edge-case scenario datasets,https://www.oakland.edu,MED,pending,,,false
Michigan Technological University,info@mtu.edu,research,Research Director,"Houghton, MI",Upper Peninsula,Keweenaw Research Center winter AV testing needs adverse-condition edge cases,https://www.mtu.edu,MED,pending,,,false
Western Michigan University,info@wmich.edu,research,Research Director,"Kalamazoo, MI",West Michigan,Transportation research center work benefits from standardized AV edge-case scenarios,https://wmich.edu,LOW,pending,,,false
Grand Valley State University,info@gvsu.edu,research,Research Director,"Grand Rapids, MI",West Michigan/Grand Rapids,Automotive and mechatronics programs need AV safety scenario teaching material,https://www.gvsu.edu,LOW,pending,,,false
University of Detroit Mercy,info@udmercy.edu,research,Research Director,"Detroit, MI",Detroit Metro,Automotive engineering programs need AV safety and SOTIF scenario material,https://www.udmercy.edu,LOW,pending,,,false
Eastern Michigan University,info@emich.edu,research,Research Director,"Ypsilanti, MI",Willow Run/Ypsilanti,Proximity to ACM makes joint AV safety validation research a natural fit,https://www.emich.edu,LOW,pending,,,false
Center for Automotive Research,info@cargroup.org,research,Research Director,"Ann Arbor, MI",Ann Arbor Area,AV policy and technology research needs a concrete edge-case scenario reference,https://www.cargroup.org,HIGH,pending,,,false
MICHauto,info@michauto.org,research,Research Director,"Detroit, MI",Detroit/Corktown,Michigan mobility industry association can route edge-case scenario tooling to members,https://www.michauto.org,MED,pending,,,false
Michigan Economic Development Corporation,info@michiganbusiness.org,research,Research Director,"Lansing, MI",Lansing Capital Region,Office of Future Mobility supports AV deployment needing standardized safety evidence,https://www.michiganbusiness.org,MED,pending,,,false
Michigan Department of Transportation,info@michigan.gov,research,Safety Case Engineer,"Lansing, MI",Lansing Capital Region,CAV corridor programs need standardized edge-case scenarios for deployment approval,https://www.michigan.gov/mdot,MED,pending,,,false
NextEnergy,info@nextenergy.org,research,Research Director,"Detroit, MI",Detroit Metro,Detroit Smart Parking Lab runs autonomous movement pilots needing scenario validation,https://www.nextenergy.org,MED,pending,,,false
Michigan Central,info@michigancentral.com,research,Research Director,"Detroit, MI",Detroit/Corktown,Corktown mobility innovation district hosts AV startups needing safety case support,https://michigancentral.com,HIGH,pending,,,false
Newlab at Michigan Central,info@newlab.com,research,Research Director,"Detroit, MI",Detroit/Corktown,Mobility startup studio members need affordable edge-case scenario libraries,https://newlab.com,HIGH,pending,,,false
Ann Arbor SPARK,info@annarborusa.org,research,Research Director,"Ann Arbor, MI",Ann Arbor Area,Mobility cluster convener can introduce scenario tooling to portfolio companies,https://annarborusa.org,MED,pending,,,false
DEVCOM Ground Vehicle Systems Center,info@army.mil,research,Director of Autonomy,"Warren, MI",Detroit Metro/Warren,Autonomous ground vehicle research needs structured edge-case scenario libraries,https://www.army.mil,HIGH,pending,,,false
SEMCOG,info@semcog.org,research,Safety Case Engineer,"Detroit, MI",Detroit Metro,Regional transportation safety planning benefits from AV conflict edge-case data,https://semcog.org,LOW,pending,,,false
ITS Michigan,info@itsmichigan.org,research,Research Director,"Lansing, MI",Lansing Capital Region,Intelligent transportation community needs shared AV edge-case scenario standards,https://www.itsmichigan.org,LOW,pending,,,false
MEMA,info@mema.org,research,Research Director,"Southfield, MI",Detroit Metro/Southfield,Supplier association members need practical SOTIF validation resources,https://www.mema.org,MED,pending,,,false
Washtenaw Community College,info@wccnet.edu,research,Research Director,"Ann Arbor, MI",Ann Arbor Area,Advanced transportation center training could use AV safety scenario curriculum,https://www.wccnet.edu,LOW,pending,,,false
Macomb Community College,info@macomb.edu,research,Research Director,"Warren, MI",Detroit Metro/Warren,Autonomous technology workforce programs need AV safety scenario teaching content,https://www.macomb.edu,LOW,pending,,,false
Ferris State University,info@ferris.edu,research,Research Director,"Big Rapids, MI",West Michigan,Automotive engineering technology programs need ADAS validation teaching material,https://www.ferris.edu,LOW,pending,,,false
Saginaw Valley State University,info@svsu.edu,research,Research Director,"University Center, MI",Mid-Michigan,Engineering programs near Nexteer need ADAS safety scenario curriculum,https://www.svsu.edu,LOW,pending,,,false
Suburban Mobility Authority for Regional Transportation,info@smartbus.org,research,Safety Case Engineer,"Detroit, MI",Detroit Metro,Transit AV pilots need documented edge-case safety evidence before public deployment,https://www.smartbus.org,MED,pending,,,false
Ann Arbor Area Transportation Authority,info@theride.org,research,Safety Case Engineer,"Ann Arbor, MI",Ann Arbor Area,A2GO AV shuttle partnership needs independent edge-case safety validation,https://www.theride.org,MED,pending,,,false
Capital Area Transportation Authority,info@cata.org,research,Safety Case Engineer,"Lansing, MI",Lansing Capital Region,Autonomous shuttle pilots need documented SOTIF evidence for rider safety,https://cata.org,MED,pending,,,false
The Rapid,info@ridetherapid.org,research,Safety Case Engineer,"Grand Rapids, MI",West Michigan/Grand Rapids,Grand Rapids AV shuttle pilot experience needs structured edge-case validation,https://www.ridetherapid.org,MED,pending,,,false
Detroit Department of Transportation,info@detroitmi.gov,research,Safety Case Engineer,"Detroit, MI",Detroit Metro,City AV and mobility pilots need edge-case safety evidence for public roads,https://detroitmi.gov,LOW,pending,,,false
The Auto Club Group,info@aaa.com,research,Research Director,"Dearborn, MI",Detroit Metro/Dearborn,AAA publishes ADAS performance testing and needs standardized edge-case scenarios,https://www.aaa.com,MED,pending,,,false
Auto-Owners Insurance,info@auto-owners.com,research,Research Director,"Lansing, MI",Lansing Capital Region,ADAS risk modeling for underwriting benefits from real edge-case performance data,https://www.auto-owners.com,LOW,pending,,,false
Orbbec,business@orbbec.com,tier1,Perception Engineer,"Troy, MI",Detroit Metro/Troy,3D cameras and lidar for AD perception need validated edge-case scenarios for SOTIF triggering conditions,https://www.orbbec.com,MED,pending,,,false
A&D Technology,contact@aanddtech.com,sim_tool,Test Systems Engineer,"Ann Arbor, MI",Ann Arbor/Green Rd,ADX and Procyon HiL tools need ADAS edge-case scenario content for customer test labs,https://aanddtech.com/applications/development,MED,pending,,,false
Wineman Technology,sales@winemantech.com,sim_tool,Test Systems Engineer,"Saginaw, MI",Detroit Metro/Saginaw,Test automation and HiL systems for powertrain and ADAS need scenario-driven validation content,https://www.winemantech.com,MED,pending,,,false
Realtime Technologies,info@simcreator.com,sim_tool,Simulation Engineer,"Ann Arbor, MI",Ann Arbor/Green Rd,SimCreator driving simulators need ready-to-run ADAS edge-case scenarios for research programs,https://www.simcreator.com/drive,MED,pending,,,false
RLE International USA,info@rleinternational.com,adas,Functional Safety Manager,"Romulus, MI",Detroit Metro/Romulus,Automotive engineering and functional safety services need edge-case scenario content for client safety cases,https://www.rleinternational.com,MED,pending,,,false
Cepton,info@cepton.com,tier1,Perception Engineer,"Troy, MI",Detroit Metro/Troy,Auto-grade lidar for Ultra Cruise needs perception edge cases for SOTIF validation,https://www.cepton.com,MED,pending,,,false
Benteler Automotive,info@benteler.com,tier1,Functional Safety Manager,"Auburn Hills, MI",Auburn Hills Corridor,Chassis and e-mobility systems feeding AV platforms need safety-critical scenario validation,https://www.benteler.com,MED,pending,,,false
thyssenkrupp Presta North America,presta@thyssenkrupp.com,tier1,Functional Safety Manager,"Troy, MI",Detroit Metro/Troy,Electric power steering is a core UN-R157 SOTIF interface our edge-case library targets,https://www.thyssenkrupp-automotive-technology.com,MED,pending,,,false
IAC Group,info@iac-group.com,tier1,ADAS Systems Engineer,"Troy, MI",Detroit Metro/Troy,Interior and cockpit systems for AV cabins need occupant-state edge-case scenarios,https://www.iac-group.com,LOW,pending,,,false
Grammer Americas,info@grammer.com,tier1,Functional Safety Manager,"Troy, MI",Detroit Metro/Troy,Commercial vehicle seats with driver-monitoring interfaces need new hazard scenarios,https://www.grammer.com,LOW,pending,,,false
Brembo North America,info@brembo.com,tier1,Functional Safety Manager,"Plymouth, MI",Detroit Metro/Plymouth,Brake-by-wire systems for automated driving need ISO 26262 scenario evidence,https://www.brembo.com,LOW,pending,,,false
MGA Research,info@mgaresearch.com,certification,V&V Manager,"Troy, MI",Detroit Metro/Troy,Crash and ADAS test house can bundle our 23 edge-case scenarios into certification packages,https://www.mgaresearch.com,MED,pending,,,false
SGS,info@sgs.com,certification,Functional Safety Manager,"Auburn Hills, MI",Auburn Hills Corridor,Automotive homologation and functional safety services need SOTIF scenario reference sets,https://www.sgs.com,MED,pending,,,false
NVIDIA,info@nvidia.com,sim_tool,Simulation Engineer,"Ann Arbor, MI",Ann Arbor Area,DRIVE Sim users need curated SOTIF edge-case scenario content for AV training,https://www.nvidia.com,MED,pending,,,false
GKN Automotive,info@gknautomotive.com,tier1,Functional Safety Manager,"Auburn Hills, MI",Auburn Hills Corridor,E-motor and e-drive systems for AV platforms need safety-critical scenario validation,https://www.gknautomotive.com,MED,pending,,,false
Meritor / Cummins Meritor,info@meritor.com,tier1,Functional Safety Manager,"Troy, MI",Detroit Metro/Troy,Electric axle and braking systems for commercial AV need ISO 26262 scenario evidence,https://www.meritor.com,LOW,pending,,,false
Alten Technology USA,info@alten.com,adas,ADAS Validation Lead,"Plymouth, MI",Detroit Metro/Plymouth,Engineering services for OEM ADAS programs need packaged edge-case scenario libraries,https://www.alten.com,MED,pending,,,false
Comau LLC,info@comau.com,tier1,Test Engineering Manager,"Southfield, MI",Detroit Metro/Southfield,Robotics and e-mobility assembly for AV lines need functional safety validation content,https://www.comau.com,LOW,pending,,,false
Durr,info@durr.com,sim_tool,Test Engineering Manager,"Auburn Hills, MI",Auburn Hills Corridor,x-DASalign and test systems pair with ADAS calibration edge-case scenarios,https://www.durr.com,MED,pending,,,false
SMR Automotive Mirrors,info@smr.com,tier1,ADAS Systems Engineer,"Sterling Heights, MI",Detroit Metro/Sterling Heights,Camera-monitor and actuator mirror systems need adverse-condition perception scenarios,https://www.smr.com,LOW,pending,,,false
Bureau Veritas,info@bureauveritas.com,certification,Functional Safety Manager,"Auburn Hills, MI",Auburn Hills Corridor,Detroit automotive lab offers V2X EMC and connected-car testing that pairs with our scenario library,https://www.cps.bureauveritas.com,MED,pending,,,false
Averna,info@averna.com,sim_tool,Test Engineering Manager,"Novi, MI",Novi Tech Corridor,Test and measurement automation for ADAS ECUs needs scenario-based validation content,https://www.averna.com,MED,pending,,,false
Tata Elxsi,info@tataelxsi.com,adas,AV Validation Lead,"Troy, MI",Detroit Metro/Troy,ADAS and autonomous driving engineering services need reusable SOTIF scenario libraries,https://www.tataelxsi.com,MED,pending,,,false
Cyient,info@cyient.com,adas,V&V Manager,"Northville, MI",Detroit Metro/Northville,Mobility and ADAS engineering delivery needs edge-case validation scenario sets,https://www.cyient.com,MED,pending,,,false
Quest Global,info@questglobal.com,adas,ADAS Validation Lead,"Northville, MI",Detroit Metro/Northville,Automotive engineering services for OEMs need packaged SOTIF scenario content,https://www.questglobal.com,MED,pending,,,false
Luminar Technologies,info@luminartech.com,tier1,Perception Engineer,"Detroit, MI",Detroit Metro,Iris lidar for series production ADAS needs perception edge cases for SOTIF validation,https://www.luminartech.com,MED,pending,,,false
Inalfa Roof Systems,info@inalfa.com,tier1,ADAS Systems Engineer,"Auburn Hills, MI",Auburn Hills Corridor,Roof-integrated sensor pods for AVs need environmental and soiling edge cases,https://www.inalfa.com,LOW,pending,,,false
Sonatus,info@sonatus.com,tier1,Software Defined Vehicle Lead,"Novi, MI",Novi Tech Corridor,SDV software platform collects vehicle data that pairs with edge-case scenario analytics,https://www.sonatus.com,MED,pending,,,false
Linamar McLaren Engineering,info@linamar.com,tier1,Functional Safety Manager,"Livonia, MI",Detroit Metro/Livonia,Driveline and McLaren Engineering ADAS content needs safety-critical scenario validation,https://www.linamar.com,LOW,pending,,,false
Innoviz Technologies,info@innoviz.tech,tier1,Perception Engineer,"Troy, MI",Detroit Metro/Troy,Automotive lidar for series ADAS needs validated edge-case perception scenarios,https://www.innoviz.tech,MED,pending,,,false
Foretellix,info@foretellix.com,sim_tool,V&V Manager,"Detroit, MI",Detroit Metro,Scenario generation and coverage-driven V&V platform needs curated SOTIF edge-case content,https://www.foretellix.com,MED,pending,,,false
DNV,info@dnv.com,certification,Functional Safety Manager,"Detroit, MI",Detroit Metro,ISO 26262 and SOTIF assurance services need reference edge-case scenario libraries,https://www.dnv.com,MED,pending,,,false
HERE Technologies,info@here.com,tier1,Mapping Engineer,"Novi, MI",Novi Tech Corridor,HD Live Map and sensor-fusion layers pair with edge-case scenario definitions for AV stacks,https://www.here.com,MED,pending,,,false
Technica Engineering,info@technica-engineering.de,adas,ADAS Test Lead,"Novi, MI",Novi Tech Corridor,E/E and ADAS testing prototypes need scenario-based validation content,https://www.technica-engineering.de,MED,pending,,,false
ZongMu Technology,info@zongmutech.com,tier1,ADAS Systems Engineer,"Novi, MI",Novi Tech Corridor,AVP and APA parking ADAS R&D center needs edge-case scenarios for NCAP and validation,https://www.zongmutech.com,MED,pending,,,false
Bendix Commercial Vehicle Systems,info@bendix.com,tier1,ADAS Validation Lead,"Kalamazoo, MI",West Michigan/Kalamazoo,Commercial-vehicle collision mitigation and lane-departure ADAS need SOTIF edge-case coverage,https://www.bendix.com,MED,pending,,,false
Soltis Advisors,michigan@soltisadvisors.com,functionsafety,Functional Safety Manager,"Novi, MI",Novi Tech Corridor,Functional safety and ASPICE consulting needs ready SOTIF scenario material for client engagements,https://soltisadvisors.com/locations/michigan/,MED,pending,,,false
Toyota Connected North America,info@toyotaconnected.com,oem,Connected Vehicle Safety Lead,"Plano, TX",Dallas-Plano Legacy West,Connected/ADAS feature validation can reuse pre-built UN-R157 scenario sets,https://www.toyotaconnected.com/,MED,pending,,,false
Tesla,info@tesla.com,oem,Autopilot Simulation Engineer,"Austin, TX",Austin-Gigafactory Texas,FSD/robotaxi expansion in TX raises need for regression-grade edge-case scenario libraries,https://www.tesla.com/,HIGH,pending,,,false
Peterbilt Motors Company,internetproducer@paccar.com,oem,Functional Safety Manager,"Denton, TX",Dallas-Denton,Class 8 ADAS (collision mitigation lane keep) needs ISO 21448 scenario coverage for sign-off,https://www.peterbilt.com/,HIGH,pending,,,false
Caterpillar Inc.,info@cat.com,oem,Autonomy Safety Engineer,"Irving, TX",Dallas-Irving HQ,Cat autonomous haulage safety case benefits from structured edge-case scenario catalogues,https://www.caterpillar.com/,MED,pending,,,false
Volvo Autonomous Solutions,info@volvoautonomoussolutions.com,av_operator,Safety Case Manager,"Fort Worth, TX",Dallas-Fort Worth Near Southside,Driver-out VNL Autonomous on I-45/I-20 needs auditable SOTIF edge-case evidence,https://www.volvoautonomoussolutions.com/,HIGH,pending,,,false
Gatik,info@gatik.ai,av_operator,AV Safety Engineer,"Fort Worth, TX",Dallas-AllianceTexas MIZ,Freight-only driver-out middle-mile ops need urban and surface-street edge-case coverage,https://gatik.ai/,HIGH,pending,,,false
Waabi,info@waabi.ai,av_operator,Simulation Engineer,"Dallas, TX",Dallas-Autonomous Truck Terminal,Simulation-first validation approach pairs naturally with external edge-case scenario libraries,https://waabi.ai/,HIGH,pending,,,false
Einride,info@einride.tech,av_operator,Safety Validation Lead,"Austin, TX",Austin-SH130 Corridor Testbed,SH130 safety-validation testbed needs standardised highway edge-case scenarios,https://www.einride.tech/,MED,pending,,,false
Avride,info@avride.ai,av_operator,AV Validation Lead,"Austin, TX",Austin-HQ,Austin-based robotaxi and delivery autonomy needs VRU-heavy urban edge cases,https://avride.ai/,HIGH,pending,,,false
Uber Technologies,support@uber.com,av_operator,Autonomous Fleet Safety Lead,"Houston, TX",Houston-Robotaxi Depot,50k sqft Houston AV depot programme needs third-party scenario validation for partner stacks,https://www.uber.com/,MED,pending,,,false
Pronto.ai,info@pronto.ai,av_operator,Autonomy Safety Engineer,"Midland, TX",West Texas-Permian Basin,Off-highway autonomous haulage in the Permian needs structured hazard scenario libraries,https://pronto.ai/,LOW,pending,,,false
Atlas Energy Solutions,info@atlas.energy,av_operator,Autonomous Fleet Manager,"Austin, TX",Austin-HQ,Operates driverless Kodiak trucks in the Permian and owns operational safety risk,https://www.atlas.energy/,MED,pending,,,false
Texas Instruments,info@ti.com,tier1,ADAS Systems Engineer,"Dallas, TX",Dallas-HQ,ADAS processor and radar reference designs need scenario-based perception validation,https://www.ti.com/,HIGH,pending,,,false
Advanced Micro Devices,info@amd.com,tier1,Automotive Platform Engineer,"Austin, TX",Austin-Campus,Automotive compute and sensor-fusion platforms need perception validation scenarios,https://www.amd.com/,LOW,pending,,,false
Arm,info@arm.com,tier1,Automotive Systems Architect,"Austin, TX",Austin-Encino Trace Campus,Automotive-grade compute IP needs safety-relevant workload and scenario validation,https://www.arm.com/,MED,pending,,,false
Qualcomm,info@qualcomm.com,tier1,ADAS Validation Manager,"Austin, TX",Austin-Engineering Office,Snapdragon Ride stack validation needs independent edge-case scenario coverage,https://www.qualcomm.com/,MED,pending,,,false
Samsung Austin Semiconductor,info@samsungaustinsemiconductor.com,tier1,Automotive Quality Engineer,"Austin, TX",Austin-East Austin Fab,Automotive silicon customers demand traceable functional-safety validation evidence,https://www.samsungaustinsemiconductor.com/,LOW,pending,,,false
Teradyne,info@teradyne.com,certification,Automotive Test Engineer,"Austin, TX",Austin-Office,Automotive semiconductor test flows benefit from scenario-linked validation datasets,https://www.teradyne.com/,LOW,pending,,,false
Cadence Design Systems,info@cadence.com,sim_tool,Automotive Solutions Engineer,"Austin, TX",Austin-Campus,Automotive verification flows increasingly need system-level driving scenario context,https://www.cadence.com/,LOW,pending,,,false
Spirent Communications,info@spirent.com,sim_tool,Positioning Test Engineer,"Plano, TX",Dallas-Plano Office,GNSS and sensor test portfolio pairs with edge-case scenarios for AV positioning integrity,https://www.spirent.com/,MED,pending,,,false
Unity Technologies,info@unity.com,sim_tool,Simulation Solutions Lead,"Austin, TX",Austin-Office,Real-time 3D simulation customers in mobility need validated driving scenario content,https://unity.com/,LOW,pending,,,false
Dell Technologies,info@dell.com,sim_tool,Automotive Solutions Architect,"Round Rock, TX",Austin-Round Rock HQ,SDV and AV compute customers need reference simulation workloads and scenario data,https://www.dell.com/,LOW,pending,,,false
Southwest Research Institute,ask@swri.org,research,Automated Vehicle Research Manager,"San Antonio, TX",San Antonio-Culebra Road Campus,Texas AV Proving Ground member; edge-case scenario libraries strengthen client V&V programmes,https://www.swri.org/,HIGH,pending,,,false
Texas A&M Transportation Institute,B-Griffith@tti.tamu.edu,research,Proving Ground Program Manager,"Bryan, TX",College Station-RELLIS Proving Grounds,University-based AV proving ground can pair physical crash testing with virtual edge cases,https://crashtesting.tti.tamu.edu/,HIGH,pending,,,false
UT Austin Center for Transportation Research,ctr@austin.utexas.edu,research,AV Research Program Manager,"Austin, TX",Austin-Pickle Research Campus,Texas AV Proving Ground partner; scenario datasets support AV safety research programmes,https://ctr.utexas.edu/,HIGH,pending,,,false
University of Texas at Arlington,uta@uta.edu,research,Autonomous Systems Research Lead,"Arlington, TX",Dallas-UTA Campus Testbed,UTA campus AV testbed and Arlington shuttle programme need documented edge-case coverage,https://www.uta.edu/,MED,pending,,,false
University of Houston,info@uh.edu,research,Transportation Research Director,"Houston, TX",Houston-UH Main Campus,Houston AV deployments create demand for independent scenario-based safety analysis,https://www.uh.edu/,MED,pending,,,false
Rice University,info@rice.edu,research,Robotics Research Lead,"Houston, TX",Houston-Rice Campus,Robotics and autonomy research groups need reproducible safety-critical scenario benchmarks,https://www.rice.edu/,LOW,pending,,,false
Southern Methodist University,info@smu.edu,research,Engineering Research Lead,"Dallas, TX",Dallas-Lyle School of Engineering,Lyle School autonomy research benefits from standardised edge-case scenario benchmarks,https://www.smu.edu/,LOW,pending,,,false
University of Texas at San Antonio,info@utsa.edu,research,Autonomous Systems Research Lead,"San Antonio, TX",San Antonio-UTSA Main Campus,AV safety research aligned with Texas AV Proving Ground partner network,https://www.utsa.edu/,LOW,pending,,,false
University of North Texas,info@unt.edu,research,Engineering Research Lead,"Denton, TX",Dallas-Denton UNT Campus,Proximity to Peterbilt and DFW AV cluster creates applied AV safety research demand,https://www.unt.edu/,LOW,pending,,,false
ABS Group,info@abs-group.com,functionsafety,Functional Safety Consultant,"Spring, TX",Houston-Spring HQ,Functional-safety and risk consultancy expanding into autonomy needs scenario-based evidence,https://www.abs-group.com/,LOW,pending,,,false
Hillwood,info@hillwood.com,research,Mobility Innovation Director,"Fort Worth, TX",Dallas-AllianceTexas Mobility Innovation Zone,MIZ hosts AV developers; scenario libraries add a validation service layer to the zone,https://www.hillwood.com/,MED,pending,,,false
BNSF Railway,info@bnsf.com,research,Autonomous Freight Program Lead,"Fort Worth, TX",Dallas-Alliance Logistics District,Alliance Logistics District autonomous cargo roadways need documented safety scenarios,https://www.bnsf.com/,LOW,pending,,,false
North Central Texas Council of Governments,info@nctcog.org,research,AV Program Manager,"Arlington, TX",Dallas-NCTCOG Offices,Regional AV 2.0 programme needs independent edge-case safety evidence from deployers,https://www.nctcog.org/,MED,pending,,,false
Texas Department of Transportation,info@txdot.gov,research,Connected and Automated Vehicle Lead,"Austin, TX",Austin-TxDOT HQ,State AV task force needs scenario-based benchmarks to assess deployer safety claims,https://www.txdot.gov/,MED,pending,,,false
Metropolitan Transit Authority of Harris County,info@ridemetro.org,research,Innovation and Technology Manager,"Houston, TX",Houston-METRO HQ,HOV/transit AV pilots need documented edge-case coverage before public deployment,https://www.ridemetro.org/,LOW,pending,,,false
Capital Metro,info@capmetro.org,research,Transit Technology Manager,"Austin, TX",Austin-CapMetro HQ,Austin transit automation pilots need independent scenario-based safety assessment,https://www.capmetro.org/,LOW,pending,,,false
Dallas Area Rapid Transit,info@dart.org,research,Innovation Program Manager,"Dallas, TX",Dallas-DART HQ,Transit AV pilots in Dallas need edge-case validation evidence for public safety case,https://www.dart.org/,LOW,pending,,,false
SH 130 Concession Company,info@mysh130.com,research,Corridor Operations Manager,"Austin, TX",Austin-SH130 Segments 5-6,Hosts Einride AV safety-validation testbed; scenario data supports corridor risk assessment,https://www.mysh130.com/,LOW,pending,,,false
Ryder System,info@ryder.com,av_operator,Fleet Safety Manager,"Houston, TX",Houston-Truck Port,Hosts Kodiak truck port operations and carries operational safety exposure,https://www.ryder.com/,LOW,pending,,,false
Hyliion,info@hyliion.com,tier1,Vehicle Controls Safety Engineer,"Cedar Park, TX",Austin-Cedar Park HQ,Class 8 powertrain controls validation overlaps with ADAS functional-safety workflows,https://www.hyliion.com/,LOW,pending,,,false
枢途科技,shutukeji@gly-ai.com,varied,算法苏工,深圳,华强科技生态园,现成海外城镇CARLA场景+车流数据集，省去自研搭建,原表xlsx:华强科技生态园,MED,pending,,,false
智坤动力,zhikundongli@gly-ai.com,varied,研发潘工,深圳,华强科技生态园,园区低速无人车避障/路线CARLA场景，快速测试,原表xlsx:华强科技生态园,MED,pending,,,false
速博达智能,suboda@gly-ai.com,varied,项目谢工,深圳,华强科技生态园,多光照/昼夜/雨天感知仿真图像素材，月度补货,原表xlsx:华强科技生态园,MED,pending,,,false
光明道途规划工作室,gm-traffic-studio@gly-ai.com,varied,创始人刘工,深圳,华强科技生态园,乡村/市政虚拟车流仿真视频+可视化图表，长期稳定,原表xlsx:华强科技生态园,MED,pending,,,false
万屏时代,wanpingshidai@gly-ai.com,varied,商务周工,深圳,华强科技生态园,智慧城市大屏动态车流录屏/静态场景，标准化,原表xlsx:华强科技生态园,MED,pending,,,false
纳智传感科技,nazhisensing@gly-ai.com,varied,研发黄工,深圳,华强科技生态园,城市道路/高速简易CARLA环境，送检佐证,原表xlsx:华强科技生态园,MED,pending,,,false
塔其米智能,taqimi@gly-ai.com,varied,交互研发郑工,深圳,华强科技生态园,简易CARLA驾驶场景做HMI界面配套演示,原表xlsx:华强科技生态园,MED,pending,,,false
深圳智途科创有限公司,zhitu-incubate@gly-ai.com,eng,技术王工,深圳,华强科技生态园,加州圣何塞/圣莫尼卡预制场景+数据管道，投标赶节点,原表xlsx:华强科技生态园,HIGH,pending,,,false
深圳车联智控科技有限公司,chelian-incubate@gly-ai.com,tier1,测试部张经理,深圳,华强科技生态园,多光照/车流仿真图片，零部件送检报告,原表xlsx:华强科技生态园,MED,pending,,,false
光明交通数据工坊,traffic-workshop@gly-ai.com,varied,项目陈工,深圳,华强科技生态园,交通规划仿真效果图+车流CSV，政府汇报,原表xlsx:华强科技生态园,LOW,pending,,,false
深大光明交通工程实验室,sztu-transport-lab@gly-ai.com,varied,周老师(实验室导师),深圳,华强科技生态园,毕设/课程海外CARLA场景+简易教程，降教学成本,原表xlsx:华强科技生态园,LOW,pending,,,false
星途智能网联,business@xingtu-iv.com,av_operator,商务李经理,深圳,华强科技生态园,海外城市仿真数据集，月度持续采购,www.xingtu-iv.com,HIGH,pending,,,false
前海智行仿真,contact@qianhai-sim.com,sim,商务总监林总,深圳,华强科技生态园,海外预制场景/数据集外包，补自有算力不足,www.qianhai-sim.com,HIGH,pending,,,false
深光明新能源车辆研究院,ev-research-gm@gly-ai.com,varied,科研对接人罗老师,深圳,华强科技生态园,新能源商用车多坡度/多路况海外场景，能耗实验,原表xlsx:华强科技生态园,MED,pending,,,false
为思润华科技,weisirunhua@gly-ai.com,varied,数据总监蔡工,深圳,华强科技生态园,ArcGIS路网轻量化导入CARLA基础场景,原表xlsx:华强科技生态园,MED,pending,,,false
明城地理信息科技,service@mcgis-tech.com,varied,技术总监吴工,深圳,华强科技生态园,ArcGIS与CARLA融合定制，数字孪生道路,www.mcgis-tech.com,MED,pending,,,false
光科人机交互实验室,hmi-gly-lab@gly-ai.com,varied,项目郑工,深圳,华强科技生态园,SSVEP脑机驾驶协同CARLA仿真载体,原表xlsx:华强科技生态园,MED,pending,,,false
Hino Motors Sales U.S.A.,info@hino.com,oem,ADAS Validation Lead,"Novi, MI",Novi Tech Corridor,Commercial truck active-safety content needs heavy-vehicle edge cases for FMVSS and SOTIF sign-off,https://www.hino.com,MED,pending,,,false
Detroit Diesel Corporation,info@demanddetroit.com,oem,Functional Safety Manager,"Detroit, MI",Detroit Metro,Detroit Assurance ADAS suite needs reproducible truck edge-case scenarios for safety-case evidence,https://demanddetroit.com,MED,pending,,,false
GM Defense,info@gmdefensellc.com,oem,Director of Autonomy,"Warren, MI",Detroit Metro/Warren,Autonomy-ready military platforms need structured edge-case scenarios for release approval,https://www.gmdefensellc.com,MED,pending,,,false
HELLA Corporate Center USA,info@hella.com,tier1,ADAS Systems Engineer,"Plymouth, MI",Detroit Metro/Plymouth,Radar and adaptive lighting programs need SOTIF triggering-condition scenarios for OEM sign-off,https://www.hella.com,HIGH,pending,,,false
Akebono Brake Corporation,info@akebonobrakes.com,tier1,Functional Safety Manager,"Farmington Hills, MI",Detroit Metro,AEB-relevant friction and brake control work needs deceleration edge cases for NCAP correlation,https://akebonobrakes.com,MED,pending,,,false
North American Lighting,info@nal.com,tier1,ADAS Validation Lead,"Farmington Hills, MI",Detroit Metro,Adaptive driving beam validation needs night glare and oncoming-traffic edge cases,https://www.nal.com,MED,pending,,,false
AGC Automotive Americas,collaborate.na@agc.com,tier1,ADAS Systems Engineer,"Ypsilanti, MI",Willow Run/Ypsilanti,Windshield optics and sensor glazing are real SOTIF triggering conditions for camera perception,https://www.agc-automotive.com/en/contact/general-inquiry,HIGH,pending,,,false
Dynamic Map Platform North America,info@dmp-maps.com,tier1,AV Validation Lead,"Livonia, MI",Detroit Metro/Livonia,HD maps behind Super Cruise need map-mismatch edge cases for hands-free safety cases,https://dmp-maps.com,HIGH,pending,,,false
MicroVision,info@microvision.com,tier1,Perception Engineer,"Detroit, MI",Detroit Metro,MAVIN lidar and Ibeo perception heritage need validated edge-case scenarios for SOTIF,https://ir.microvision.com/company-information,HIGH,pending,,,false
New Eagle,info@neweagle.net,tier1,Functional Safety Manager,"Ann Arbor, MI",Ann Arbor Area,Raptor controllers on autonomous and off-highway platforms need scenario-based safety evidence,https://www.neweagle.net,HIGH,pending,,,false
Smart Eye,info@smarteye.se,tier1,ADAS Systems Engineer,"Detroit, MI",Detroit Metro,Driver monitoring is central to UN-R157 availability logic and needs driver-state edge cases,https://smarteye.se,HIGH,pending,,,false
Ficosa North America,info@ficosa.com,tier1,ADAS Systems Engineer,"Madison Heights, MI",Detroit Metro/Madison Heights,Camera monitoring systems and ADAS sensing need adverse-condition perception edge cases,https://www.ficosa.com,MED,pending,,,false
Lacks Enterprises,info@lacksenterprises.com,tier1,ADAS Systems Engineer,"Grand Rapids, MI",West Michigan/Grand Rapids,Radar-transparent grille and emblem trim directly affects radar performance in edge-case conditions,https://www.lacksenterprises.com,MED,pending,,,false
Shape Corp,info@shapecorp.com,tier1,Safety Case Engineer,"Grand Haven, MI",West Michigan/Grand Haven,Sensor-integrated bumper systems need impact and misalignment edge cases for ADAS validation,https://www.shapecorp.com,MED,pending,,,false
Stanley Electric U.S.,info@stanley-electric.com,tier1,ADAS Validation Lead,"Farmington Hills, MI",Detroit Metro,Adaptive lighting and sensing modules need glare and night VRU edge cases,https://www.stanley-electric.com,LOW,pending,,,false
TRICO Products,info@tricoproducts.com,tier1,ADAS Systems Engineer,"Rochester Hills, MI",Detroit Metro/Rochester Hills,Wiper performance directly drives camera visibility in the rain edge cases we ship,https://www.tricoproducts.com,LOW,pending,,,false
Flex Automotive,info@flex.com,tier1,Functional Safety Manager,"Novi, MI",Novi Tech Corridor,ADAS ECU and radar module programs need system-level SOTIF scenario evidence,https://flex.com,MED,pending,,,false
Fori Automation,info@foriauto.com,tier1,Test Engineering Manager,"Shelby Township, MI",Detroit Metro/Shelby Township,ADAS end-of-line calibration and AGV systems need scenario-based acceptance criteria,https://www.foriauto.com,MED,pending,,,false
JR Automation,info@jrautomation.com,tier1,Test Engineering Manager,"Holland, MI",West Michigan/Holland,End-of-line ADAS sensor calibration cells benefit from scenario-derived validation criteria,https://www.jrautomation.com,MED,pending,,,false
Applied Manufacturing Technologies,info@appliedmfg.com,tier1,Safety Case Engineer,"Orion Township, MI",Detroit Metro/Orion,Autonomous mobile robot integration needs structured hazard and edge-case analysis,https://www.appliedmfg.com,LOW,pending,,,false
Dematic,info@dematic.com,tier1,Safety Case Engineer,"Grand Rapids, MI",West Michigan/Grand Rapids,AGV and AMR fleets need hazard scenarios shared with automotive autonomy safety practice,https://www.dematic.com,LOW,pending,,,false
ADAC Automotive,info@adacautomotive.com,tier1,ADAS Systems Engineer,"Grand Rapids, MI",West Michigan/Grand Rapids,Camera-integrated handles and mirrors need soiling and low-light perception edge cases,https://www.adacautomotive.com,LOW,pending,,,false
BASF Automotive Coatings,info@basf.com,tier1,ADAS Systems Engineer,"Southfield, MI",Detroit Metro/Southfield,Lidar-detectable dark coatings are a documented perception triggering condition worth scenario testing,https://www.basf.com,LOW,pending,,,false
Dow,info@dow.com,tier1,ADAS Systems Engineer,"Midland, MI",Mid-Michigan/Midland,Sensor bonding and optical materials affect lidar and radar performance in soiling edge cases,https://www.dow.com,LOW,pending,,,false
TI Fluid Systems,info@tifluidsystems.com,tier1,Functional Safety Manager,"Auburn Hills, MI",Auburn Hills Corridor,Thermal management for AV compute stacks needs degradation scenarios for safety analysis,https://www.tifluidsystems.com,LOW,pending,,,false
Autoneum North America,info@autoneum.com,tier1,ADAS Systems Engineer,"Novi, MI",Novi Tech Corridor,Cabin and exterior acoustics affect emergency-vehicle sound detection edge cases,https://www.autoneum.com,LOW,pending,,,false
Gestamp North America,info@gestamp.com,tier1,Safety Case Engineer,"Auburn Hills, MI",Auburn Hills Corridor,Crash structures must be argued together with active safety in a combined safety case,https://www.gestamp.com,LOW,pending,,,false
Freudenberg-NOK Sealing Technologies,info@fnst.com,tier1,ADAS Systems Engineer,"Plymouth, MI",Detroit Metro/Plymouth,Sensor housing sealing affects lidar and radar integrity in moisture and soiling edge cases,https://www.fnst.com,LOW,pending,,,false
Latitude AI,info@latitude.ai,av_operator,AV Validation Lead,"Dearborn, MI",Detroit Metro/Dearborn,Hands-off eyes-off L3 development needs an independent edge-case regression library for the safety case,https://www.latitude.ai,HIGH,pending,,,false
Traxen,info@traxen.com,av_operator,ADAS Validation Lead,"Plymouth, MI",Detroit Metro/Plymouth,iQ-Cruise predictive cruise for trucks needs edge-case scenarios for release validation,https://www.traxen.com,MED,pending,,,false
Cybernet Systems Corporation,info@cybernet.com,av_operator,Director of Autonomy,"Ann Arbor, MI",Ann Arbor Area,Autonomous ground vehicle and perception programs need structured edge-case scenario sets,https://www.cybernet.com,MED,pending,,,false
SAIC,info@saic.com,av_operator,Director of Autonomy,"Warren, MI",Detroit Metro/Warren,Ground vehicle autonomy support at Detroit Arsenal needs reusable edge-case scenario libraries,https://www.saic.com,MED,pending,,,false
Ricardo Defense,info@ricardodefense.com,av_operator,Safety Case Engineer,"Troy, MI",Detroit Metro/Troy,Military ground vehicle autonomy needs scenario-based safety argumentation,https://www.ricardodefense.com,MED,pending,,,false
Bedestrian,info@bedestrian.com,av_operator,AV Validation Lead,"Ann Arbor, MI",Ann Arbor Area,Autonomous delivery vehicles face VRU and sidewalk edge cases our library already covers,https://www.bedestrian.com,LOW,pending,,,false
Applied Intuition,info@applied.co,sim_tool,Simulation Engineer,"Ann Arbor, MI",Ann Arbor Area,Their sim customers need curated third-party SOTIF edge-case content alongside generated scenarios,http://www.appliedintuition.com/news/applied-intuition-opens-ann-arbor-office,HIGH,pending,,,false
OPAL-RT Technologies,info@opal-rt.com,sim_tool,Simulation Engineer,"Ann Arbor, MI",Ann Arbor Area,Real-time HIL customers need ADAS edge-case scenarios to drive closed-loop test campaigns,https://www.opal-rt.com,HIGH,pending,,,false
Voxel51,info@voxel51.com,sim_tool,Perception Engineer,"Ann Arbor, MI",Ann Arbor Area,FiftyOne users curating AV perception datasets need labeled edge-case scenario data,https://voxel51.com,HIGH,pending,,,false
FAAC Incorporated,info@faac.com,sim_tool,Simulation Engineer,"Ann Arbor, MI",Ann Arbor Area,Driving simulator platforms need standardized edge-case scenarios for human-in-the-loop studies,https://www.faac.com,HIGH,pending,,,false
Modelon,info@modelon.com,sim_tool,Simulation Engineer,"Ann Arbor, MI",Ann Arbor Area,Modelon Impact system models pair with scenario libraries for vehicle-level safety studies,https://www.modelon.com,MED,pending,,,false
RedViking,info@redviking.com,sim_tool,Test Engineering Manager,"Plymouth, MI",Detroit Metro/Plymouth,HIL and end-of-line test systems need scenario-driven ADAS validation content,https://www.redviking.com,MED,pending,,,false
BETA CAE Systems USA,info@beta-cae.com,sim_tool,Simulation Engineer,"Farmington Hills, MI",Detroit Metro,CAE safety simulation workflows extend naturally into scenario-based ADAS validation,https://www.beta-cae.com,MED,pending,,,false
Michigan Scientific Corporation,info@michsci.com,sim_tool,Test Engineering Manager,"Milford, MI",Detroit Metro/Milford,Vehicle telemetry and measurement systems pair with scenario-based ADAS test protocols,https://www.michsci.com,MED,pending,,,false
MarkLines,info@marklines.com,sim_tool,V&V Manager,"Novi, MI",Novi Tech Corridor,ADAS benchmarking data customers need matching edge-case scenario definitions,https://www.marklines.com,LOW,pending,,,false
NSF International,info@nsf.org,certification,Functional Safety Manager,"Ann Arbor, MI",Ann Arbor Area,Automotive management-system auditing can extend into ISO 21448 scenario-based evidence review,https://www.nsf.org,MED,pending,,,false
Perry Johnson Registrars,info@pjr.com,certification,Safety Case Engineer,"Troy, MI",Detroit Metro/Troy,IATF and ISO audits increasingly touch functional safety and SOTIF process evidence,https://www.pjr.com,MED,pending,,,false
Automotive Industry Action Group,info@aiag.org,certification,Safety Case Engineer,"Southfield, MI",Detroit Metro/Southfield,Industry standards work on quality and cybersecurity pairs with SOTIF scenario references,https://www.aiag.org,MED,pending,,,false
M1 Concourse,info@m1concourse.com,certification,Test Engineering Manager,"Pontiac, MI",Detroit Metro/Pontiac,Private performance track used for OEM demos could host scenario-based ADAS demonstration days,https://www.m1concourse.com,LOW,pending,,,false
Michigan International Speedway,info@mispeedway.com,certification,Test Engineering Manager,"Brooklyn, MI",Mid-Michigan,Large closed course suits high-speed ADAS and AV edge-case demonstration testing,https://www.mispeedway.com,LOW,pending,,,false
GingerMan Raceway,info@gingermanraceway.com,certification,Test Engineering Manager,"South Haven, MI",West Michigan,Closed-course rental for OEM vehicle testing pairs with scenario-based ADAS test plans,https://www.gingermanraceway.com,LOW,pending,,,false
Munro & Associates,sales@leandesign.com,adas,ADAS Validation Lead,"Auburn Hills, MI",Auburn Hills Corridor,Teardown and benchmarking clients need matching ADAS performance edge-case data,http://leandesign.com/careers,MED,pending,,,false
A2MAC1 Americas,info@a2mac1.com,adas,ADAS Validation Lead,"Auburn Hills, MI",Auburn Hills Corridor,New Auburn Hills Customer Insights Center benchmarks ADAS content our scenarios can score,https://www.a2mac1.com,MED,pending,,,false
Caresoft Global,info@caresoftglobal.com,adas,V&V Manager,"Livonia, MI",Detroit Metro/Livonia,Vehicle benchmarking services need standardized ADAS edge-case test scenarios,https://www.caresoftglobal.com,MED,pending,,,false
Explico Engineering,info@explico.com,adas,Safety Case Engineer,"Novi, MI",Novi Tech Corridor,ADAS crash reconstruction work needs a reference library of triggering-condition scenarios,https://www.explico.com,MED,pending,,,false
Drive System Design,info@drivesystemdesign.com,adas,Functional Safety Manager,"Farmington Hills, MI",Detroit Metro,Safety-critical e-drive controls need ISO 26262 scenario-based validation content,https://drivesystemdesign.com,LOW,pending,,,false
Tata Consultancy Services,info@tcs.com,adas,V&V Manager,"Milford, MI",Detroit Metro/Milford,Large OEM engineering delivery in Michigan needs packaged ADAS edge-case validation content,https://www.tcs.com,MED,pending,,,false
GRIMM,info@grimmcyber.com,functionsafety,Safety Case Engineer,"Sparta, MI",West Michigan/Sparta,Their CAV security lab pairs naturally with SOTIF edge-case scenarios for combined assurance,https://grimmcyber.com,MED,pending,,,false
Merit Network,info@merit.edu,functionsafety,Research Director,"Ann Arbor, MI",Ann Arbor Area,Michigan Cyber Range and the Warren Cyber Hub need AV safety scenario content for exercises,https://www.merit.edu,MED,pending,,,false
Irdeto,info@irdeto.com,functionsafety,Safety Case Engineer,"Detroit, MI",Detroit Metro,Connected transport security practice needs SOTIF scenarios for joint safety and security cases,https://irdeto.com,MED,pending,,,false
Quality-One International,info@quality-one.com,functionsafety,Functional Safety Manager,"Livonia, MI",Detroit Metro/Livonia,FMEA and reliability consulting needs concrete SOTIF triggering-condition examples,https://quality-one.com,MED,pending,,,false
The Luminous Group,info@theluminousgroup.com,functionsafety,Functional Safety Manager,"Troy, MI",Detroit Metro/Troy,DFMEA and safety training clients need real edge-case scenario material,https://www.theluminousgroup.com,MED,pending,,,false
Michigan Tech Research Institute,info@mtri.org,research,Research Director,"Ann Arbor, MI",Ann Arbor Area,Connected vehicle and road-weather sensing research needs curated adverse-condition scenarios,https://mtri.org,HIGH,pending,,,false
National Advanced Mobility Consortium,info@namconsortium.org,research,Director of Autonomy,"Ann Arbor, MI",Ann Arbor Area,Army ground vehicle autonomy prototyping needs shared edge-case scenario standards,https://www.namconsortium.org,HIGH,pending,,,false
University of Michigan Robotics,info@robotics.umich.edu,research,Research Director,"Ann Arbor, MI",Ann Arbor/Ford Robotics Building,AV perception and planning research needs a curated edge-case benchmark set,https://robotics.umich.edu,HIGH,pending,,,false
Automotive Research Center University of Michigan,info@arc.engin.umich.edu,research,Simulation Engineer,"Ann Arbor, MI",Ann Arbor Area,Army-funded ground vehicle autonomy modeling and simulation needs validated edge-case scenarios,https://arc.engin.umich.edu,HIGH,pending,,,false
Center for Advanced Automotive Technology,info@autocaat.org,research,Research Director,"Warren, MI",Detroit Metro/Warren,Advanced automotive workforce center needs AV safety scenario teaching material,https://autocaat.org,MED,pending,,,false
NDIA Michigan Chapter,info@ndia-mich.org,research,Director of Autonomy,"Sterling Heights, MI",Detroit Metro/Sterling Heights,GVSETS community needs shared edge-case scenario standards for ground vehicle autonomy,https://www.ndia-mich.org,MED,pending,,,false
Road Commission for Oakland County,info@rcocweb.org,research,Safety Case Engineer,"Beverly Hills, MI",Detroit Metro,Connected signal and FAST-TRAC corridors need intersection conflict edge-case scenarios,https://www.rcocweb.org,MED,pending,,,false
Macomb County Department of Roads,roads@macombgov.org,research,Safety Case Engineer,"Mount Clemens, MI",Detroit Metro,Mound Road smart corridor work needs standardized AV conflict scenarios,https://roads.macombgov.org,LOW,pending,,,false
Washtenaw County Road Commission,info@wcroads.org,research,Safety Case Engineer,"Ann Arbor, MI",Ann Arbor Area,Roadside infrastructure supporting Ann Arbor CV deployments needs conflict scenario data,https://www.wcroads.org,LOW,pending,,,false
Kent County Road Commission,info@kentcountyroads.net,research,Safety Case Engineer,"Grand Rapids, MI",West Michigan/Grand Rapids,Lane marking and signage quality are real SOTIF triggering conditions for lane keeping,https://www.kentcountyroads.net,LOW,pending,,,false
City of Ann Arbor,info@a2gov.org,research,Safety Case Engineer,"Ann Arbor, MI",Ann Arbor Area,Ann Arbor connected vehicle test environment needs curated intersection edge cases,https://www.a2gov.org,MED,pending,,,false
Regional Transit Authority of Southeast Michigan,info@rtamichigan.org,research,Safety Case Engineer,"Detroit, MI",Detroit Metro,Regional transit AV pilots need documented edge-case safety evidence,https://www.rtamichigan.org,LOW,pending,,,false
Mass Transportation Authority Flint,info@mtaflint.org,research,Safety Case Engineer,"Flint, MI",Flint,Autonomous shuttle pilots with Kettering need independent edge-case validation,https://www.mtaflint.org,LOW,pending,,,false
Detroit Regional Partnership,info@detroitregionalpartnership.com,research,Research Director,"Detroit, MI",Detroit Metro,Mobility investment attraction can route AV safety tooling to incoming companies,https://detroitregionalpartnership.com,LOW,pending,,,false
Engineering Society of Detroit,info@esd.org,research,Research Director,"Southfield, MI",Detroit Metro/Southfield,Automotive engineering community programming needs practical SOTIF content,https://www.esd.org,LOW,pending,,,false
TechTown Detroit,info@techtowndetroit.org,research,Research Director,"Detroit, MI",Detroit Metro,Mobility startup portfolio needs affordable edge-case scenario libraries,https://techtowndetroit.org,LOW,pending,,,false
Square One Education Network,info@squareonenetwork.org,research,Research Director,"Warren, MI",Detroit Metro/Warren,Student autonomous vehicle challenges need real edge-case scenario curriculum,https://squareonenetwork.org,LOW,pending,,,false
Fontinalis Partners,info@fontinalis.com,research,Research Director,"Detroit, MI",Detroit/Corktown,Mobility investors can route edge-case validation tooling to AV portfolio companies,https://www.fontinalis.com,LOW,pending,,,false
The Right Place,info@rightplace.org,research,Research Director,"Grand Rapids, MI",West Michigan/Grand Rapids,West Michigan mobility supplier base needs shared AV safety validation resources,https://www.rightplace.org,LOW,pending,,,false
Lakeshore Advantage,info@lakeshoreadvantage.com,research,Research Director,"Zeeland, MI",West Michigan/Zeeland,Zeeland and Holland ADAS suppliers need shared safety validation resources,https://lakeshoreadvantage.com,LOW,pending,,,false
Michigan Manufacturers Association,info@mimfg.org,research,Research Director,"Lansing, MI",Lansing Capital Region,Supplier members entering ADAS content need practical SOTIF validation guidance,https://www.mimfg.org,LOW,pending,,,false
County Road Association of Michigan,info@micountyroads.org,research,Safety Case Engineer,"Lansing, MI",Lansing Capital Region,Road agency members shape the lane markings and signage AV perception depends on,https://micountyroads.org,LOW,pending,,,false
Michigan Infrastructure and Transportation Association,info@mi-ita.com,research,Safety Case Engineer,"Okemos, MI",Lansing Capital Region,Roadway construction zones are a top AV edge case our library covers explicitly,https://www.mi-ita.com,LOW,pending,,,false
Michigan Trucking Association,info@mitrucking.org,research,Safety Case Engineer,"Lansing, MI",Lansing Capital Region,Fleet adoption of truck ADAS needs independent edge-case performance evidence,https://www.mitrucking.org,LOW,pending,,,false
Michigan Center for Truck Safety,info@truckingsafety.org,research,Safety Case Engineer,"Lansing, MI",Lansing Capital Region,Heavy-truck safety training benefits from documented ADAS edge-case behavior,https://truckingsafety.org,LOW,pending,,,false
Michigan Automobile Dealers Association,info@michiganada.org,research,Research Director,"Lansing, MI",Lansing Capital Region,Dealer ADAS calibration practice needs reference cases for post-repair validation,https://www.michiganada.org,LOW,pending,,,false
Henry Ford College,info@hfcc.edu,research,Research Director,"Dearborn, MI",Detroit Metro/Dearborn,Automotive technology programs next to Ford need ADAS safety curriculum,https://www.hfcc.edu,LOW,pending,,,false
Oakland Community College,info@oaklandcc.edu,research,Research Director,"Auburn Hills, MI",Auburn Hills Corridor,Advanced automotive technology training needs ADAS validation teaching material,https://www.oaklandcc.edu,LOW,pending,,,false
Lansing Community College,info@lcc.edu,research,Research Director,"Lansing, MI",Lansing Capital Region,Mobility technician programs need AV safety scenario curriculum,https://www.lcc.edu,LOW,pending,,,false
Monroe County Community College,info@monroeccc.edu,research,Research Director,"Monroe, MI",Ottawa Lake Proving Ground Area,Proximity to the Ottawa Lake proving ground makes AV test training a natural fit,https://www.monroeccc.edu,LOW,pending,,,false
Schoolcraft College,info@schoolcraft.edu,research,Research Director,"Livonia, MI",Detroit Metro/Livonia,Manufacturing and automotive programs need ADAS validation teaching content,https://www.schoolcraft.edu,LOW,pending,,,false
Mott Community College,info@mcc.edu,research,Research Director,"Flint, MI",Flint,Automotive technology programs near Kettering need AV safety material,https://www.mcc.edu,LOW,pending,,,false
Grand Rapids Community College,info@grcc.edu,research,Research Director,"Grand Rapids, MI",West Michigan/Grand Rapids,Automotive and mechatronics training needs ADAS safety curriculum,https://www.grcc.edu,LOW,pending,,,false
Kalamazoo Valley Community College,info@kvcc.edu,research,Research Director,"Kalamazoo, MI",West Michigan/Kalamazoo,Automotive programs near Bendix and Eaton need commercial ADAS teaching content,https://www.kvcc.edu,LOW,pending,,,false
Delta College,info@delta.edu,research,Research Director,"University Center, MI",Mid-Michigan,Mechatronics programs near Nexteer need steering and ADAS safety material,https://www.delta.edu,LOW,pending,,,false
Wayne County Community College District,info@wcccd.edu,research,Research Director,"Detroit, MI",Detroit Metro,Detroit mobility workforce programs need AV safety scenario curriculum,https://www.wcccd.edu,LOW,pending,,,false
St Clair County Community College,info@sc4.edu,research,Research Director,"Port Huron, MI",Blue Water Corridor,Border-corridor freight technology programs need truck ADAS teaching content,https://www.sc4.edu,LOW,pending,,,false
Baker College,info@baker.edu,research,Research Director,"Flint, MI",Flint,Automotive service and diesel programs need ADAS calibration and safety content,https://www.baker.edu,LOW,pending,,,false
Northwood University,info@northwood.edu,research,Research Director,"Midland, MI",Mid-Michigan/Midland,Automotive aftermarket programs need ADAS validation and calibration literacy,https://www.northwood.edu,LOW,pending,,,false
University of Michigan-Flint,info@umflint.edu,research,Research Director,"Flint, MI",Flint,Engineering programs in the Flint auto corridor need AV safety scenario material,https://www.umflint.edu,LOW,pending,,,false
Central Michigan University,info@cmich.edu,research,Research Director,"Mount Pleasant, MI",Mid-Michigan,Engineering and autonomous systems projects need validated edge-case scenarios,https://www.cmich.edu,LOW,pending,,,false
Lake Superior State University,info@lssu.edu,research,Research Director,"Sault Ste. Marie, MI",Upper Peninsula,Robotics engineering programs need autonomy safety scenario content,https://www.lssu.edu,LOW,pending,,,false
Calvin University,info@calvin.edu,research,Research Director,"Grand Rapids, MI",West Michigan/Grand Rapids,Engineering senior design autonomous vehicle projects need edge-case scenarios,https://calvin.edu,LOW,pending,,,false
AUTOKINITON,info@autokiniton.com,tier1,Chief Engineer Body Structures,"New Boston, MI",Detroit Metro/New Boston,Body-in-white and frame structures need crash edge-case scenario evidence for OEM safety cases,https://www.autokiniton.com,MED,pending,,,false
HL Mando America Corporation,info@hlmando.com,tier1,ADAS Brake and Steering R&D Manager,"Novi, MI",Detroit Metro/Novi,Brake-by-wire and redundant steering for L3 need SOTIF triggering-condition scenario libraries,https://www.hlmando.com,HIGH,pending,,,false
HL Mechatronics,info@hallamechatronics.com,tier1,Functional Safety Engineer,"Auburn, MI",Great Lakes Bay/Auburn,Motor-control electronics for steering and braking need ISO 26262 fault-injection scenario evidence,https://hallamechatronics.com,MED,pending,,,false
Sumitomo Electric Wiring Systems,info@sewsus.com,tier1,Electrical Architecture Engineer,"Farmington Hills, MI",Detroit Metro/Farmington Hills,Zonal wiring and redundant AV power architectures need failure-mode scenario validation,https://www.sewsus.com,MED,pending,,,false
TRAM Inc (Tokai Rika Group),info@tramgroup.com,tier1,Safety Systems Engineer,"Plymouth, MI",Detroit Metro/Plymouth,Steering locks seat belts and driver switch HMI need SOTIF misuse and takeover scenario data,https://tramgroup.com,MED,pending,,,false
Electreon America,info@electreon.com,tier1,Program Manager Wireless Charging,"Detroit, MI",Detroit Metro/Corktown,Wireless charging roadway for AV shuttles needs edge-case scenarios for automated docking and traffic interaction,https://electreon.com,MED,pending,,,false
Michigan Israel Business Accelerator,info@michiganisrael.com,research,Executive Director,"Detroit, MI",Detroit Metro/Downtown,Israeli AV and inspection startups landing in Michigan need scenario data partners for OEM pilots,https://michiganisrael.com,LOW,pending,,,false
UVeye,info@uveye.com,certification,Automotive OEM Account Lead,"Livonia, MI",Detroit Metro/Livonia,Automated vehicle inspection for fleets needs edge-case defect and perception scenario datasets,https://www.uveye.com,MED,pending,,,false
Axalta Coating Systems,info@axalta.com,tier1,Advanced Mobility Coatings Manager,"Troy, MI",Detroit Metro/Troy,LiDAR-reflective and radar-transparent coatings need perception degradation scenarios for sensor sign-off,https://www.axalta.com,MED,pending,,,false
Metalsa,info@metalsa.com,tier1,Structural Safety Engineer,"Detroit, MI",Detroit Metro/Detroit,Chassis and body structures for EV and AV platforms need crash edge-case scenario evidence,https://www.metalsa.com,LOW,pending,,,false
Kirchhoff Automotive,info@kirchhoff-automotive.com,tier1,Crash Simulation Engineer,"Troy, MI",Detroit Metro/Troy,Metal safety structures need correlated crash and edge-case scenario libraries for OEM homologation,https://www.kirchhoff-automotive.com,MED,pending,,,false
Bridgewater Interiors,info@bridgewater-interiors.com,tier1,Occupant Safety Engineer,"Detroit, MI",Detroit Metro/Detroit,Seating and occupant restraint integration needs SOTIF occupant-state scenarios for L3 handover,https://www.bridgewater-interiors.com,LOW,pending,,,false
PPG Industries Automotive OEM Coatings,info@ppg.com,tier1,Automotive Coatings Technical Manager,"Troy, MI",Detroit Metro/Troy,Sensor-compatible coatings need adverse-weather perception scenarios for ADAS validation,https://www.ppg.com,MED,pending,,,false
Mobileye,info@mobileye.com,adas,AV Validation Lead,"Madison Heights, MI",Detroit Metro/Madison Heights,L4 robotaxi testing in Detroit needs regionally accurate edge-case scenarios for safety argumentation,https://www.mobileye.com,HIGH,pending,,,false
Fraunhofer USA,info@fraunhofer.org,research,Center Director,"Plymouth, MI",Detroit Metro/Plymouth,Applied research in sensors and coatings for mobility needs validated edge-case scenario datasets,https://www.fraunhofer.org,LOW,pending,,,false
Our Next Energy,info@one.ai,tier1,Battery Safety Systems Engineer,"Novi, MI",Detroit Metro/Novi,Battery management and thermal runaway safety need ISO 26262 fault and edge-case scenario evidence,https://www.one.ai,LOW,pending,,,false
